remark,"CSV-Import-Export"
remark,"Date = Tue Jul 21 14:35:25 2026"
remark,"Version = RSLogix 5000 v35.01"
remark,"Owner = "
remark,"Company = "
0.3
TYPE,SCOPE,NAME,DESCRIPTION,DATATYPE,SPECIFIER,ATTRIBUTES
TAG,,Z2_DCIB01:I,"","AB:PowerFlex525V_E2P_Drive:I:0","","(Class := Standard, ExternalAccess := Read/Write)"
TAG,,Z2_DCIB01:O,"","AB:PowerFlex525V_E2P_Drive:O:0","","(Class := Standard, ExternalAccess := Read/Write)"
TAG,,Z3_BFC01:I,"","AB:PowerFlex525V_E2P_Drive:I:0","","(Class := Standard, ExternalAccess := Read/Write)"
TAG,,Z3_BFC01:O,"","AB:PowerFlex525V_E2P_Drive:O:0","","(Class := Standard, ExternalAccess := Read/Write)"
TAG,,Z1_CM001:I,"","AB:PowerFlex525V_E2P_Drive:I:0","","(Class := Standard, ExternalAccess := Read/Write)"
TAG,,Z1_CM001:O,"","AB:PowerFlex525V_E2P_Drive:O:0","","(Class := Standard, ExternalAccess := Read/Write)"
TAG,,Z3_BSSC01:I,"","AB:PowerFlex525V_E2P_Drive:I:0","","(Class := Standard, ExternalAccess := Read/Write)"
TAG,,Z3_BSSC01:O,"","AB:PowerFlex525V_E2P_Drive:O:0","","(Class := Standard, ExternalAccess := Read/Write)"
TAG,,RIO02_Z2:10:C,"","AB:1734_DI8:C:0","","(Class := Standard, ExternalAccess := Read/Write)"
ALIAS,,RIO02_Z2:10:I,"","","RIO02_Z2:I.Data[10]","(RADIX := Binary, ExternalAccess := Read/Write)"
TAG,,RIO02_Z2:11:C,"","AB:1734_DO8_NoDiag:C:0","","(Class := Standard, ExternalAccess := Read/Write)"
ALIAS,,RIO02_Z2:11:I,"","","RIO02_Z2:I.Data[11]","(RADIX := Binary, ExternalAccess := Read/Write)"
ALIAS,,RIO02_Z2:11:O,"","","RIO02_Z2:O.Data[11]","(RADIX := Binary, ExternalAccess := Read/Write)"
TAG,,RIO02_Z2:12:C,"","AB:1734_DO8_NoDiag:C:0","","(Class := Standard, ExternalAccess := Read/Write)"
ALIAS,,RIO02_Z2:12:I,"","","RIO02_Z2:I.Data[12]","(RADIX := Binary, ExternalAccess := Read/Write)"
ALIAS,,RIO02_Z2:12:O,"","","RIO02_Z2:O.Data[12]","(RADIX := Binary, ExternalAccess := Read/Write)"
TAG,,RIO02_Z2:13:C,"","AB:1734_DO8_NoDiag:C:0","","(Class := Standard, ExternalAccess := Read/Write)"
ALIAS,,RIO02_Z2:13:I,"","","RIO02_Z2:I.Data[13]","(RADIX := Binary, ExternalAccess := Read/Write)"
ALIAS,,RIO02_Z2:13:O,"","","RIO02_Z2:O.Data[13]","(RADIX := Binary, ExternalAccess := Read/Write)"
TAG,,RIO02_Z2:14:C,"","AB:1734_DO8_NoDiag:C:0","","(Class := Standard, ExternalAccess := Read/Write)"
ALIAS,,RIO02_Z2:14:I,"","","RIO02_Z2:I.Data[14]","(RADIX := Binary, ExternalAccess := Read/Write)"
ALIAS,,RIO02_Z2:14:O,"","","RIO02_Z2:O.Data[14]","(RADIX := Binary, ExternalAccess := Read/Write)"
TAG,,RIO02_Z2:15:C,"","AB:1734_IE4:C:0","","(Class := Standard, ExternalAccess := Read/Write)"
TAG,,RIO02_Z2:15:I,"","AB:1734_IE4:I:0","","(Class := Standard, ExternalAccess := Read/Write)"
TAG,,RIO02_Z2:16:C,"","AB:1734_IE4:C:0","","(Class := Standard, ExternalAccess := Read/Write)"
TAG,,RIO02_Z2:16:I,"","AB:1734_IE4:I:0","","(Class := Standard, ExternalAccess := Read/Write)"
TAG,,RIO02_Z2:17:C,"","AB:1734_IE4:C:0","","(Class := Standard, ExternalAccess := Read/Write)"
TAG,,RIO02_Z2:17:I,"","AB:1734_IE4:I:0","","(Class := Standard, ExternalAccess := Read/Write)"
TAG,,RIO02_Z2:18:C,"","AB:1734_IE4:C:0","","(Class := Standard, ExternalAccess := Read/Write)"
TAG,,RIO02_Z2:18:I,"","AB:1734_IE4:I:0","","(Class := Standard, ExternalAccess := Read/Write)"
TAG,,RIO02_Z2:19:C,"","AB:1734_IR2:C:0","","(Class := Standard, ExternalAccess := Read/Write)"
TAG,,RIO02_Z2:19:I,"","AB:1734_IR2:I:0","","(Class := Standard, ExternalAccess := Read/Write)"
TAG,,RIO02_Z2:1:I,"","AB:1734_IB8S_Safety2:I:0","","(Class := Safety, ExternalAccess := Read/Write)"
TAG,,RIO02_Z2:1:O,"","AB:1734_IB8S:O:0","","(Class := Safety, ExternalAccess := Read/Write)"
TAG,,RIO02_Z2:20:C,"","AB:1734_OE2:C:0","","(Class := Standard, ExternalAccess := Read/Write)"
TAG,,RIO02_Z2:20:I,"","AB:1734_OE2:I:0","","(Class := Standard, ExternalAccess := Read/Write)"
TAG,,RIO02_Z2:20:O,"","AB:1734_OE2:O:0","","(Class := Standard, ExternalAccess := Read/Write)"
TAG,,RIO02_Z2:2:I,"","AB:1734_IB8S_Safety2:I:0","","(Class := Safety, ExternalAccess := Read/Write)"
TAG,,RIO02_Z2:2:O,"","AB:1734_IB8S:O:0","","(Class := Safety, ExternalAccess := Read/Write)"
TAG,,RIO02_Z2:3:I,"","AB:1734_OB8S_Safety1:I:0","","(Class := Safety, ExternalAccess := Read/Write)"
TAG,,RIO02_Z2:3:O,"","AB:1734_OB8S:O:0","","(Class := Safety, ExternalAccess := Read/Write)"
TAG,,RIO02_Z2:4:C,"","AB:1734_DI8:C:0","","(Class := Standard, ExternalAccess := Read/Write)"
ALIAS,,RIO02_Z2:4:I,"","","RIO02_Z2:I.Data[4]","(RADIX := Binary, ExternalAccess := Read/Write)"
TAG,,RIO02_Z2:5:C,"","AB:1734_DI8:C:0","","(Class := Standard, ExternalAccess := Read/Write)"
ALIAS,,RIO02_Z2:5:I,"","","RIO02_Z2:I.Data[5]","(RADIX := Binary, ExternalAccess := Read/Write)"
TAG,,RIO02_Z2:6:C,"","AB:1734_DI8:C:0","","(Class := Standard, ExternalAccess := Read/Write)"
ALIAS,,RIO02_Z2:6:I,"","","RIO02_Z2:I.Data[6]","(RADIX := Binary, ExternalAccess := Read/Write)"
TAG,,RIO02_Z2:7:C,"","AB:1734_DI8:C:0","","(Class := Standard, ExternalAccess := Read/Write)"
ALIAS,,RIO02_Z2:7:I,"","","RIO02_Z2:I.Data[7]","(RADIX := Binary, ExternalAccess := Read/Write)"
TAG,,RIO02_Z2:8:C,"","AB:1734_DI8:C:0","","(Class := Standard, ExternalAccess := Read/Write)"
ALIAS,,RIO02_Z2:8:I,"","","RIO02_Z2:I.Data[8]","(RADIX := Binary, ExternalAccess := Read/Write)"
TAG,,RIO02_Z2:9:C,"","AB:1734_DI8:C:0","","(Class := Standard, ExternalAccess := Read/Write)"
ALIAS,,RIO02_Z2:9:I,"","","RIO02_Z2:I.Data[9]","(RADIX := Binary, ExternalAccess := Read/Write)"
TAG,,RIO02_Z2:I,"","AB:1734_21SLOT:I:0","","(Class := Standard, ExternalAccess := Read/Write)"
TAG,,RIO02_Z2:O,"","AB:1734_21SLOT:O:0","","(Class := Standard, ExternalAccess := Read/Write)"
TAG,,Z3_Weighing_Indicator:I,"","ME:IND360_2BlockR:I:0","","(Class := Standard, ExternalAccess := Read/Write)"
TAG,,Z3_Weighing_Indicator:O,"","ME:IND360_2BlockW:O:0","","(Class := Standard, ExternalAccess := Read/Write)"
TAG,,Z3_MDC01:I,"","AB:PowerFlex525V_E2P_Drive:I:0","","(Class := Standard, ExternalAccess := Read/Write)"
TAG,,Z3_MDC01:O,"","AB:PowerFlex525V_E2P_Drive:O:0","","(Class := Standard, ExternalAccess := Read/Write)"
TAG,,Z3_MSV001:I,"","AB:PowerFlex525V_E2P_Drive:I:0","","(Class := Standard, ExternalAccess := Read/Write)"
TAG,,Z3_MSV001:O,"","AB:PowerFlex525V_E2P_Drive:O:0","","(Class := Standard, ExternalAccess := Read/Write)"
TAG,,RIO01_Z1:10:C,"","AB:1734_DO8_NoDiag:C:0","","(Class := Standard, ExternalAccess := Read/Write)"
ALIAS,,RIO01_Z1:10:I,"","","RIO01_Z1:I.Data[10]","(RADIX := Binary, ExternalAccess := Read/Write)"
ALIAS,,RIO01_Z1:10:O,"","","RIO01_Z1:O.Data[10]","(RADIX := Binary, ExternalAccess := Read/Write)"
TAG,,RIO01_Z1:11:C,"","AB:1734_DO8_NoDiag:C:0","","(Class := Standard, ExternalAccess := Read/Write)"
ALIAS,,RIO01_Z1:11:I,"","","RIO01_Z1:I.Data[11]","(RADIX := Binary, ExternalAccess := Read/Write)"
ALIAS,,RIO01_Z1:11:O,"","","RIO01_Z1:O.Data[11]","(RADIX := Binary, ExternalAccess := Read/Write)"
TAG,,RIO01_Z1:12:C,"","AB:1734_DO8_NoDiag:C:0","","(Class := Standard, ExternalAccess := Read/Write)"
ALIAS,,RIO01_Z1:12:I,"","","RIO01_Z1:I.Data[12]","(RADIX := Binary, ExternalAccess := Read/Write)"
ALIAS,,RIO01_Z1:12:O,"","","RIO01_Z1:O.Data[12]","(RADIX := Binary, ExternalAccess := Read/Write)"
TAG,,RIO01_Z1:13:C,"","AB:1734_DO8_NoDiag:C:0","","(Class := Standard, ExternalAccess := Read/Write)"
ALIAS,,RIO01_Z1:13:I,"","","RIO01_Z1:I.Data[13]","(RADIX := Binary, ExternalAccess := Read/Write)"
ALIAS,,RIO01_Z1:13:O,"","","RIO01_Z1:O.Data[13]","(RADIX := Binary, ExternalAccess := Read/Write)"
TAG,,RIO01_Z1:14:C,"","AB:1734_DO8_NoDiag:C:0","","(Class := Standard, ExternalAccess := Read/Write)"
ALIAS,,RIO01_Z1:14:I,"","","RIO01_Z1:I.Data[14]","(RADIX := Binary, ExternalAccess := Read/Write)"
ALIAS,,RIO01_Z1:14:O,"","","RIO01_Z1:O.Data[14]","(RADIX := Binary, ExternalAccess := Read/Write)"
TAG,,RIO01_Z1:15:C,"","AB:1734_IR2:C:0","","(Class := Standard, ExternalAccess := Read/Write)"
TAG,,RIO01_Z1:15:I,"","AB:1734_IR2:I:0","","(Class := Standard, ExternalAccess := Read/Write)"
TAG,,RIO01_Z1:1:I,"","AB:1734_IB8S_Safety2:I:0","","(Class := Safety, ExternalAccess := Read/Write)"
TAG,,RIO01_Z1:1:O,"","AB:1734_IB8S:O:0","","(Class := Safety, ExternalAccess := Read/Write)"
TAG,,RIO01_Z1:2:I,"","AB:1734_OB8S_Safety1:I:0","","(Class := Safety, ExternalAccess := Read/Write)"
TAG,,RIO01_Z1:2:O,"","AB:1734_OB8S:O:0","","(Class := Safety, ExternalAccess := Read/Write)"
TAG,,RIO01_Z1:3:C,"","AB:1734_DI8:C:0","","(Class := Standard, ExternalAccess := Read/Write)"
ALIAS,,RIO01_Z1:3:I,"","","RIO01_Z1:I.Data[3]","(RADIX := Binary, ExternalAccess := Read/Write)"
TAG,,RIO01_Z1:4:C,"","AB:1734_DI8:C:0","","(Class := Standard, ExternalAccess := Read/Write)"
ALIAS,,RIO01_Z1:4:I,"","","RIO01_Z1:I.Data[4]","(RADIX := Binary, ExternalAccess := Read/Write)"
TAG,,RIO01_Z1:5:C,"","AB:1734_DI8:C:0","","(Class := Standard, ExternalAccess := Read/Write)"
ALIAS,,RIO01_Z1:5:I,"","","RIO01_Z1:I.Data[5]","(RADIX := Binary, ExternalAccess := Read/Write)"
TAG,,RIO01_Z1:6:C,"","AB:1734_DI8:C:0","","(Class := Standard, ExternalAccess := Read/Write)"
ALIAS,,RIO01_Z1:6:I,"","","RIO01_Z1:I.Data[6]","(RADIX := Binary, ExternalAccess := Read/Write)"
TAG,,RIO01_Z1:7:C,"","AB:1734_DI8:C:0","","(Class := Standard, ExternalAccess := Read/Write)"
ALIAS,,RIO01_Z1:7:I,"","","RIO01_Z1:I.Data[7]","(RADIX := Binary, ExternalAccess := Read/Write)"
TAG,,RIO01_Z1:8:C,"","AB:1734_DI8:C:0","","(Class := Standard, ExternalAccess := Read/Write)"
ALIAS,,RIO01_Z1:8:I,"","","RIO01_Z1:I.Data[8]","(RADIX := Binary, ExternalAccess := Read/Write)"
TAG,,RIO01_Z1:9:C,"","AB:1734_DI8:C:0","","(Class := Standard, ExternalAccess := Read/Write)"
ALIAS,,RIO01_Z1:9:I,"","","RIO01_Z1:I.Data[9]","(RADIX := Binary, ExternalAccess := Read/Write)"
TAG,,RIO01_Z1:I,"","AB:1734_16SLOT:I:0","","(Class := Standard, ExternalAccess := Read/Write)"
TAG,,RIO01_Z1:O,"","AB:1734_16SLOT:O:0","","(Class := Standard, ExternalAccess := Read/Write)"
TAG,,Z1_CM002:I,"","AB:PowerFlex525V_E2P_Drive:I:0","","(Class := Standard, ExternalAccess := Read/Write)"
TAG,,Z1_CM002:O,"","AB:PowerFlex525V_E2P_Drive:O:0","","(Class := Standard, ExternalAccess := Read/Write)"
TAG,,Z3_BFBC01:I,"","AB:PowerFlex525V_E2P_Drive:I:0","","(Class := Standard, ExternalAccess := Read/Write)"
TAG,,Z3_BFBC01:O,"","AB:PowerFlex525V_E2P_Drive:O:0","","(Class := Standard, ExternalAccess := Read/Write)"
TAG,,Z3_MSV02:I,"","AB:PowerFlex525V_E2P_Drive:I:0","","(Class := Standard, ExternalAccess := Read/Write)"
TAG,,Z3_MSV02:O,"","AB:PowerFlex525V_E2P_Drive:O:0","","(Class := Standard, ExternalAccess := Read/Write)"
TAG,,Z1_SM001:I,"","AB:PowerFlex525V_E2P_Drive:I:0","","(Class := Standard, ExternalAccess := Read/Write)"
TAG,,Z1_SM001:O,"","AB:PowerFlex525V_E2P_Drive:O:0","","(Class := Standard, ExternalAccess := Read/Write)"
TAG,,Z1_ASCR001:I,"","AB:PowerFlex525V_E2P_Drive:I:0","","(Class := Standard, ExternalAccess := Read/Write)"
TAG,,Z1_ASCR001:O,"","AB:PowerFlex525V_E2P_Drive:O:0","","(Class := Standard, ExternalAccess := Read/Write)"
TAG,,Z3_BRC01:I,"","AB:PowerFlex525V_E2P_Drive:I:0","","(Class := Standard, ExternalAccess := Read/Write)"
TAG,,Z3_BRC01:O,"","AB:PowerFlex525V_E2P_Drive:O:0","","(Class := Standard, ExternalAccess := Read/Write)"
TAG,,Z3_BFTC01:I,"","AB:PowerFlex525V_E2P_Drive:I:0","","(Class := Standard, ExternalAccess := Read/Write)"
TAG,,Z3_BFTC01:O,"","AB:PowerFlex525V_E2P_Drive:O:0","","(Class := Standard, ExternalAccess := Read/Write)"
TAG,,Z3_IBC001:I,"","AB:PowerFlex525V_E2P_Drive:I:0","","(Class := Standard, ExternalAccess := Read/Write)"
TAG,,Z3_IBC001:O,"","AB:PowerFlex525V_E2P_Drive:O:0","","(Class := Standard, ExternalAccess := Read/Write)"
TAG,,RIO03_Z3:10:C,"","AB:1734_DI8:C:0","","(Class := Standard, ExternalAccess := Read/Write)"
ALIAS,,RIO03_Z3:10:I,"","","RIO03_Z3:I.Data[10]","(RADIX := Binary, ExternalAccess := Read/Write)"
COMMENT,,RIO03_Z3:10:I,"DI57_Tilting Station Bag Entry Sensor",,"RIO03_Z3:10:I.0"
COMMENT,,RIO03_Z3:10:I,"DI58_Stitching Station Bag Exit Sensor",,"RIO03_Z3:10:I.1"
COMMENT,,RIO03_Z3:10:I,"DI59_Stitching Station Thread Cutter Cylinder Fwd FB",,"RIO03_Z3:10:I.2"
COMMENT,,RIO03_Z3:10:I,"DI60_Stitching Station Thread Cutter Cylinder Rev FB",,"RIO03_Z3:10:I.3"
COMMENT,,RIO03_Z3:10:I,"DI61_Stitching Station Thread breake Detection Sensor-1",,"RIO03_Z3:10:I.4"
COMMENT,,RIO03_Z3:10:I,"DI62_Stitching Station Thread breake Detection Sensor-2",,"RIO03_Z3:10:I.5"
COMMENT,,RIO03_Z3:10:I,"DI63_Stitching Station Stitching Start Sensor",,"RIO03_Z3:10:I.6"
COMMENT,,RIO03_Z3:10:I,"DI64_Stitching Station Stitching StopSensor",,"RIO03_Z3:10:I.7"
TAG,,RIO03_Z3:11:C,"","AB:1734_DI8:C:0","","(Class := Standard, ExternalAccess := Read/Write)"
ALIAS,,RIO03_Z3:11:I,"","","RIO03_Z3:I.Data[11]","(RADIX := Binary, ExternalAccess := Read/Write)"
COMMENT,,RIO03_Z3:11:I,"DI65_Tilting Station Bag Exit Sensor",,"RIO03_Z3:11:I.0"
COMMENT,,RIO03_Z3:11:I,"DI66_Bag Flattner Station Bag Entry Sensor",,"RIO03_Z3:11:I.1"
COMMENT,,RIO03_Z3:11:I,"DI67_Bag Flattner Station Bag Exit Sensor",,"RIO03_Z3:11:I.2"
COMMENT,,RIO03_Z3:11:I,"DI68_Spare DI",,"RIO03_Z3:11:I.3"
COMMENT,,RIO03_Z3:11:I,"DI69_Spare DI",,"RIO03_Z3:11:I.4"
COMMENT,,RIO03_Z3:11:I,"DI70_Metal Detector Station Bag Entry Sensor",,"RIO03_Z3:11:I.5"
COMMENT,,RIO03_Z3:11:I,"DI71_Metal Detector Station Bag Exit Sensor",,"RIO03_Z3:11:I.6"
COMMENT,,RIO03_Z3:11:I,"DI72_Metal Detector FB",,"RIO03_Z3:11:I.7"
TAG,,RIO03_Z3:12:C,"","AB:1734_DI8:C:0","","(Class := Standard, ExternalAccess := Read/Write)"
ALIAS,,RIO03_Z3:12:I,"","","RIO03_Z3:I.Data[12]","(RADIX := Binary, ExternalAccess := Read/Write)"
COMMENT,,RIO03_Z3:12:I,"DI73_Rejection Station Bag Present Sensor",,"RIO03_Z3:12:I.0"
COMMENT,,RIO03_Z3:12:I,"DI74_Rejection Station Bag Entry Sensor",,"RIO03_Z3:12:I.1"
COMMENT,,RIO03_Z3:12:I,"DI75_Rejection Station Bag Exit Sensor",,"RIO03_Z3:12:I.2"
COMMENT,,RIO03_Z3:12:I,"DI76_Rejection Station Pusher Cyl Forward FB",,"RIO03_Z3:12:I.3"
COMMENT,,RIO03_Z3:12:I,"DI77_Rejection Station Pusher Cyl Reverse FB",,"RIO03_Z3:12:I.4"
COMMENT,,RIO03_Z3:12:I,"DI78_Spare DI",,"RIO03_Z3:12:I.5"
COMMENT,,RIO03_Z3:12:I,"DI79_Packing Zone Dust Collector Level High",,"RIO03_Z3:12:I.6"
COMMENT,,RIO03_Z3:12:I,"DI80_Dust Collector Discharge BFV Open FB",,"RIO03_Z3:12:I.7"
TAG,,RIO03_Z3:13:C,"","AB:1734_DI8:C:0","","(Class := Standard, ExternalAccess := Read/Write)"
ALIAS,,RIO03_Z3:13:I,"","","RIO03_Z3:I.Data[13]","(RADIX := Binary, ExternalAccess := Read/Write)"
COMMENT,,RIO03_Z3:13:I,"DI81_Dust Collector Discharge BFV Close FB",,"RIO03_Z3:13:I.0"
COMMENT,,RIO03_Z3:13:I,"DI82_Spare DI",,"RIO03_Z3:13:I.1"
COMMENT,,RIO03_Z3:13:I,"DI83_Spare DI",,"RIO03_Z3:13:I.2"
COMMENT,,RIO03_Z3:13:I,"DI84_Incliend Belt conveyor Disconnector FB",,"RIO03_Z3:13:I.3"
COMMENT,,RIO03_Z3:13:I,"DI85_Material Storage Vibro-1 Disconnector FB",,"RIO03_Z3:13:I.4"
COMMENT,,RIO03_Z3:13:I,"DI86_Material Storage Vibro-2 Disconnector FB",,"RIO03_Z3:13:I.5"
COMMENT,,RIO03_Z3:13:I,"DI87_Bag Filling Conveyor Disconnector FB",,"RIO03_Z3:13:I.6"
COMMENT,,RIO03_Z3:13:I,"DI88_Bag Sealing & Stiching Conveyor Disconnector FB",,"RIO03_Z3:13:I.7"
TAG,,RIO03_Z3:14:C,"","AB:1734_DI8:C:0","","(Class := Standard, ExternalAccess := Read/Write)"
ALIAS,,RIO03_Z3:14:I,"","","RIO03_Z3:I.Data[14]","(RADIX := Binary, ExternalAccess := Read/Write)"
COMMENT,,RIO03_Z3:14:I,"DI89_Bag Tilting Conveyor Disconnector FB",,"RIO03_Z3:14:I.0"
COMMENT,,RIO03_Z3:14:I,"DI90_Bag Flattening Bottom Conveyor Disconnector FB",,"RIO03_Z3:14:I.1"
COMMENT,,RIO03_Z3:14:I,"DI91_Bag Flattening Top Conveyor Disconnector FB",,"RIO03_Z3:14:I.2"
COMMENT,,RIO03_Z3:14:I,"DI92_Metal Detector Conveyor metal Detection FB",,"RIO03_Z3:14:I.3"
COMMENT,,RIO03_Z3:14:I,"DI93_Bag Rejection Conveyor Disconnector FB",,"RIO03_Z3:14:I.4"
COMMENT,,RIO03_Z3:14:I,"DI94_Spare",,"RIO03_Z3:14:I.5"
COMMENT,,RIO03_Z3:14:I,"DI95_Inclined Conveyor Start PB",,"RIO03_Z3:14:I.6"
COMMENT,,RIO03_Z3:14:I,"DI96_Inclined Conveyor Stop PB",,"RIO03_Z3:14:I.7"
TAG,,RIO03_Z3:15:C,"","AB:1734_DO8_NoDiag:C:0","","(Class := Standard, ExternalAccess := Read/Write)"
ALIAS,,RIO03_Z3:15:I,"","","RIO03_Z3:I.Data[15]","(RADIX := Binary, ExternalAccess := Read/Write)"
ALIAS,,RIO03_Z3:15:O,"","","RIO03_Z3:O.Data[15]","(RADIX := Binary, ExternalAccess := Read/Write)"
COMMENT,,RIO03_Z3:15:O,"DO01_Packing Tower Lamp Red",,"RIO03_Z3:15:O.0"
COMMENT,,RIO03_Z3:15:O,"DO02_Packing Tower Lamp Ambe",,"RIO03_Z3:15:O.1"
COMMENT,,RIO03_Z3:15:O,"DO03_Packing Tower Lamp Green",,"RIO03_Z3:15:O.2"
COMMENT,,RIO03_Z3:15:O,"DO04_Packing Tower Lamp Buzzer",,"RIO03_Z3:15:O.3"
COMMENT,,RIO03_Z3:15:O,"DO05_Packing System Start PB Green Lamp",,"RIO03_Z3:15:O.4"
COMMENT,,RIO03_Z3:15:O,"DO06_Packing System Reset PB Blue Lamp",,"RIO03_Z3:15:O.5"
COMMENT,,RIO03_Z3:15:O,"DO07_Packing System Safety Reset PB Yellow Lamp",,"RIO03_Z3:15:O.6"
COMMENT,,RIO03_Z3:15:O,"DO08_Spare",,"RIO03_Z3:15:O.7"
TAG,,RIO03_Z3:16:C,"","AB:1734_DO8_NoDiag:C:0","","(Class := Standard, ExternalAccess := Read/Write)"
ALIAS,,RIO03_Z3:16:I,"","","RIO03_Z3:I.Data[16]","(RADIX := Binary, ExternalAccess := Read/Write)"
ALIAS,,RIO03_Z3:16:O,"","","RIO03_Z3:O.Data[16]","(RADIX := Binary, ExternalAccess := Read/Write)"
COMMENT,,RIO03_Z3:16:O,"DO09_Electro Magnetic Coarse Vibro Enable",,"RIO03_Z3:16:O.0"
COMMENT,,RIO03_Z3:16:O,"DO10_Electro Magnetic Fine Vibro Enable",,"RIO03_Z3:16:O.1"
COMMENT,,RIO03_Z3:16:O,"DO11_Bag Stitching Motor Enable",,"RIO03_Z3:16:O.2"
COMMENT,,RIO03_Z3:16:O,"DO12_Bagging Zone Dust Collector Enable",,"RIO03_Z3:16:O.3"
COMMENT,,RIO03_Z3:16:O,"DO13_Spare",,"RIO03_Z3:16:O.4"
COMMENT,,RIO03_Z3:16:O,"DO14_Spare",,"RIO03_Z3:16:O.5"
COMMENT,,RIO03_Z3:16:O,"DO15_Spare",,"RIO03_Z3:16:O.6"
COMMENT,,RIO03_Z3:16:O,"DO16_Spare",,"RIO03_Z3:16:O.7"
TAG,,RIO03_Z3:17:C,"","AB:1734_DO8_NoDiag:C:0","","(Class := Standard, ExternalAccess := Read/Write)"
ALIAS,,RIO03_Z3:17:I,"","","RIO03_Z3:I.Data[17]","(RADIX := Binary, ExternalAccess := Read/Write)"
ALIAS,,RIO03_Z3:17:O,"","","RIO03_Z3:O.Data[17]","(RADIX := Binary, ExternalAccess := Read/Write)"
COMMENT,,RIO03_Z3:17:O,"DO17_Diverter Flap Cylinder FWD SOV",,"RIO03_Z3:17:O.0"
COMMENT,,RIO03_Z3:17:O,"DO18_Diverter Flap Cylinder REV SOV",,"RIO03_Z3:17:O.1"
COMMENT,,RIO03_Z3:17:O,"DO19_Filling Station Bag Clamp-1/2 Open SOV",,"RIO03_Z3:17:O.2"
COMMENT,,RIO03_Z3:17:O,"DO20_Filling Station Bag Clamp-1/2 Close SOV",,"RIO03_Z3:17:O.3"
COMMENT,,RIO03_Z3:17:O,"DO21_Filling Station Bag Side Flap-1/2 Open SOV",,"RIO03_Z3:17:O.4"
COMMENT,,RIO03_Z3:17:O,"DO22_Filling Station Bag Side Flap-1/2 Close SOV",,"RIO03_Z3:17:O.5"
COMMENT,,RIO03_Z3:17:O,"DO23_Filling Station Conveyor Up SOV",,"RIO03_Z3:17:O.6"
COMMENT,,RIO03_Z3:17:O,"DO24_Filling Station Conveyor Dn SOV",,"RIO03_Z3:17:O.7"
TAG,,RIO03_Z3:18:C,"","AB:1734_DO8_NoDiag:C:0","","(Class := Standard, ExternalAccess := Read/Write)"
ALIAS,,RIO03_Z3:18:I,"","","RIO03_Z3:I.Data[18]","(RADIX := Binary, ExternalAccess := Read/Write)"
ALIAS,,RIO03_Z3:18:O,"","","RIO03_Z3:O.Data[18]","(RADIX := Binary, ExternalAccess := Read/Write)"
COMMENT,,RIO03_Z3:18:O,"DO25_Stitching Station Thread Cutter Cylinder Fwd SOV",,"RIO03_Z3:18:O.0"
COMMENT,,RIO03_Z3:18:O,"DO26_Stitching Station Thread Cutter Cylinder Rev SOV",,"RIO03_Z3:18:O.1"
COMMENT,,RIO03_Z3:18:O,"DO27_Rejection Station Pusher Cyl Forward SOV",,"RIO03_Z3:18:O.2"
COMMENT,,RIO03_Z3:18:O,"DO28_Rejection Station Pusher Cyl Reverse SOV",,"RIO03_Z3:18:O.3"
COMMENT,,RIO03_Z3:18:O,"DO29_Spare",,"RIO03_Z3:18:O.4"
COMMENT,,RIO03_Z3:18:O,"DO30_Packing Zone Dust Collector PV01",,"RIO03_Z3:18:O.5"
COMMENT,,RIO03_Z3:18:O,"DO31_Packing Zone Dust Collector PV02",,"RIO03_Z3:18:O.6"
COMMENT,,RIO03_Z3:18:O,"DO32_Spare",,"RIO03_Z3:18:O.7"
TAG,,RIO03_Z3:19:C,"","AB:1734_DO8_NoDiag:C:0","","(Class := Standard, ExternalAccess := Read/Write)"
ALIAS,,RIO03_Z3:19:I,"","","RIO03_Z3:I.Data[19]","(RADIX := Binary, ExternalAccess := Read/Write)"
ALIAS,,RIO03_Z3:19:O,"","","RIO03_Z3:O.Data[19]","(RADIX := Binary, ExternalAccess := Read/Write)"
COMMENT,,RIO03_Z3:19:O,"DO33_Inclined Conveyor Start Lamp",,"RIO03_Z3:19:O.0"
COMMENT,,RIO03_Z3:19:O,"DO34_Spare",,"RIO03_Z3:19:O.1"
COMMENT,,RIO03_Z3:19:O,"DO35_Spare",,"RIO03_Z3:19:O.2"
COMMENT,,RIO03_Z3:19:O,"DO36_Spare",,"RIO03_Z3:19:O.3"
COMMENT,,RIO03_Z3:19:O,"DO37_Spare",,"RIO03_Z3:19:O.4"
COMMENT,,RIO03_Z3:19:O,"DO38_Spare",,"RIO03_Z3:19:O.5"
COMMENT,,RIO03_Z3:19:O,"DO39_Spare",,"RIO03_Z3:19:O.6"
COMMENT,,RIO03_Z3:19:O,"DO40$N_Spare",,"RIO03_Z3:19:O.7"
TAG,,RIO03_Z3:1:I,"","AB:1734_IB8S_Safety2:I:0","","(Class := Safety, ExternalAccess := Read/Write)"
TAG,,RIO03_Z3:1:O,"","AB:1734_IB8S:O:0","","(Class := Safety, ExternalAccess := Read/Write)"
TAG,,RIO03_Z3:20:C,"","AB:1734_IE4:C:0","","(Class := Standard, ExternalAccess := Read/Write)"
TAG,,RIO03_Z3:20:I,"","AB:1734_IE4:I:0","","(Class := Standard, ExternalAccess := Read/Write)"
TAG,,RIO03_Z3:21:C,"","AB:1734_OE4:C:0","","(Class := Standard, ExternalAccess := Read/Write)"
TAG,,RIO03_Z3:21:I,"","AB:1734_OE4:I:0","","(Class := Standard, ExternalAccess := Read/Write)"
TAG,,RIO03_Z3:21:O,"","AB:1734_OE4:O:0","","(Class := Standard, ExternalAccess := Read/Write)"
TAG,,RIO03_Z3:22:C,"","AB:1734_IR2:C:0","","(Class := Standard, ExternalAccess := Read/Write)"
TAG,,RIO03_Z3:22:I,"","AB:1734_IR2:I:0","","(Class := Standard, ExternalAccess := Read/Write)"
TAG,,RIO03_Z3:2:I,"","AB:1734_OB8S_Safety1:I:0","","(Class := Safety, ExternalAccess := Read/Write)"
TAG,,RIO03_Z3:2:O,"","AB:1734_OB8S:O:0","","(Class := Safety, ExternalAccess := Read/Write)"
TAG,,RIO03_Z3:3:C,"","AB:1734_DI8:C:0","","(Class := Standard, ExternalAccess := Read/Write)"
ALIAS,,RIO03_Z3:3:I,"","","RIO03_Z3:I.Data[3]","(RADIX := Binary, ExternalAccess := Read/Write)"
COMMENT,,RIO03_Z3:3:I,"DI01_Packing Start PB",,"RIO03_Z3:3:I.0"
COMMENT,,RIO03_Z3:3:I,"DI02_Packing Stop PB",,"RIO03_Z3:3:I.1"
COMMENT,,RIO03_Z3:3:I,"DI03_Packing System Reset PB",,"RIO03_Z3:3:I.2"
COMMENT,,RIO03_Z3:3:I,"DI04_Packing System Safety Reset PB",,"RIO03_Z3:3:I.3"
COMMENT,,RIO03_Z3:3:I,"DI05_Spare DI",,"RIO03_Z3:3:I.4"
COMMENT,,RIO03_Z3:3:I,"DI06_Spare",,"RIO03_Z3:3:I.5"
COMMENT,,RIO03_Z3:3:I,"DI07_Packing Air Pressure Switch",,"RIO03_Z3:3:I.6"
COMMENT,,RIO03_Z3:3:I,"DI08_Spare DI",,"RIO03_Z3:3:I.7"
TAG,,RIO03_Z3:4:C,"","AB:1734_DI8:C:0","","(Class := Standard, ExternalAccess := Read/Write)"
ALIAS,,RIO03_Z3:4:I,"","","RIO03_Z3:I.Data[4]","(RADIX := Binary, ExternalAccess := Read/Write)"
COMMENT,,RIO03_Z3:4:I,"DI09_Incliend Belt conveyor MPCB Healthy",,"RIO03_Z3:4:I.0"
COMMENT,,RIO03_Z3:4:I,"DI10_Material Storage Vibro-1 MPCB Healthy",,"RIO03_Z3:4:I.1"
COMMENT,,RIO03_Z3:4:I,"DI11_Material Storage Vibro-2 MPCB Healthy",,"RIO03_Z3:4:I.2"
COMMENT,,RIO03_Z3:4:I,"DI12_Bag Filling Conveyor MPCB Healthy",,"RIO03_Z3:4:I.3"
COMMENT,,RIO03_Z3:4:I,"DI13_Bag Sealing & Stiching Conveyor MPCB Healthy",,"RIO03_Z3:4:I.4"
COMMENT,,RIO03_Z3:4:I,"DI14_Bag Stitching Motor MPCB Healthy",,"RIO03_Z3:4:I.5"
COMMENT,,RIO03_Z3:4:I,"DI15_Bag Tilting Conveyor MPCB Healthy",,"RIO03_Z3:4:I.6"
COMMENT,,RIO03_Z3:4:I,"DI16_Bag Flattening Bottom Conveyor MPCB Healthy",,"RIO03_Z3:4:I.7"
TAG,,RIO03_Z3:5:C,"","AB:1734_DI8:C:0","","(Class := Standard, ExternalAccess := Read/Write)"
ALIAS,,RIO03_Z3:5:I,"","","RIO03_Z3:I.Data[5]","(RADIX := Binary, ExternalAccess := Read/Write)"
COMMENT,,RIO03_Z3:5:I,"DI17_Bag Flattening Top Conveyor MPCB Healthy",,"RIO03_Z3:5:I.0"
COMMENT,,RIO03_Z3:5:I,"DI18_Metal Detector Conveyor MPCB Healthy",,"RIO03_Z3:5:I.1"
COMMENT,,RIO03_Z3:5:I,"DI19_Bag Rejection Conveyor MPCB Healthy",,"RIO03_Z3:5:I.2"
COMMENT,,RIO03_Z3:5:I,"DI20_Bagging Zone Dust Collector MPCB Healthy",,"RIO03_Z3:5:I.3"
COMMENT,,RIO03_Z3:5:I,"DI21_Spare DI",,"RIO03_Z3:5:I.4"
COMMENT,,RIO03_Z3:5:I,"DI22_Spare DI",,"RIO03_Z3:5:I.5"
COMMENT,,RIO03_Z3:5:I,"DI23_Spare DI",,"RIO03_Z3:5:I.6"
COMMENT,,RIO03_Z3:5:I,"DI24_Spare DI",,"RIO03_Z3:5:I.7"
TAG,,RIO03_Z3:6:C,"","AB:1734_DI8:C:0","","(Class := Standard, ExternalAccess := Read/Write)"
ALIAS,,RIO03_Z3:6:I,"","","RIO03_Z3:I.Data[6]","(RADIX := Binary, ExternalAccess := Read/Write)"
COMMENT,,RIO03_Z3:6:I,"DI25_Spare DI",,"RIO03_Z3:6:I.0"
COMMENT,,RIO03_Z3:6:I,"DI26_Bag Stitching Motor Disconnector FB",,"RIO03_Z3:6:I.1"
COMMENT,,RIO03_Z3:6:I,"DI27_Bagging Zone Dust Collector Disconnector FB",,"RIO03_Z3:6:I.2"
COMMENT,,RIO03_Z3:6:I,"DI28_Spare DI",,"RIO03_Z3:6:I.3"
COMMENT,,RIO03_Z3:6:I,"DI29_Spare DI",,"RIO03_Z3:6:I.4"
COMMENT,,RIO03_Z3:6:I,"DI30_Spare DI",,"RIO03_Z3:6:I.5"
COMMENT,,RIO03_Z3:6:I,"DI31_Electro Magnetic Coarse Vibro Running F/B",,"RIO03_Z3:6:I.6"
COMMENT,,RIO03_Z3:6:I,"DI32_Electro Magnetic Fine Vibro Running F/B",,"RIO03_Z3:6:I.7"
TAG,,RIO03_Z3:7:C,"","AB:1734_DI8:C:0","","(Class := Standard, ExternalAccess := Read/Write)"
ALIAS,,RIO03_Z3:7:I,"","","RIO03_Z3:I.Data[7]","(RADIX := Binary, ExternalAccess := Read/Write)"
COMMENT,,RIO03_Z3:7:I,"DI33_Diverter Flap Cylinder FWD FB",,"RIO03_Z3:7:I.0"
COMMENT,,RIO03_Z3:7:I,"DI34_Diverter Flap Cylinder REV FB",,"RIO03_Z3:7:I.1"
COMMENT,,RIO03_Z3:7:I,"DI35_Filling Station Bag Clamp-1 Open FB",,"RIO03_Z3:7:I.2"
COMMENT,,RIO03_Z3:7:I,"DI36_Filling Station Bag Clamp-1 Close FB",,"RIO03_Z3:7:I.3"
COMMENT,,RIO03_Z3:7:I,"DI37_Filling Station Bag Clamp-2 Open FB",,"RIO03_Z3:7:I.4"
COMMENT,,RIO03_Z3:7:I,"DI38_Filling Station Bag Clamp-2 Close FB",,"RIO03_Z3:7:I.5"
COMMENT,,RIO03_Z3:7:I,"DI39_Filling Station Bag Side Flap-1 Open FB",,"RIO03_Z3:7:I.6"
COMMENT,,RIO03_Z3:7:I,"DI40_Filling Station Bag Side Flap-1 Close FB",,"RIO03_Z3:7:I.7"
TAG,,RIO03_Z3:8:C,"","AB:1734_DI8:C:0","","(Class := Standard, ExternalAccess := Read/Write)"
ALIAS,,RIO03_Z3:8:I,"","","RIO03_Z3:I.Data[8]","(RADIX := Binary, ExternalAccess := Read/Write)"
COMMENT,,RIO03_Z3:8:I,"DI41_Filling Station Bag Side Flap-2 Open FB",,"RIO03_Z3:8:I.0"
COMMENT,,RIO03_Z3:8:I,"DI42_Filling Station Bag Side Flap-2 Close FB",,"RIO03_Z3:8:I.1"
COMMENT,,RIO03_Z3:8:I,"DI43_Filling Station Bag Present Sensor",,"RIO03_Z3:8:I.2"
COMMENT,,RIO03_Z3:8:I,"DI44_Filling Station Bag Clamp Foot Switch",,"RIO03_Z3:8:I.3"
COMMENT,,RIO03_Z3:8:I,"DI45_Filling Station Filling Start/Stop PB",,"RIO03_Z3:8:I.4"
COMMENT,,RIO03_Z3:8:I,"DI46_Filling Station Conveyor Up FB",,"RIO03_Z3:8:I.5"
COMMENT,,RIO03_Z3:8:I,"DI47_Filling Station Conveyor Dn FB",,"RIO03_Z3:8:I.6"
COMMENT,,RIO03_Z3:8:I,"DI48_Spare DI",,"RIO03_Z3:8:I.7"
TAG,,RIO03_Z3:9:C,"","AB:1734_DI8:C:0","","(Class := Standard, ExternalAccess := Read/Write)"
ALIAS,,RIO03_Z3:9:I,"","","RIO03_Z3:I.Data[9]","(RADIX := Binary, ExternalAccess := Read/Write)"
COMMENT,,RIO03_Z3:9:I,"DI49_Sealing Station Bag Entry Sensor",,"RIO03_Z3:9:I.0"
COMMENT,,RIO03_Z3:9:I,"DI50_Sealing Station Bag Exit Sensor",,"RIO03_Z3:9:I.1"
COMMENT,,RIO03_Z3:9:I,"DI51_Sealing Station Band Sealer Machine Ready",,"RIO03_Z3:9:I.2"
COMMENT,,RIO03_Z3:9:I,"DI52_Sealing Station Band Sealer Machine Running",,"RIO03_Z3:9:I.3"
COMMENT,,RIO03_Z3:9:I,"DI53_Sealing Station Band Sealer Machine Temperature OK",,"RIO03_Z3:9:I.4"
COMMENT,,RIO03_Z3:9:I,"DI54_Sealing Conveyor Start Foot Switch",,"RIO03_Z3:9:I.5"
COMMENT,,RIO03_Z3:9:I,"DI55_Spare DI",,"RIO03_Z3:9:I.6"
COMMENT,,RIO03_Z3:9:I,"DI56_Stitching Station Cycle Start Foot Switch",,"RIO03_Z3:9:I.7"
TAG,,RIO03_Z3:I,"","AB:1734_23SLOT:I:0","","(Class := Standard, ExternalAccess := Read/Write)"
TAG,,RIO03_Z3:O,"","AB:1734_23SLOT:O:0","","(Class := Standard, ExternalAccess := Read/Write)"
TAG,,Z2_DHIB01:I,"","AB:PowerFlex525V_E2P_Drive:I:0","","(Class := Standard, ExternalAccess := Read/Write)"
TAG,,Z2_DHIB01:O,"","AB:PowerFlex525V_E2P_Drive:O:0","","(Class := Standard, ExternalAccess := Read/Write)"
TAG,,Z2_DCDC01:I,"","AB:PowerFlex525V_E2P_Drive:I:0","","(Class := Standard, ExternalAccess := Read/Write)"
TAG,,Z2_DCDC01:O,"","AB:PowerFlex525V_E2P_Drive:O:0","","(Class := Standard, ExternalAccess := Read/Write)"
TAG,,Z3_BTC01:I,"","AB:PowerFlex525V_E2P_Drive:I:0","","(Class := Standard, ExternalAccess := Read/Write)"
TAG,,Z3_BTC01:O,"","AB:PowerFlex525V_E2P_Drive:O:0","","(Class := Standard, ExternalAccess := Read/Write)"
TAG,,Z2_DOVF01:I,"","AB:PowerFlex525V_E2P_Drive:I:0","","(Class := Standard, ExternalAccess := Read/Write)"
TAG,,Z2_DOVF01:O,"","AB:PowerFlex525V_E2P_Drive:O:0","","(Class := Standard, ExternalAccess := Read/Write)"
TAG,,Z2_DCM01:I,"","AB:PowerFlex525V_E2P_Drive:I:0","","(Class := Standard, ExternalAccess := Read/Write)"
TAG,,Z2_DCM01:O,"","AB:PowerFlex525V_E2P_Drive:O:0","","(Class := Standard, ExternalAccess := Read/Write)"
TAG,,Z2_DHDC01:I,"","AB:PowerFlex525V_E2P_Drive:I:0","","(Class := Standard, ExternalAccess := Read/Write)"
TAG,,Z2_DHDC01:O,"","AB:PowerFlex525V_E2P_Drive:O:0","","(Class := Standard, ExternalAccess := Read/Write)"
TAG,,AI01_Gas_Burner_Inlet_Temp_Scaled_Value,"","REAL","","(Class := Standard, RADIX := Float, Constant := false, ExternalAccess := Read/Write)"
TAG,,AI01_MSV01_Level_Sensor_In_Range,"","BOOL","","(Class := Standard, RADIX := Decimal, Constant := false, ExternalAccess := Read/Write)"
TAG,,AI01_MSV01_Level_Sensor_Scaled_Value,"","REAL","","(Class := Standard, RADIX := Float, Constant := false, ExternalAccess := Read/Write)"
TAG,,AI02_Fine_Level_With_In_Range,"","BOOL","","(Class := Standard, RADIX := Decimal, Constant := false, ExternalAccess := Read/Write)"
TAG,,AI02_Fine_Vibro_Sensor_Scaled_Value,"","REAL","","(Class := Standard, RADIX := Float, Constant := false, ExternalAccess := Read/Write)"
TAG,,AI02_Gas_Burner_Outlet_Temp_Scaled_Value,"","REAL","","(Class := Standard, RADIX := Float, Constant := false, ExternalAccess := Read/Write)"
TAG,,AI03_Dryer_Heat_Zone1_Temp_High_Fault,"","BOOL","","(Class := Standard, RADIX := Decimal, Constant := false, ExternalAccess := Read/Write)"
TAG,,AI03_Dryer_Heat_Zone1_Temp_Low_Fault,"","BOOL","","(Class := Standard, RADIX := Decimal, Constant := false, ExternalAccess := Read/Write)"
TAG,,AI03_Dryer_Heat_Zone1_Temp_Scaled_Value,"","REAL","","(Class := Standard, RADIX := Float, Constant := false, ExternalAccess := Read/Write)"
TAG,,AI03_Dryer_Heat_Zone1_Temp_With_In_Range,"","BOOL","","(Class := Standard, RADIX := Decimal, Constant := false, ExternalAccess := Read/Write)"
TAG,,AI03_Dust_Collector_PT_High_SP,"","REAL","","(Class := Standard, RADIX := Float, Constant := false, ExternalAccess := Read/Write)"
TAG,,AI03_Dust_Collector_PT_Scaled_Value,"","REAL","","(Class := Standard, RADIX := Float, Constant := false, ExternalAccess := Read/Write)"
TAG,,AI03_Dust_Collector_PT_WithIn_Range,"","BOOL","","(Class := Standard, RADIX := Decimal, Constant := false, ExternalAccess := Read/Write)"
TAG,,AI04_Dryer_Heat_Zone2_Temp_High_Fault,"","BOOL","","(Class := Standard, RADIX := Decimal, Constant := false, ExternalAccess := Read/Write)"
TAG,,AI04_Dryer_Heat_Zone2_Temp_Low_Fault,"","BOOL","","(Class := Standard, RADIX := Decimal, Constant := false, ExternalAccess := Read/Write)"
TAG,,AI04_Dryer_Heat_Zone2_Temp_Scaled_Value,"","REAL","","(Class := Standard, RADIX := Float, Constant := false, ExternalAccess := Read/Write)"
TAG,,AI04_Dryer_Heat_Zone2_Temp_With_In_Range,"","BOOL","","(Class := Standard, RADIX := Decimal, Constant := false, ExternalAccess := Read/Write)"
TAG,,AI04_Dust_Collector_PT_Low_SP,"","REAL","","(Class := Standard, RADIX := Float, Constant := false, ExternalAccess := Read/Write)"
TAG,,AI04_Dust_Collector_PT_Scaled_Value,"","REAL","","(Class := Standard, RADIX := Float, Constant := false, ExternalAccess := Read/Write)"
TAG,,AI05_Dryer_Heat_Zone_3_Temp_High_Fault,"","BOOL","","(Class := Standard, RADIX := Decimal, Constant := false, ExternalAccess := Read/Write)"
TAG,,AI05_Dryer_Heat_Zone_3_Temp_Low_Fault,"","BOOL","","(Class := Standard, RADIX := Decimal, Constant := false, ExternalAccess := Read/Write)"
TAG,,AI05_Dryer_Heat_Zone_3_Temp_Scaled_Value,"","REAL","","(Class := Standard, RADIX := Float, Constant := false, ExternalAccess := Read/Write)"
TAG,,AI05_Dryer_Heat_Zone_3_Temp_WithIn_Range,"","BOOL","","(Class := Standard, RADIX := Decimal, Constant := false, ExternalAccess := Read/Write)"
TAG,,AI06_Cooling_Air_Inlet_Temp_Scaled_Value,"","REAL","","(Class := Standard, RADIX := Float, Constant := false, ExternalAccess := Read/Write)"
TAG,,AI07_Cool_Air_Outlet_Temp_Scaled_Value,"","REAL","","(Class := Standard, RADIX := Float, Constant := false, ExternalAccess := Read/Write)"
TAG,,AI08_Dryer_Cool_Zone_Temp_Scaled_Value,"","REAL","","(Class := Standard, RADIX := Float, Constant := false, ExternalAccess := Read/Write)"
TAG,,AI09_Dryer_Heat_Zn_UP_DC_PT_Scaled_Value,"","REAL","","(Class := Standard, RADIX := Float, Constant := false, ExternalAccess := Read/Write)"
TAG,,AI10_Dryer_Cool_Zn_UP_DC_PT_Scaled_Value,"","REAL","","(Class := Standard, RADIX := Float, Constant := false, ExternalAccess := Read/Write)"
TAG,,AI13_Dryer_Heat_Zn_Inlet_FT_Scaled_Value,"","REAL","","(Class := Standard, RADIX := Float, Constant := false, ExternalAccess := Read/Write)"
TAG,,Always_False,"","BOOL","","(Class := Standard, RADIX := Decimal, Constant := false, ExternalAccess := Read/Write)"
TAG,,Always_True,"","BOOL","","(Class := Standard, RADIX := Decimal, Constant := false, ExternalAccess := Read/Write)"
TAG,,Auto_Chopper01_Pu_Roller_Down_Bypass,"","BOOL","","(Class := Standard, RADIX := Decimal, Constant := false, ExternalAccess := Read/Write)"
TAG,,Auto_Chopper02_Pu_Roller_Down_Bypass,"","BOOL","","(Class := Standard, RADIX := Decimal, Constant := false, ExternalAccess := Read/Write)"
TAG,,Auto_Chopper_Cycle_Stopped,"","BOOL","","(Class := Standard, RADIX := Decimal, Constant := false, ExternalAccess := Read/Write)"
TAG,,Auto_Chopper_Stop_Delay,"","TIMER","","(Class := Standard, Constant := false, ExternalAccess := Read/Write)"
TAG,,Auto_Stitching_Motor_Start_Cmd,"","BOOL","","(Class := Standard, RADIX := Decimal, Constant := false, ExternalAccess := Read/Write)"
TAG,,Auto_Stitching_Thread_Cut_Start_Cmd,"","BOOL","","(Class := Standard, RADIX := Decimal, Constant := false, ExternalAccess := Read/Write)"
TAG,,Bag_Filling_Cycle_Time,"","FB14_Cycle_Time","","(Class := Standard, Constant := false, ExternalAccess := Read/Write)"
TAG,,Bag_Production_Count_Reset,"","BOOL","","(Class := Standard, RADIX := Decimal, Constant := false, ExternalAccess := Read/Write)"
TAG,,Bag_Rejection_Set,"","BOOL","","(Class := Standard, RADIX := Decimal, Constant := false, ExternalAccess := Read/Write)"
TAG,,Bag_Stitching_Motor_Bypass,"","BOOL","","(Class := Standard, RADIX := Decimal, Constant := false, ExternalAccess := Read/Write)"
TAG,,Bag_Tare_Weight,"","REAL","","(Class := Standard, RADIX := Float, Constant := false, ExternalAccess := Read/Write)"
TAG,,Bag_Weight_Data,"","FB30_Data_Record","","(Class := Standard, Constant := false, ExternalAccess := Read/Write)"
TAG,,BURNER,"","SCP","","(Class := Standard, Constant := false, ExternalAccess := Read/Write)"
TAG,,BurnerLowFlame,"","BOOL","","(Class := Standard, RADIX := Decimal, Constant := false, ExternalAccess := Read/Write)"
TAG,,BurnerONFromBurner,"","BOOL","","(Class := Standard, RADIX := Decimal, Constant := false, ExternalAccess := Read/Write)"
TAG,,Burner_Analog_Input,"","REAL","","(Class := Standard, RADIX := Float, Constant := false, ExternalAccess := Read/Write)"
TAG,,BURNER_ENABLE,"","BOOL","","(Class := Standard, RADIX := Decimal, Constant := false, ExternalAccess := Read/Write)"
TAG,,Burner_Fault_FB,"","BOOL","","(Class := Standard, RADIX := Decimal, Constant := false, ExternalAccess := Read/Write)"
TAG,,Burner_High_Flam_Signal,"","DINT","","(Class := Standard, RADIX := Decimal, Constant := false, ExternalAccess := Read/Write)"
TAG,,Burner_Low_Flam_Signal,"","DINT","","(Class := Standard, RADIX := Decimal, Constant := false, ExternalAccess := Read/Write)"
TAG,,BURNER_ON,"","TIMER","","(Class := Standard, Constant := false, ExternalAccess := Read/Write)"
TAG,,Burner_test_Mode,"","BOOL","","(Class := Standard, RADIX := Decimal, Constant := false, ExternalAccess := Read/Write)"
TAG,,Butterfly_Valve,"","SCP","","(Class := Standard, Constant := false, ExternalAccess := Read/Write)"
TAG,,Bypass_Trial,"","BOOL","","(Class := Standard, RADIX := Decimal, Constant := false, ExternalAccess := Read/Write)"
TAG,,Chopper01_PU_Cylinder_Fwd_FB_Absent,"","BOOL","","(Class := Standard, RADIX := Decimal, Constant := false, ExternalAccess := Read/Write)"
TAG,,Chopper01_Sensor_Fwd_Delay,"","TIMER","","(Class := Standard, Constant := false, ExternalAccess := Read/Write)"
TAG,,Chopper02_PU_Cylinder_Fwd_FB_Absent,"","BOOL","","(Class := Standard, RADIX := Decimal, Constant := false, ExternalAccess := Read/Write)"
TAG,,Chopper02_Sensor_Fwd_Delay,"","TIMER","","(Class := Standard, Constant := false, ExternalAccess := Read/Write)"
TAG,,Chopper1_Pu_Cylinder_Fwd_Set,"","BOOL","","(Class := Standard, RADIX := Decimal, Constant := false, ExternalAccess := Read/Write)"
TAG,,Chopper1_Pu_Cylinder_Rev_Set,"","BOOL","","(Class := Standard, RADIX := Decimal, Constant := false, ExternalAccess := Read/Write)"
TAG,,Chopper2_Pu_Cylinder_Fwd_Set,"","BOOL","","(Class := Standard, RADIX := Decimal, Constant := false, ExternalAccess := Read/Write)"
TAG,,Chopper2_Pu_Cylinder_Rev_Set,"","BOOL","","(Class := Standard, RADIX := Decimal, Constant := false, ExternalAccess := Read/Write)"
TAG,,CHopper_1_Chopping_Cycle_Selction,"","BOOL","","(Class := Standard, RADIX := Decimal, Constant := false, ExternalAccess := Read/Write)"
TAG,,Chopper_1_Chopping_Cycle_Start,"","BOOL","","(Class := Standard, RADIX := Decimal, Constant := false, ExternalAccess := Read/Write)"
TAG,,Chopper_2_Chopping_Cycle_Selction,"","BOOL","","(Class := Standard, RADIX := Decimal, Constant := false, ExternalAccess := Read/Write)"
TAG,,Chopper_2_Chopping_Cycle_Start,"","BOOL","","(Class := Standard, RADIX := Decimal, Constant := false, ExternalAccess := Read/Write)"
TAG,,Chopper_Cooling_Zn_Temp_High_SP,"","REAL","","(Class := Standard, RADIX := Float, Constant := false, ExternalAccess := Read/Write)"
TAG,,Chopper_Cooling_Zn_Temp_High_Tol_SP,"","REAL","","(Class := Standard, RADIX := Float, Constant := false, ExternalAccess := Read/Write)"
TAG,,Chopper_Cooling_Zn_Temp_Low_SP,"","REAL","","(Class := Standard, RADIX := Float, Constant := false, ExternalAccess := Read/Write)"
TAG,,Chopper_Cooling_Zn_Temp_Low_Tol_SP,"","REAL","","(Class := Standard, RADIX := Float, Constant := false, ExternalAccess := Read/Write)"
TAG,,Chopper_Door_Switch_1,"","FB17_SafetyDoorLogic","","(Class := Standard, Constant := false, ExternalAccess := Read/Write)"
TAG,,Chopper_Door_Switch_1_DoorOpenCoilOn,"","BOOL","","(Class := Standard, RADIX := Decimal, Constant := false, ExternalAccess := Read/Write)"
TAG,,Chopper_Door_Switch_2,"","FB17_SafetyDoorLogic","","(Class := Standard, Constant := false, ExternalAccess := Read/Write)"
TAG,,Chopper_Door_Switch_2_DoorOpenCoilOn,"","BOOL","","(Class := Standard, RADIX := Decimal, Constant := false, ExternalAccess := Read/Write)"
TAG,,Chopper_Heating_Zn_Temp_High_SP,"","REAL","","(Class := Standard, RADIX := Float, Constant := false, ExternalAccess := Read/Write)"
TAG,,Chopper_Heating_Zn_Temp_High_Tol_SP,"","REAL","","(Class := Standard, RADIX := Float, Constant := false, ExternalAccess := Read/Write)"
TAG,,Chopper_Heating_Zn_Temp_Low_SP,"","REAL","","(Class := Standard, RADIX := Float, Constant := false, ExternalAccess := Read/Write)"
TAG,,Chopper_Heating_Zn_Temp_Low_Tol_SP,"","REAL","","(Class := Standard, RADIX := Float, Constant := false, ExternalAccess := Read/Write)"
TAG,,Coarse_Fill_Running,"","BOOL","","(Class := Standard, RADIX := Decimal, Constant := false, ExternalAccess := Read/Write)"
TAG,,Coarse_Vibro_Bypass,"","BOOL","","(Class := Standard, RADIX := Decimal, Constant := false, ExternalAccess := Read/Write)"
TAG,,control_valve_output,"","REAL","","(Class := Standard, RADIX := Float, Constant := false, ExternalAccess := Read/Write)"
TAG,,CoolingZone_Temp_High_Limit,"","DINT","","(Class := Standard, RADIX := Decimal, Constant := false, ExternalAccess := Read/Write)"
TAG,,CoolingZone_Temp_Low_Limit,"","REAL","","(Class := Standard, RADIX := Float, Constant := false, ExternalAccess := Read/Write)"
TAG,,Cooling_Air_Inlet_Temp_High_SP,"","REAL","","(Class := Standard, RADIX := Float, Constant := false, ExternalAccess := Read/Write)"
TAG,,Cooling_Air_Inlet_Temp_Low_SP,"","REAL","","(Class := Standard, RADIX := Float, Constant := false, ExternalAccess := Read/Write)"
TAG,,Cooling_Air_Inlet_Temp_temp_High_fault,"","BOOL","","(Class := Standard, RADIX := Decimal, Constant := false, ExternalAccess := Read/Write)"
TAG,,Cooling_Air_Inlet_Temp_temp_low_fault,"","BOOL","","(Class := Standard, RADIX := Decimal, Constant := false, ExternalAccess := Read/Write)"
TAG,,Cooling_Air_Inlet_Temp_With_In_Range,"","BOOL","","(Class := Standard, RADIX := Decimal, Constant := false, ExternalAccess := Read/Write)"
TAG,,Cooling_Air_OutIet_Temp_Low_SP,"","REAL","","(Class := Standard, RADIX := Float, Constant := false, ExternalAccess := Read/Write)"
TAG,,Cooling_Air_Outlet_Temp_High_SP,"","REAL","","(Class := Standard, RADIX := Float, Constant := false, ExternalAccess := Read/Write)"
TAG,,Cooling_Air_outlet_Temp_temp_High_fault,"","BOOL","","(Class := Standard, RADIX := Decimal, Constant := false, ExternalAccess := Read/Write)"
TAG,,Cooling_Air_outlet_Temp_temp_low_fault,"","BOOL","","(Class := Standard, RADIX := Decimal, Constant := false, ExternalAccess := Read/Write)"
TAG,,Cooling_Air_Outlet_Temp_With_In_Range,"","BOOL","","(Class := Standard, RADIX := Decimal, Constant := false, ExternalAccess := Read/Write)"
TAG,,Cooling_Zn_Chopper_Ready,"","BOOL","","(Class := Standard, RADIX := Decimal, Constant := false, ExternalAccess := Read/Write)"
TAG,,Cooling_Zn_DC_ON_Dealy,"","TIMER","","(Class := Standard, Constant := false, ExternalAccess := Read/Write)"
TAG,,Cooling_Zone_DC_PT_Diff_with_In_Range,"","BOOL","","(Class := Standard, RADIX := Decimal, Constant := false, ExternalAccess := Read/Write)"
TAG,,Cooling_Zone_Temp_Scaled_PV,"","REAL","","(Class := Standard, RADIX := Float, Constant := false, ExternalAccess := Read/Write)"
TAG,,Cooling_Zone_Temp_Within_Range,"","BOOL","","(Class := Standard, RADIX := Decimal, Constant := false, ExternalAccess := Read/Write)"
TAG,,Coolong_Zone_DC_PT_Difference,"","REAL","","(Class := Standard, RADIX := Float, Constant := false, ExternalAccess := Read/Write)"
TAG,,Coolong_Zone_DC_PT_Difference_High_SP,"","REAL","","(Class := Standard, RADIX := Float, Constant := false, ExternalAccess := Read/Write)"
TAG,,Coolong_Zone_DC_PT_Difference_low_SP,"","REAL","","(Class := Standard, RADIX := Float, Constant := false, ExternalAccess := Read/Write)"
TAG,,CVF_Auto_Speed_Coarse_Mode,"","REAL","","(Class := Standard, RADIX := Float, Constant := false, ExternalAccess := Read/Write)"
TAG,,CVF_Auto_Speed_Fine_Mode,"","REAL","","(Class := Standard, RADIX := Float, Constant := false, ExternalAccess := Read/Write)"
TAG,,DCDC_Fun_RuFB_Timer1,"","TIMER","","(Class := Standard, Constant := false, ExternalAccess := Read/Write)"
TAG,,DCDC_Fun_RuFB_Timer2,"","TIMER","","(Class := Standard, Constant := false, ExternalAccess := Read/Write)"
TAG,,DCDC_Run_RuFB_Absent,"","BOOL","","(Class := Standard, RADIX := Decimal, Constant := false, ExternalAccess := Read/Write)"
TAG,,DCM_Start_Delay,"","TIMER","","(Class := Standard, Constant := false, ExternalAccess := Read/Write)"
TAG,,DHDC_Fun_RuFB_Timer1,"","TIMER","","(Class := Standard, Constant := false, ExternalAccess := Read/Write)"
TAG,,DHDC_Fun_RuFB_Timer2,"","TIMER","","(Class := Standard, Constant := false, ExternalAccess := Read/Write)"
TAG,,DHDC_RPM,"","DINT","","(Class := Standard, RADIX := Decimal, Constant := false, ExternalAccess := Read/Write)"
TAG,,DHDC_Run_RuFB_Absent,"","BOOL","","(Class := Standard, RADIX := Decimal, Constant := false, ExternalAccess := Read/Write)"
TAG,,DHIC_Fun_RuFB_Timer1,"","TIMER","","(Class := Standard, Constant := false, ExternalAccess := Read/Write)"
TAG,,DHIC_Fun_RuFB_Timer2,"","TIMER","","(Class := Standard, Constant := false, ExternalAccess := Read/Write)"
TAG,,DHIC_Run_RuFB_Absent,"","BOOL","","(Class := Standard, RADIX := Decimal, Constant := false, ExternalAccess := Read/Write)"
TAG,,DI41_Counter,"","COUNTER","","(Class := Standard, Constant := false, ExternalAccess := Read/Write)"
TAG,,DI41_ONS,"","BOOL","","(Class := Standard, RADIX := Decimal, Constant := false, ExternalAccess := Read/Write)"
TAG,,DI41_Pulse,"","BOOL","","(Class := Standard, RADIX := Decimal, Constant := false, ExternalAccess := Read/Write)"
TAG,,DI41_RPM,"","INT","","(Class := Standard, RADIX := Decimal, Constant := false, ExternalAccess := Read/Write)"
TAG,,DI41_Timer,"","TIMER","","(Class := Standard, Constant := false, ExternalAccess := Read/Write)"
TAG,,DLR01_AOI,"","DLR_AOI","","(Class := Standard, Constant := false, ExternalAccess := Read/Write)"
TAG,,DLR01_Parameters,"","DLR_HMI","","(Class := Standard, Constant := false, ExternalAccess := Read/Write)"
TAG,,DLR01_Path,"","STRING","","(Class := Standard, Constant := false, ExternalAccess := Read/Write)"
TAG,,Dryer_Conveyor_Belt_Shift_Delay,"","TIMER","","(Class := Standard, Constant := false, ExternalAccess := Read/Write)"
TAG,,Dryer_Conveyor_Belt_Tension_Delay,"","TIMER","","(Class := Standard, Constant := false, ExternalAccess := Read/Write)"
TAG,,Dryer_Cooling_Zone_DC_Level_High,"","BOOL","","(Class := Standard, RADIX := Decimal, Constant := false, ExternalAccess := Read/Write)"
TAG,,Dryer_Cooling_Zone_Dust_Collector_PV01,"","VALVE_PULSE","","(Class := Standard, Constant := false, ExternalAccess := Read/Write)"
TAG,,Dryer_Cooling_Zone_Dust_Collector_PV02,"","VALVE_PULSE","","(Class := Standard, Constant := false, ExternalAccess := Read/Write)"
TAG,,Dryer_Cooling_Zone_Dust_Collector_PV03,"","VALVE_PULSE","","(Class := Standard, Constant := false, ExternalAccess := Read/Write)"
TAG,,Dryer_Cooling_Zone_Temp_High_SP,"","REAL","","(Class := Standard, RADIX := Float, Constant := false, ExternalAccess := Read/Write)"
TAG,,Dryer_Cooling_Zone_Temp_Low_SP,"","REAL","","(Class := Standard, RADIX := Float, Constant := false, ExternalAccess := Read/Write)"
TAG,,Dryer_Cool_Zone_DC_PT_High_SP,"","REAL","","(Class := Standard, RADIX := Float, Constant := false, ExternalAccess := Read/Write)"
TAG,,Dryer_Cool_Zone_DC_PT_Low_SP,"","REAL","","(Class := Standard, RADIX := Float, Constant := false, ExternalAccess := Read/Write)"
TAG,,Dryer_Cool_Zone_DC_PT_Within_Range,"","BOOL","","(Class := Standard, RADIX := Decimal, Constant := false, ExternalAccess := Read/Write)"
TAG,,Dryer_Cool_Zone_DN_DC_PT_High_SP,"","REAL","","(Class := Standard, RADIX := Float, Constant := false, ExternalAccess := Read/Write)"
TAG,,Dryer_Cool_Zone_DN_DC_PT_Low_SP,"","REAL","","(Class := Standard, RADIX := Float, Constant := false, ExternalAccess := Read/Write)"
TAG,,Dryer_Cool_Zone_Temp_High_Fault,"","BOOL","","(Class := Standard, RADIX := Decimal, Constant := false, ExternalAccess := Read/Write)"
TAG,,Dryer_Cool_Zone_Temp_Low_Fault,"","BOOL","","(Class := Standard, RADIX := Decimal, Constant := false, ExternalAccess := Read/Write)"
TAG,,Dryer_Cool_Zone_Temp_Within_Range,"","BOOL","","(Class := Standard, RADIX := Decimal, Constant := false, ExternalAccess := Read/Write)"
TAG,,Dryer_Gas_Inlet_FT_High_SP,"","REAL","","(Class := Standard, RADIX := Float, Constant := false, ExternalAccess := Read/Write)"
TAG,,Dryer_Heating_Zone_DC_Level_High,"","BOOL","","(Class := Standard, RADIX := Decimal, Constant := false, ExternalAccess := Read/Write)"
TAG,,Dryer_Heating_Zone_Dust_Collector_PV01,"","VALVE_PULSE","","(Class := Standard, Constant := false, ExternalAccess := Read/Write)"
TAG,,Dryer_Heating_Zone_Dust_Collector_PV02,"","VALVE_PULSE","","(Class := Standard, Constant := false, ExternalAccess := Read/Write)"
TAG,,Dryer_Heating_Zone_Dust_Collector_PV03,"","VALVE_PULSE","","(Class := Standard, Constant := false, ExternalAccess := Read/Write)"
TAG,,Dryer_Heat_Zn_Inlet_FT_High_SP,"","REAL","","(Class := Standard, RADIX := Float, Constant := false, ExternalAccess := Read/Write)"
TAG,,Dryer_Heat_Zn_Inlet_FT_Low_SP,"","REAL","","(Class := Standard, RADIX := Float, Constant := false, ExternalAccess := Read/Write)"
TAG,,Dryer_Heat_Zn_Inlet_FT_Within_range,"","BOOL","","(Class := Standard, RADIX := Decimal, Constant := false, ExternalAccess := Read/Write)"
TAG,,Dryer_Heat_Zn_Outlet_FT_Low_SP,"","REAL","","(Class := Standard, RADIX := Float, Constant := false, ExternalAccess := Read/Write)"
TAG,,Dryer_Heat_Zone_DN_DC_PT_High_SP,"","REAL","","(Class := Standard, RADIX := Float, Constant := false, ExternalAccess := Read/Write)"
TAG,,Dryer_Heat_Zone_DN_DC_PT_Low_SP,"","REAL","","(Class := Standard, RADIX := Float, Constant := false, ExternalAccess := Read/Write)"
TAG,,Dryer_Heat_Zone_UP_DC_PT_High_SP,"","REAL","","(Class := Standard, RADIX := Float, Constant := false, ExternalAccess := Read/Write)"
TAG,,Dryer_Heat_Zone_UP_DC_PT_Low_SP,"","REAL","","(Class := Standard, RADIX := Float, Constant := false, ExternalAccess := Read/Write)"
TAG,,Dryer_Heat_Zone_UP_DC_PT_Within_Range,"","BOOL","","(Class := Standard, RADIX := Decimal, Constant := false, ExternalAccess := Read/Write)"
TAG,,Dust_Collector_Motor_Bypass,"","BOOL","","(Class := Standard, RADIX := Decimal, Constant := false, ExternalAccess := Read/Write)"
TAG,,E030_Panel_Temp_High,"","BOOL","","(Class := Standard, RADIX := Decimal, Constant := false, ExternalAccess := Read/Write)"
TAG,,E161_Z2_Panel_Temp_High,"","BOOL","","(Class := Standard, RADIX := Decimal, Constant := false, ExternalAccess := Read/Write)"
TAG,,FB_CT_R3000,"","FB14_Cycle_Time","","(Class := Standard, Constant := false, ExternalAccess := Read/Write)"
TAG,,FB_CT_R3010,"","FB14_Cycle_Time","","(Class := Standard, Constant := false, ExternalAccess := Read/Write)"
TAG,,FB_Sensor_DI43,"","FB10_Sensor_Monitoring","","(Class := Standard, Constant := false, ExternalAccess := Read/Write)"
TAG,,FB_Sensor_DI49,"","FB10_Sensor_Monitoring","","(Class := Standard, Constant := false, ExternalAccess := Read/Write)"
TAG,,FB_Sensor_DI50,"","FB10_Sensor_Monitoring","","(Class := Standard, Constant := false, ExternalAccess := Read/Write)"
TAG,,FB_Sensor_DI57,"","FB10_Sensor_Monitoring","","(Class := Standard, Constant := false, ExternalAccess := Read/Write)"
TAG,,FB_Sensor_DI58,"","FB10_Sensor_Monitoring","","(Class := Standard, Constant := false, ExternalAccess := Read/Write)"
TAG,,FB_Sensor_DI65,"","FB10_Sensor_Monitoring","","(Class := Standard, Constant := false, ExternalAccess := Read/Write)"
TAG,,FB_Sensor_DI66,"","FB10_Sensor_Monitoring","","(Class := Standard, Constant := false, ExternalAccess := Read/Write)"
TAG,,FB_Sensor_DI67,"","FB10_Sensor_Monitoring","","(Class := Standard, Constant := false, ExternalAccess := Read/Write)"
TAG,,FB_Sensor_DI70,"","FB10_Sensor_Monitoring","","(Class := Standard, Constant := false, ExternalAccess := Read/Write)"
TAG,,FB_Sensor_DI71,"","FB10_Sensor_Monitoring","","(Class := Standard, Constant := false, ExternalAccess := Read/Write)"
TAG,,FB_Sensor_DI74,"","FB10_Sensor_Monitoring","","(Class := Standard, Constant := false, ExternalAccess := Read/Write)"
TAG,,FB_Sensor_DI75,"","FB10_Sensor_Monitoring","","(Class := Standard, Constant := false, ExternalAccess := Read/Write)"
TAG,,FB_WIC01,"","SAI_IND_WeightProc","","(Class := Standard, Constant := false, ExternalAccess := Read/Write)"
TAG,,Filling_Actual_Weight,"","REAL","","(Class := Standard, RADIX := Float, Constant := false, ExternalAccess := Read/Write)"
TAG,,Filling_Station_Cycle_Time,"","FB14_Cycle_Time","","(Class := Standard, Constant := false, ExternalAccess := Read/Write)"
TAG,,Filling_Weight_High,"","BOOL","","(Class := Standard, RADIX := Decimal, Constant := false, ExternalAccess := Read/Write)"
TAG,,Filling_Weight_Higher_SP,"","REAL","","(Class := Standard, RADIX := Float, Constant := false, ExternalAccess := Read/Write)"
TAG,,Filling_Weight_Low,"","BOOL","","(Class := Standard, RADIX := Decimal, Constant := false, ExternalAccess := Read/Write)"
TAG,,Filling_Weight_Lower_SP,"","REAL","","(Class := Standard, RADIX := Float, Constant := false, ExternalAccess := Read/Write)"
TAG,,Fine_Fill_Running,"","BOOL","","(Class := Standard, RADIX := Decimal, Constant := false, ExternalAccess := Read/Write)"
TAG,,Fine_FineWeight,"","BOOL","","(Class := Standard, RADIX := Decimal, Constant := false, ExternalAccess := Read/Write)"
TAG,,Fine_Super_FineWeight,"","BOOL","","(Class := Standard, RADIX := Decimal, Constant := false, ExternalAccess := Read/Write)"
TAG,,Fine_Vibro_Bypass,"","BOOL","","(Class := Standard, RADIX := Decimal, Constant := false, ExternalAccess := Read/Write)"
TAG,,Fine_Vibro_Level_High_SP,"","REAL","","(Class := Standard, RADIX := Float, Constant := false, ExternalAccess := Read/Write)"
TAG,,Fine_Vibro_Level_High_Tol_SP,"","REAL","","(Class := Standard, RADIX := Float, Constant := false, ExternalAccess := Read/Write)"
TAG,,Fine_Vibro_Level_Low_SP,"","REAL","","(Class := Standard, RADIX := Float, Constant := false, ExternalAccess := Read/Write)"
TAG,,Fine_Vibro_Level_Low_Tol_SP,"","REAL","","(Class := Standard, RADIX := Float, Constant := false, ExternalAccess := Read/Write)"
TAG,,Flow_Meter_Checking_Delay,"","TIMER","","(Class := Standard, Constant := false, ExternalAccess := Read/Write)"
TAG,,Gas_Burner_Inlet_Temp_High_Fault,"","BOOL","","(Class := Standard, RADIX := Decimal, Constant := false, ExternalAccess := Read/Write)"
TAG,,Gas_Burner_Inlet_Temp_Low_Fault,"","BOOL","","(Class := Standard, RADIX := Decimal, Constant := false, ExternalAccess := Read/Write)"
TAG,,Gas_Burner_Inlet_Temp_With_In_Range,"","BOOL","","(Class := Standard, RADIX := Decimal, Constant := false, ExternalAccess := Read/Write)"
TAG,,Gas_Burner_Outlet_Temp_High_Fault,"","BOOL","","(Class := Standard, RADIX := Decimal, Constant := false, ExternalAccess := Read/Write)"
TAG,,Gas_Burner_Outlet_Temp_High_SP,"","REAL","","(Class := Standard, RADIX := Float, Constant := false, ExternalAccess := Read/Write)"
TAG,,Gas_Burner_Outlet_Temp_Low_Fault,"","BOOL","","(Class := Standard, RADIX := Decimal, Constant := false, ExternalAccess := Read/Write)"
TAG,,Gas_Burner_Outlet_Temp_Low_SP,"","REAL","","(Class := Standard, RADIX := Float, Constant := false, ExternalAccess := Read/Write)"
TAG,,Gas_Burner_Outlet_Temp_With_In_Range,"","BOOL","","(Class := Standard, RADIX := Decimal, Constant := false, ExternalAccess := Read/Write)"
TAG,,HeatingZoneTemperature_Reach,"","BOOL","","(Class := Standard, RADIX := Decimal, Constant := false, ExternalAccess := Read/Write)"
TAG,,Heating_Temp_Scaled_PV,"","REAL","","(Class := Standard, RADIX := Float, Constant := false, ExternalAccess := Read/Write)"
TAG,,Heating_Zn_Chopper_Ready,"","BOOL","","(Class := Standard, RADIX := Decimal, Constant := false, ExternalAccess := Read/Write)"
TAG,,Heating_Zn_DC_ON_Dealy,"","TIMER","","(Class := Standard, Constant := false, ExternalAccess := Read/Write)"
TAG,,heating_zone_burner_valve_start_testbit,"","BOOL","","(Class := Standard, RADIX := Decimal, Constant := false, ExternalAccess := Read/Write)"
TAG,,Heating_Zone_DC_PT_Difference,"","REAL","","(Class := Standard, RADIX := Float, Constant := false, ExternalAccess := Read/Write)"
TAG,,Heating_Zone_DC_PT_Difference_High_SP,"","REAL","","(Class := Standard, RADIX := Float, Constant := false, ExternalAccess := Read/Write)"
TAG,,Heating_Zone_DC_PT_Difference_low_SP,"","REAL","","(Class := Standard, RADIX := Float, Constant := false, ExternalAccess := Read/Write)"
TAG,,Heating_Zone_DC_PT_Diff_with_In_Range,"","BOOL","","(Class := Standard, RADIX := Decimal, Constant := false, ExternalAccess := Read/Write)"
TAG,,Heating_Zone_Inlet_Close_Fault,"","BOOL","","(Class := Standard, RADIX := Decimal, Constant := false, ExternalAccess := Read/Write)"
TAG,,Heating_Zone_Temp_Within_Range,"","BOOL","","(Class := Standard, RADIX := Decimal, Constant := false, ExternalAccess := Read/Write)"
TAG,,HighLevelTimer,"","TIMER","","(Class := Standard, Constant := false, ExternalAccess := Read/Write)"
TAG,,HMI_Auto_Chopper_Stop_Delay_Time,"","DINT","","(Class := Standard, RADIX := Decimal, Constant := false, ExternalAccess := Read/Write)"
TAG,,HMI_Auto_Sealing_Conveyor_Speed,"","REAL","","(Class := Standard, RADIX := Float, Constant := false, ExternalAccess := Read/Write)"
TAG,,HMI_Auto_Stitching_Conveyor_Speed,"","REAL","","(Class := Standard, RADIX := Float, Constant := false, ExternalAccess := Read/Write)"
TAG,,HMI_Bag_Up_Dn_cyl_Weight_Limit,"","REAL","","(Class := Standard, RADIX := Float, Constant := false, ExternalAccess := Read/Write)"
TAG,,HMI_Coarse_FastSpeed,"","DINT","","(Class := Standard, RADIX := Decimal, Constant := false, ExternalAccess := Read/Write)"
TAG,,HMI_Coarse_FineSpeed,"","DINT","","(Class := Standard, RADIX := Decimal, Constant := false, ExternalAccess := Read/Write)"
TAG,,HMI_Coarse_SuperFineSpeed,"","DINT","","(Class := Standard, RADIX := Decimal, Constant := false, ExternalAccess := Read/Write)"
TAG,,HMI_Coarse_Vibro_Enable,"","BOOL","","(Class := Standard, RADIX := Decimal, Constant := false, ExternalAccess := Read/Write)"
TAG,,HMI_CoolingZone_Enable,"","BOOL","","(Class := Standard, RADIX := Decimal, Constant := false, ExternalAccess := Read/Write)"
TAG,,HMI_CoolingZone_Temp_SP,"","REAL","","(Class := Standard, RADIX := Float, Constant := false, ExternalAccess := Read/Write)"
TAG,,HMI_Cooling_Air_Inlet_Temp_High_Tol_SP,"","REAL","","(Class := Standard, RADIX := Float, Constant := false, ExternalAccess := Read/Write)"
TAG,,HMI_Cooling_Air_Inlet_Temp_Low_Tol_SP,"","REAL","","(Class := Standard, RADIX := Float, Constant := false, ExternalAccess := Read/Write)"
TAG,,HMI_Cooling_Air_Inlet_Temp_SP,"","REAL","","(Class := Standard, RADIX := Float, Constant := false, ExternalAccess := Read/Write)"
TAG,,HMI_Cooling_Air_Outlet_Temp_High_Tol_SP,"","REAL","","(Class := Standard, RADIX := Float, Constant := false, ExternalAccess := Read/Write)"
TAG,,HMI_Cooling_Air_Outlet_Temp_Low_Tol_SP,"","REAL","","(Class := Standard, RADIX := Float, Constant := false, ExternalAccess := Read/Write)"
TAG,,HMI_Cooling_Air_Outlet_Temp_SP,"","REAL","","(Class := Standard, RADIX := Float, Constant := false, ExternalAccess := Read/Write)"
TAG,,HMI_Cooling_Zone_Temp_High_SP,"","REAL","","(Class := Standard, RADIX := Float, Constant := false, ExternalAccess := Read/Write)"
TAG,,HMI_Cooling_Zone_Temp_High_Tol_SP,"","REAL","","(Class := Standard, RADIX := Float, Constant := false, ExternalAccess := Read/Write)"
TAG,,HMI_Cooling_Zone_Temp_Low_SP,"","REAL","","(Class := Standard, RADIX := Float, Constant := false, ExternalAccess := Read/Write)"
TAG,,HMI_Cooling_Zone_Temp_Low_Tol_SP,"","REAL","","(Class := Standard, RADIX := Float, Constant := false, ExternalAccess := Read/Write)"
TAG,,HMI_Cooling_Zone_Temp_SP,"","REAL","","(Class := Standard, RADIX := Float, Constant := false, ExternalAccess := Read/Write)"
TAG,,HMI_Door_Lock,"","BOOL","","(Class := Standard, RADIX := Decimal, Constant := false, ExternalAccess := Read/Write)"
TAG,,HMI_Dryer_Cooling_Zn_Dust_Collector_PV01,"","BOOL","","(Class := Standard, RADIX := Decimal, Constant := false, ExternalAccess := Read/Write)"
TAG,,HMI_Dryer_Cooling_Zn_Dust_Collector_PV02,"","BOOL","","(Class := Standard, RADIX := Decimal, Constant := false, ExternalAccess := Read/Write)"
TAG,,HMI_Dryer_Cooling_Zn_Dust_Collector_PV03,"","BOOL","","(Class := Standard, RADIX := Decimal, Constant := false, ExternalAccess := Read/Write)"
TAG,,HMI_Dryer_Cooling_Zone_Temp_High_Tol_SP,"","REAL","","(Class := Standard, RADIX := Float, Constant := false, ExternalAccess := Read/Write)"
TAG,,HMI_Dryer_Cooling_Zone_Temp_Low_Tol_SP,"","REAL","","(Class := Standard, RADIX := Float, Constant := false, ExternalAccess := Read/Write)"
TAG,,HMI_Dryer_Cooling_Zone_Temp_SP,"","REAL","","(Class := Standard, RADIX := Float, Constant := false, ExternalAccess := Read/Write)"
TAG,,HMI_Dryer_Cool_Zone_DC_PT_High_Tol_SP,"","REAL","","(Class := Standard, RADIX := Float, Constant := false, ExternalAccess := Read/Write)"
TAG,,HMI_Dryer_Cool_Zone_DC_PT_Low_Tol_SP,"","REAL","","(Class := Standard, RADIX := Float, Constant := false, ExternalAccess := Read/Write)"
TAG,,HMI_Dryer_Cool_Zone_DC_PT_SP,"","REAL","","(Class := Standard, RADIX := Float, Constant := false, ExternalAccess := Read/Write)"
TAG,,HMI_Dryer_Cool_Zone_DN_DC_PT_High_Tol_SP,"","REAL","","(Class := Standard, RADIX := Float, Constant := false, ExternalAccess := Read/Write)"
TAG,,HMI_Dryer_Cool_Zone_DN_DC_PT_Low_Tol_SP,"","REAL","","(Class := Standard, RADIX := Float, Constant := false, ExternalAccess := Read/Write)"
TAG,,HMI_Dryer_Cool_Zone_DN_DC_PT_SP,"","REAL","","(Class := Standard, RADIX := Float, Constant := false, ExternalAccess := Read/Write)"
TAG,,HMI_Dryer_Gas_Inlet_FT_High_Tol_SP,"","REAL","","(Class := Standard, RADIX := Float, Constant := false, ExternalAccess := Read/Write)"
TAG,,HMI_Dryer_Gas_Inlet_FT_Low_Tol_SP,"","REAL","","(Class := Standard, RADIX := Float, Constant := false, ExternalAccess := Read/Write)"
TAG,,HMI_Dryer_Gas_Inlet_FT_SP,"","REAL","","(Class := Standard, RADIX := Float, Constant := false, ExternalAccess := Read/Write)"
TAG,,HMI_Dryer_Heating_Zn_Dust_Collector_PV01,"","BOOL","","(Class := Standard, RADIX := Decimal, Constant := false, ExternalAccess := Read/Write)"
TAG,,HMI_Dryer_Heating_Zn_Dust_Collector_PV02,"","BOOL","","(Class := Standard, RADIX := Decimal, Constant := false, ExternalAccess := Read/Write)"
TAG,,HMI_Dryer_Heating_Zn_Dust_Collector_PV03,"","BOOL","","(Class := Standard, RADIX := Decimal, Constant := false, ExternalAccess := Read/Write)"
TAG,,HMI_Dryer_Heating_Zone1_Temperature_SP,"","REAL","","(Class := Standard, RADIX := Float, Constant := false, ExternalAccess := Read/Write)"
TAG,,HMI_Dryer_Heating_Zone1_Temp_High_SP,"","REAL","","(Class := Standard, RADIX := Float, Constant := false, ExternalAccess := Read/Write)"
TAG,,HMI_Dryer_Heating_Zone1_Temp_High_Tol_SP,"","REAL","","(Class := Standard, RADIX := Float, Constant := false, ExternalAccess := Read/Write)"
TAG,,HMI_Dryer_Heating_Zone1_Temp_Low_SP,"","REAL","","(Class := Standard, RADIX := Float, Constant := false, ExternalAccess := Read/Write)"
TAG,,HMI_Dryer_Heating_Zone1_Temp_Low_Tol_SP,"","REAL","","(Class := Standard, RADIX := Float, Constant := false, ExternalAccess := Read/Write)"
TAG,,HMI_Dryer_Heating_Zone2_Temperature_SP,"","REAL","","(Class := Standard, RADIX := Float, Constant := false, ExternalAccess := Read/Write)"
TAG,,HMI_Dryer_Heating_Zone2_Temp_High_SP,"","REAL","","(Class := Standard, RADIX := Float, Constant := false, ExternalAccess := Read/Write)"
TAG,,HMI_Dryer_Heating_Zone2_Temp_High_Tol_SP,"","REAL","","(Class := Standard, RADIX := Float, Constant := false, ExternalAccess := Read/Write)"
TAG,,HMI_Dryer_Heating_Zone2_Temp_Low_SP,"","REAL","","(Class := Standard, RADIX := Float, Constant := false, ExternalAccess := Read/Write)"
TAG,,HMI_Dryer_Heating_Zone2_Temp_Low_Tol_SP,"","REAL","","(Class := Standard, RADIX := Float, Constant := false, ExternalAccess := Read/Write)"
TAG,,HMI_Dryer_Heating_Zone3_Temperature_SP,"","REAL","","(Class := Standard, RADIX := Float, Constant := false, ExternalAccess := Read/Write)"
TAG,,HMI_Dryer_Heating_Zone3_Temp_High_SP,"","REAL","","(Class := Standard, RADIX := Float, Constant := false, ExternalAccess := Read/Write)"
TAG,,HMI_Dryer_Heating_Zone3_Temp_High_Tol_SP,"","REAL","","(Class := Standard, RADIX := Float, Constant := false, ExternalAccess := Read/Write)"
TAG,,HMI_Dryer_Heating_Zone3_Temp_Low_SP,"","REAL","","(Class := Standard, RADIX := Float, Constant := false, ExternalAccess := Read/Write)"
TAG,,HMI_Dryer_Heating_Zone3_Temp_Low_Tol_SP,"","REAL","","(Class := Standard, RADIX := Float, Constant := false, ExternalAccess := Read/Write)"
TAG,,HMI_Dryer_Heat_Zn_Inlet_FT_High_Tol_SP,"","REAL","","(Class := Standard, RADIX := Float, Constant := false, ExternalAccess := Read/Write)"
TAG,,HMI_Dryer_Heat_Zn_Inlet_FT_Low_Tol_SP,"","REAL","","(Class := Standard, RADIX := Float, Constant := false, ExternalAccess := Read/Write)"
TAG,,HMI_Dryer_Heat_Zn_Inlet_FT_SP,"","REAL","","(Class := Standard, RADIX := Float, Constant := false, ExternalAccess := Read/Write)"
TAG,,HMI_Dryer_Heat_Zone_DC_PT_Low_Tol_SP,"","REAL","","(Class := Standard, RADIX := Float, Constant := false, ExternalAccess := Read/Write)"
TAG,,HMI_Dryer_Heat_Zone_DN_DC_PT_High_Tol_SP,"","REAL","","(Class := Standard, RADIX := Float, Constant := false, ExternalAccess := Read/Write)"
TAG,,HMI_Dryer_Heat_Zone_DN_DC_PT_Low_Tol_SP,"","REAL","","(Class := Standard, RADIX := Float, Constant := false, ExternalAccess := Read/Write)"
TAG,,HMI_Dryer_Heat_Zone_DN_DC_PT_SP,"","REAL","","(Class := Standard, RADIX := Float, Constant := false, ExternalAccess := Read/Write)"
TAG,,HMI_Dryer_Heat_Zone_UP_DC_PT_High_Tol_SP,"","REAL","","(Class := Standard, RADIX := Float, Constant := false, ExternalAccess := Read/Write)"
TAG,,HMI_Dryer_Heat_Zone_UP_DC_PT_SP,"","REAL","","(Class := Standard, RADIX := Float, Constant := false, ExternalAccess := Read/Write)"
TAG,,HMI_Fine_FastSpeed,"","DINT","","(Class := Standard, RADIX := Decimal, Constant := false, ExternalAccess := Read/Write)"
TAG,,HMI_Fine_FineSpeed,"","DINT","","(Class := Standard, RADIX := Decimal, Constant := false, ExternalAccess := Read/Write)"
TAG,,HMI_Fine_SuperFineSpeed,"","DINT","","(Class := Standard, RADIX := Decimal, Constant := false, ExternalAccess := Read/Write)"
TAG,,HMI_Fine_Vibro_Enable,"","BOOL","","(Class := Standard, RADIX := Decimal, Constant := false, ExternalAccess := Read/Write)"
TAG,,HMI_Gas_Burner_Outlet_Temp_High_Tol_SP,"","REAL","","(Class := Standard, RADIX := Float, Constant := false, ExternalAccess := Read/Write)"
TAG,,HMI_Gas_Burner_Outlet_Temp_Low_Tol_SP,"","REAL","","(Class := Standard, RADIX := Float, Constant := false, ExternalAccess := Read/Write)"
TAG,,HMI_Gas_Burner_Outlet_Temp_SP,"","REAL","","(Class := Standard, RADIX := Float, Constant := false, ExternalAccess := Read/Write)"
TAG,,HMI_HeaterEnable,"","BOOL","","(Class := Standard, RADIX := Decimal, Constant := false, ExternalAccess := Read/Write)"
TAG,,HMI_Heating_Zone_Low_Flam_SP,"","REAL","","(Class := Standard, RADIX := Float, Constant := false, ExternalAccess := Read/Write)"
TAG,,HMI_Heating_Zone_Temp_High_SP,"","REAL","","(Class := Standard, RADIX := Float, Constant := false, ExternalAccess := Read/Write)"
TAG,,HMI_Heating_Zone_Temp_High_Tol_SP,"","REAL","","(Class := Standard, RADIX := Float, Constant := false, ExternalAccess := Read/Write)"
TAG,,HMI_Heating_Zone_Temp_Low_SP,"","REAL","","(Class := Standard, RADIX := Float, Constant := false, ExternalAccess := Read/Write)"
TAG,,HMI_Heating_Zone_Temp_Low_Tol_SP,"","REAL","","(Class := Standard, RADIX := Float, Constant := false, ExternalAccess := Read/Write)"
TAG,,HMI_Heating_Zone_Temp_SP,"","REAL","","(Class := Standard, RADIX := Float, Constant := false, ExternalAccess := Read/Write)"
TAG,,HMI_Ioniser_Enable,"","BOOL","","(Class := Standard, RADIX := Decimal, Constant := false, ExternalAccess := Read/Write)"
TAG,,HMI_Manual_Chopper_1_Pu_Cyl_Fwd_Cmd,"","BOOL","","(Class := Standard, RADIX := Decimal, Constant := false, ExternalAccess := Read/Write)"
TAG,,HMI_Manual_Chopper_1_Pu_Cyl_Rev_Cmd,"","BOOL","","(Class := Standard, RADIX := Decimal, Constant := false, ExternalAccess := Read/Write)"
TAG,,HMI_Manual_Chopper_1_Roller_Dn_Cmd,"","BOOL","","(Class := Standard, RADIX := Decimal, Constant := false, ExternalAccess := Read/Write)"
TAG,,HMI_Manual_Chopper_1_Roller_UP_Cmd,"","BOOL","","(Class := Standard, RADIX := Decimal, Constant := false, ExternalAccess := Read/Write)"
TAG,,HMI_Manual_Chopper_2_Pu_Cyl_Fwd_Cmd,"","BOOL","","(Class := Standard, RADIX := Decimal, Constant := false, ExternalAccess := Read/Write)"
TAG,,HMI_Manual_Chopper_2_Pu_Cyl_Rev_Cmd,"","BOOL","","(Class := Standard, RADIX := Decimal, Constant := false, ExternalAccess := Read/Write)"
TAG,,HMI_Manual_Chopper_2_Roller_Dn_Cmd,"","BOOL","","(Class := Standard, RADIX := Decimal, Constant := false, ExternalAccess := Read/Write)"
TAG,,HMI_Manual_Chopper_2_Roller_UP_Cmd,"","BOOL","","(Class := Standard, RADIX := Decimal, Constant := false, ExternalAccess := Read/Write)"
TAG,,HMI_Manual_Coarse_Speed_SP,"","REAL","","(Class := Standard, RADIX := Float, Constant := false, ExternalAccess := Read/Write)"
TAG,,HMI_Manual_control_valve_output,"","REAL","","(Class := Standard, RADIX := Float, Constant := false, ExternalAccess := Read/Write)"
TAG,,HMI_Manual_Fine_Speed_SP,"","REAL","","(Class := Standard, RADIX := Float, Constant := false, ExternalAccess := Read/Write)"
TAG,,HMI_Manual_VFD_Speed,"","REAL","","(Class := Standard, RADIX := Float, Constant := false, ExternalAccess := Read/Write)"
TAG,,HMI_MDC_Start_Cmd,"","BOOL","","(Class := Standard, RADIX := Decimal, Constant := false, ExternalAccess := Read/Write)"
TAG,,HMI_Operator_Delay_Time,"","DINT","","(Class := Standard, RADIX := Decimal, Constant := false, ExternalAccess := Read/Write)"
TAG,,HMI_Recipe_Load,"","BOOL","","(Class := Standard, RADIX := Decimal, Constant := false, ExternalAccess := Read/Write)"
TAG,,HMI_Recipe_Load_No,"","INT","","(Class := Standard, RADIX := Decimal, Constant := false, ExternalAccess := Read/Write)"
TAG,,HMI_Recipe_Restore,"","BOOL","","(Class := Standard, RADIX := Decimal, Constant := false, ExternalAccess := Read/Write)"
TAG,,HMI_Recipe_Restore_No,"","INT","","(Class := Standard, RADIX := Decimal, Constant := false, ExternalAccess := Read/Write)"
TAG,,HMI_Recipe_Save,"","BOOL","","(Class := Standard, RADIX := Decimal, Constant := false, ExternalAccess := Read/Write)"
TAG,,HMI_Recipe_Save_No,"","INT","","(Class := Standard, RADIX := Decimal, Constant := false, ExternalAccess := Read/Write)"
TAG,,HMI_Reset_PB,"","BOOL","","(Class := Standard, RADIX := Decimal, Constant := false, ExternalAccess := Read/Write)"
TAG,,HMI_Tol,"","REAL","","(Class := Standard, RADIX := Float, Constant := false, ExternalAccess := Read/Write)"
TAG,,HMI_WI_Zero_Cmd,"","BOOL","","(Class := Standard, RADIX := Decimal, Constant := false, ExternalAccess := Read/Write)"
TAG,,HMI_Z2_Heating_Zone_Enable,"","BOOL","","(Class := Standard, RADIX := Decimal, Constant := false, ExternalAccess := Read/Write)"
TAG,,Hot_Air,"","BOOL","","(Class := Standard, RADIX := Decimal, Constant := false, ExternalAccess := Read/Write)"
TAG,,IBC001_Auto_Speed,"","REAL","","(Class := Standard, RADIX := Float, Constant := false, ExternalAccess := Read/Write)"
TAG,,IBC001_Auto_Speed_While_Coarse_Feeding,"","REAL","","(Class := Standard, RADIX := Float, Constant := false, ExternalAccess := Read/Write)"
TAG,,IBC001_Auto_Speed_While_Fine_Feeding,"","REAL","","(Class := Standard, RADIX := Float, Constant := false, ExternalAccess := Read/Write)"
TAG,,IBC001_Auto_While_Super_Fine_Feeding,"","REAL","","(Class := Standard, RADIX := Float, Constant := false, ExternalAccess := Read/Write)"
TAG,,Input_Temp_For_Simulation,"","REAL","","(Class := Standard, RADIX := Float, Constant := false, ExternalAccess := Read/Write)"
TAG,,manual_Control_valve,"","SCP","","(Class := Standard, Constant := false, ExternalAccess := Read/Write)"
TAG,,Manual_Mode_HMI_ASCR001_Start,"","BOOL","","(Class := Standard, RADIX := Decimal, Constant := false, ExternalAccess := Read/Write)"
TAG,,Manual_Mode_HMI_SM001_Start,"","BOOL","","(Class := Standard, RADIX := Decimal, Constant := false, ExternalAccess := Read/Write)"
TAG,,Manual_Mode_PB_ASCR001_Start,"","BOOL","","(Class := Standard, RADIX := Decimal, Constant := false, ExternalAccess := Read/Write)"
TAG,,Manual_Mode_PB_SM001_Start,"","BOOL","","(Class := Standard, RADIX := Decimal, Constant := false, ExternalAccess := Read/Write)"
TAG,,Master_Data_From_Hmi,"","UDT_System_Recipe","","(Class := Standard, Constant := false, ExternalAccess := Read/Write)"
TAG,,Master_Recipe_Fine_Weight,"","REAL","","(Class := Standard, RADIX := Float, Constant := false, ExternalAccess := Read/Write)"
TAG,,Master_Recipe_Free_Fall_Weight,"","REAL","","(Class := Standard, RADIX := Float, Constant := false, ExternalAccess := Read/Write)"
TAG,,Master_Recipe_Super_Fine_Weight,"","REAL","","(Class := Standard, RADIX := Float, Constant := false, ExternalAccess := Read/Write)"
TAG,,Master_Recipe_Target_Weight,"","REAL","","(Class := Standard, RADIX := Float, Constant := false, ExternalAccess := Read/Write)"
TAG,,Material_level_High,"","BOOL","","(Class := Standard, RADIX := Decimal, Constant := false, ExternalAccess := Read/Write)"
TAG,,MCC3_AOI,"","DLR_AOI","","(Class := Standard, Constant := false, ExternalAccess := Read/Write)"
TAG,,MCC3_Parameters,"","DLR_HMI","","(Class := Standard, Constant := false, ExternalAccess := Read/Write)"
TAG,,MCC3_Path,"","STRING","","(Class := Standard, Constant := false, ExternalAccess := Read/Write)"
TAG,,MDC_Fault_Reset_CMD,"","BOOL","","(Class := Standard, RADIX := Decimal, Constant := false, ExternalAccess := Read/Write)"
TAG,,MDC_Motor_Bypass,"","BOOL","","(Class := Standard, RADIX := Decimal, Constant := false, ExternalAccess := Read/Write)"
TAG,,Metal_Detection_Stn_Rejection_Status,"","INT","","(Class := Standard, RADIX := Decimal, Constant := false, ExternalAccess := Read/Write)"
TAG,,MSV01_Auto_Speed_While_Material_Feeding,"","REAL","","(Class := Standard, RADIX := Float, Constant := false, ExternalAccess := Read/Write)"
TAG,,MSV01_Auto_Speed_While_Material_Reciving,"","REAL","","(Class := Standard, RADIX := Float, Constant := false, ExternalAccess := Read/Write)"
TAG,,MSV01_Level_Sensor_High_SP,"","REAL","","(Class := Standard, RADIX := Float, Constant := false, ExternalAccess := Read/Write)"
TAG,,MSV01_Level_Sensor_High_Tol_SP,"","REAL","","(Class := Standard, RADIX := Float, Constant := false, ExternalAccess := Read/Write)"
TAG,,MSV01_Level_Sensor_Low_SP,"","REAL","","(Class := Standard, RADIX := Float, Constant := false, ExternalAccess := Read/Write)"
TAG,,MSV01_Level_Sensor_Low_Tol_SP,"","REAL","","(Class := Standard, RADIX := Float, Constant := false, ExternalAccess := Read/Write)"
TAG,,MSV02_Auto_Speed,"","REAL","","(Class := Standard, RADIX := Float, Constant := false, ExternalAccess := Read/Write)"
TAG,,MSV02_Auto_Speed_While_Coarse_Feeding,"","REAL","","(Class := Standard, RADIX := Float, Constant := false, ExternalAccess := Read/Write)"
TAG,,MSV02_Auto_Speed_While_Fine_Feeding,"","REAL","","(Class := Standard, RADIX := Float, Constant := false, ExternalAccess := Read/Write)"
TAG,,MSV02_Auto_While_Super_Fine_Feeding,"","REAL","","(Class := Standard, RADIX := Float, Constant := false, ExternalAccess := Read/Write)"
TAG,,Operator_Delay,"","TIMER","","(Class := Standard, Constant := false, ExternalAccess := Read/Write)"
TAG,,Operator_Fault_Delay,"","BOOL","","(Class := Standard, RADIX := Decimal, Constant := false, ExternalAccess := Read/Write)"
TAG,,OSF,"","INT","","(Class := Standard, RADIX := Decimal, Constant := false, ExternalAccess := Read/Write)"
TAG,,Panel,"","BOOL","","(Class := Standard, RADIX := Decimal, Constant := false, ExternalAccess := Read/Write)"
TAG,,R1010_MainLogic,"","UDT_Sequencer","","(Class := Standard, Constant := false, ExternalAccess := Read/Write)"
TAG,,R1020_Chopper_1_Cycle,"","UDT_Sequencer","","(Class := Standard, Constant := false, ExternalAccess := Read/Write)"
COMMENT,,R1020_Chopper_1_Cycle,"Wait For System Start Cmd",,"R1020_Chopper_1_Cycle.STEP.0"
COMMENT,,R1020_Chopper_1_Cycle,"Chopper-1 PU Cylinder-1 & 2 Fwd  Cmd",,"R1020_Chopper_1_Cycle.STEP.1"
COMMENT,,R1020_Chopper_1_Cycle,"Chopper-1 Pressure Roller Cylinder Fwd Cmd",,"R1020_Chopper_1_Cycle.STEP.2"
COMMENT,,R1020_Chopper_1_Cycle,"Chopper-1-Spreader_Motor_Start_Cmd",,"R1020_Chopper_1_Cycle.STEP.3"
COMMENT,,R1020_Chopper_1_Cycle,"Chopper-1_Chopping_Motor_Start_Cmd",,"R1020_Chopper_1_Cycle.STEP.4"
COMMENT,,R1020_Chopper_1_Cycle,"Chopper-1_Anti-Static Coating Roller Motor Start Cmd",,"R1020_Chopper_1_Cycle.STEP.5"
TAG,,R1030_Chopper_2_Cycle,"","UDT_Sequencer","","(Class := Standard, Constant := false, ExternalAccess := Read/Write)"
COMMENT,,R1030_Chopper_2_Cycle,"Wait For System Start Cmd",,"R1030_Chopper_2_Cycle.STEP.0"
COMMENT,,R1030_Chopper_2_Cycle,"Chopper-2 PU Cylinder-1 & 2 Fwd  Cmd",,"R1030_Chopper_2_Cycle.STEP.1"
COMMENT,,R1030_Chopper_2_Cycle,"Chopper-2 Pressure Roller Cylinder Fwd Cmd",,"R1030_Chopper_2_Cycle.STEP.2"
COMMENT,,R1030_Chopper_2_Cycle,"Chopper-2-Spreader_Motor_Start_Cmd",,"R1030_Chopper_2_Cycle.STEP.3"
COMMENT,,R1030_Chopper_2_Cycle,"Chopper-2_Chopping_Motor_Start_Cmd",,"R1030_Chopper_2_Cycle.STEP.4"
COMMENT,,R1030_Chopper_2_Cycle,"Chopper-2_Anti-Static Coating Roller Motor Start Cmd",,"R1030_Chopper_2_Cycle.STEP.5"
TAG,,R2010_MainLogic,"","UDT_Sequencer","","(Class := Standard, Constant := false, ExternalAccess := Read/Write)"
COMMENT,,R2010_MainLogic,"HomeCondition",,"R2010_MainLogic.STEP.1"
COMMENT,,R2010_MainLogic,"Dryer Outlet Vibratory feeder-1 and 2 ON",,"R2010_MainLogic.STEP.2"
COMMENT,,R2010_MainLogic,"Dryer Conveyor Motor ON",,"R2010_MainLogic.STEP.3"
TAG,,R2015_HeatingLogic,"","UDT_Sequencer","","(Class := Standard, Constant := false, ExternalAccess := Read/Write)"
COMMENT,,R2015_HeatingLogic,"Home Condition",,"R2015_HeatingLogic.STEP.1"
COMMENT,,R2015_HeatingLogic,"Dryer Heating Zone Outlet Collector ON",,"R2015_HeatingLogic.STEP.2"
COMMENT,,R2015_HeatingLogic,"Dryer Heating Zone Inlet Blower ON",,"R2015_HeatingLogic.STEP.3"
COMMENT,,R2015_HeatingLogic,"Dryer_HeatingZoneReadyForProduction",,"R2015_HeatingLogic.STEP.4"
COMMENT,,R2015_HeatingLogic,"Heating Start Signal",,"R2015_HeatingLogic.STEP.5"
COMMENT,,R2015_HeatingLogic,"Heating High Flame ON",,"R2015_HeatingLogic.STEP.6"
COMMENT,,R2015_HeatingLogic,"Heating Low Flame ON",,"R2015_HeatingLogic.STEP.7"
TAG,,R2020_CoolingLogic,"","UDT_Sequencer","","(Class := Standard, Constant := false, ExternalAccess := Read/Write)"
COMMENT,,R2020_CoolingLogic,"Home Condition",,"R2020_CoolingLogic.STEP.0"
COMMENT,,R2020_CoolingLogic,"Dryer Cooling Zone Enable",,"R2020_CoolingLogic.STEP.1"
COMMENT,,R2020_CoolingLogic,"Dryer Cooling Zone Dust Collector ON",,"R2020_CoolingLogic.STEP.2"
COMMENT,,R2020_CoolingLogic,"Dryer Cooling Zone Inlet Blower ON",,"R2020_CoolingLogic.STEP.3"
COMMENT,,R2020_CoolingLogic,"Dryer Cooling Zone Ready For Production",,"R2020_CoolingLogic.STEP.4"
TAG,,R3010_Z03_Bag_Filling_Station_Conveyor,"","UDT_Sequencer","","(Class := Standard, Constant := false, ExternalAccess := Read/Write)"
COMMENT,,R3010_Z03_Bag_Filling_Station_Conveyor,"Waiting For Home",,"R3010_Z03_Bag_Filling_Station_Conveyor.OUTPUT[1]"
COMMENT,,R3010_Z03_Bag_Filling_Station_Conveyor,"Wait For System Start Cmd",,"R3010_Z03_Bag_Filling_Station_Conveyor.OUTPUT[2]"
COMMENT,,R3010_Z03_Bag_Filling_Station_Conveyor,"Filling Station Conveyor Dn Cmd, Wait For Down FB",,"R3010_Z03_Bag_Filling_Station_Conveyor.OUTPUT[3]"
COMMENT,,R3010_Z03_Bag_Filling_Station_Conveyor,"Filling Station Bag Clamp-1 & 2  Close Cmd . Wait For Close FB",,"R3010_Z03_Bag_Filling_Station_Conveyor.OUTPUT[4]"
COMMENT,,R3010_Z03_Bag_Filling_Station_Conveyor,"Filling Station Bag Side Flap-1 & 2 Open Cmd, Wait For Open FB",,"R3010_Z03_Bag_Filling_Station_Conveyor.OUTPUT[5]"
COMMENT,,R3010_Z03_Bag_Filling_Station_Conveyor,"Wait for Filling Station Bag Clamp Foot Switch",,"R3010_Z03_Bag_Filling_Station_Conveyor.OUTPUT[6]"
COMMENT,,R3010_Z03_Bag_Filling_Station_Conveyor,"Check For Filling Station Bag Present Sensor",,"R3010_Z03_Bag_Filling_Station_Conveyor.OUTPUT[7]"
COMMENT,,R3010_Z03_Bag_Filling_Station_Conveyor,"Filling Station Bag Clamp-1 & 2  Open Cmd . Wait For Open FB",,"R3010_Z03_Bag_Filling_Station_Conveyor.OUTPUT[8]"
COMMENT,,R3010_Z03_Bag_Filling_Station_Conveyor,"Filling Station Filling Start PB",,"R3010_Z03_Bag_Filling_Station_Conveyor.OUTPUT[9]"
COMMENT,,R3010_Z03_Bag_Filling_Station_Conveyor,"Filling Station Bag Side Flap-1 & 2 Close Cmd, Wait For Close FB",,"R3010_Z03_Bag_Filling_Station_Conveyor.OUTPUT[10]"
COMMENT,,R3010_Z03_Bag_Filling_Station_Conveyor,"Send  Cycle Start Cmd To DB221_Bag _Filling_Cycle",,"R3010_Z03_Bag_Filling_Station_Conveyor.OUTPUT[11]"
COMMENT,,R3010_Z03_Bag_Filling_Station_Conveyor,"Wait Cycle Complete Cmd From DB221_Bag _Filling_Cycle",,"R3010_Z03_Bag_Filling_Station_Conveyor.OUTPUT[12]"
COMMENT,,R3010_Z03_Bag_Filling_Station_Conveyor,"Filling Station Conveyor Up Cmd, Wait For Up FB",,"R3010_Z03_Bag_Filling_Station_Conveyor.OUTPUT[13]"
COMMENT,,R3010_Z03_Bag_Filling_Station_Conveyor,"Filling Station Bag Side Flap-1 & 2 Open Cmd, Wait For Open FB",,"R3010_Z03_Bag_Filling_Station_Conveyor.OUTPUT[14]"
COMMENT,,R3010_Z03_Bag_Filling_Station_Conveyor,"Filling Station Bag Clamp-1 & 2  Close Cmd . Wait For Close FB",,"R3010_Z03_Bag_Filling_Station_Conveyor.OUTPUT[15]"
COMMENT,,R3010_Z03_Bag_Filling_Station_Conveyor,"Filling Station Conveyor Dn Cmd, Wait For Down FB",,"R3010_Z03_Bag_Filling_Station_Conveyor.OUTPUT[16]"
COMMENT,,R3010_Z03_Bag_Filling_Station_Conveyor,"Bag _Filling_Station_Conveyor Start For Some Delay",,"R3010_Z03_Bag_Filling_Station_Conveyor.OUTPUT[17]"
COMMENT,,R3010_Z03_Bag_Filling_Station_Conveyor,"After Filling Station Bag Clamp-1 & 2  Open Cmd . Wait For Open FB",,"R3010_Z03_Bag_Filling_Station_Conveyor.OUTPUT[18]"
COMMENT,,R3010_Z03_Bag_Filling_Station_Conveyor,"After Filling Station Bag Clamp-1 & 2  Close Cmd . Wait For Close FB",,"R3010_Z03_Bag_Filling_Station_Conveyor.OUTPUT[19]"
COMMENT,,R3010_Z03_Bag_Filling_Station_Conveyor,"Bag Clamp ReClose Bag Not Fit Properly",,"R3010_Z03_Bag_Filling_Station_Conveyor.OUTPUT[21]"
TAG,,R3011_Z03_Bag_Filling_Cycle,"","UDT_Sequencer","","(Class := Standard, Constant := false, ExternalAccess := Read/Write)"
COMMENT,,R3011_Z03_Bag_Filling_Cycle,"Waiting For Home",,"R3011_Z03_Bag_Filling_Cycle.OUTPUT[1]"
COMMENT,,R3011_Z03_Bag_Filling_Cycle,"Wait For System Start Cmd",,"R3011_Z03_Bag_Filling_Cycle.OUTPUT[2]"
COMMENT,,R3011_Z03_Bag_Filling_Cycle,"Wait Cycle Start Cmd From DB220_Bag _Filling_Station_Conveyor",,"R3011_Z03_Bag_Filling_Cycle.OUTPUT[3]"
COMMENT,,R3011_Z03_Bag_Filling_Cycle,"Hopper Weighing Indicator Zero Cmd",,"R3011_Z03_Bag_Filling_Cycle.OUTPUT[4]"
COMMENT,,R3011_Z03_Bag_Filling_Cycle,"Coarse Feeding Start With Speed Ref 1",,"R3011_Z03_Bag_Filling_Cycle.OUTPUT[5]"
COMMENT,,R3011_Z03_Bag_Filling_Cycle,"Fine Feeding Start With Speed Ref 2",,"R3011_Z03_Bag_Filling_Cycle.OUTPUT[6]"
COMMENT,,R3011_Z03_Bag_Filling_Cycle,"Super Fine Feeding Start With Speed Ref 3",,"R3011_Z03_Bag_Filling_Cycle.OUTPUT[7]"
COMMENT,,R3011_Z03_Bag_Filling_Cycle,"Feeding Completed",,"R3011_Z03_Bag_Filling_Cycle.OUTPUT[8]"
COMMENT,,R3011_Z03_Bag_Filling_Cycle,"Send  Cycle Complete Cmd To DB220_Bag _Filling_Station_Conveyor",,"R3011_Z03_Bag_Filling_Cycle.OUTPUT[9]"
COMMENT,,R3011_Z03_Bag_Filling_Cycle,"Cycle Complete",,"R3011_Z03_Bag_Filling_Cycle.OUTPUT[10]"
COMMENT,,R3011_Z03_Bag_Filling_Cycle,"Super Fine Feeding Start With Speed Ref 4",,"R3011_Z03_Bag_Filling_Cycle.OUTPUT[11]"
TAG,,R3020_Z03_Bag_Sealing_And_Stitching_Stn,"","UDT_Sequencer","","(Class := Standard, Constant := false, ExternalAccess := Read/Write)"
COMMENT,,R3020_Z03_Bag_Sealing_And_Stitching_Stn,"Waiting For Home",,"R3020_Z03_Bag_Sealing_And_Stitching_Stn.OUTPUT[1]"
COMMENT,,R3020_Z03_Bag_Sealing_And_Stitching_Stn,"Wait For System Start Cmd",,"R3020_Z03_Bag_Sealing_And_Stitching_Stn.OUTPUT[2]"
COMMENT,,R3020_Z03_Bag_Sealing_And_Stitching_Stn,"Stitching Station Thread Cutter Cylinder Rev Cmd Wait For Rev FB",,"R3020_Z03_Bag_Sealing_And_Stitching_Stn.OUTPUT[3]"
COMMENT,,R3020_Z03_Bag_Sealing_And_Stitching_Stn,"Sealing Station Band Sealer Machine Temperature OK",,"R3020_Z03_Bag_Sealing_And_Stitching_Stn.OUTPUT[4]"
COMMENT,,R3020_Z03_Bag_Sealing_And_Stitching_Stn,"Sealing Station Band Sealer Machine Ready",,"R3020_Z03_Bag_Sealing_And_Stitching_Stn.OUTPUT[5]"
COMMENT,,R3020_Z03_Bag_Sealing_And_Stitching_Stn,"Check For Bag present on Entry Sensor on Bag Sealing Station",,"R3020_Z03_Bag_Sealing_And_Stitching_Stn.OUTPUT[6]"
COMMENT,,R3020_Z03_Bag_Sealing_And_Stitching_Stn,"Wait For Sealing Conveyor Start Foot Switch",,"R3020_Z03_Bag_Sealing_And_Stitching_Stn.OUTPUT[7]"
COMMENT,,R3020_Z03_Bag_Sealing_And_Stitching_Stn,"Check For Bag present on Exit Sensor on Bag Sealing Station",,"R3020_Z03_Bag_Sealing_And_Stitching_Stn.OUTPUT[8]"
COMMENT,,R3020_Z03_Bag_Sealing_And_Stitching_Stn,"Wait For Stitching Station Cycle Start Foot Switch",,"R3020_Z03_Bag_Sealing_And_Stitching_Stn.OUTPUT[9]"
COMMENT,,R3020_Z03_Bag_Sealing_And_Stitching_Stn,"Check For Bag present on Entry Sensor on Bag Stitching Station",,"R3020_Z03_Bag_Sealing_And_Stitching_Stn.OUTPUT[10]"
COMMENT,,R3020_Z03_Bag_Sealing_And_Stitching_Stn,"Wait For Bag Stitching Start Trigger Sensor And Stitching Motor Start Cmd",,"R3020_Z03_Bag_Sealing_And_Stitching_Stn.OUTPUT[11]"
COMMENT,,R3020_Z03_Bag_Sealing_And_Stitching_Stn,"Wait For Bag Stitching Stop Trigger Sensor stiching on till exit",,"R3020_Z03_Bag_Sealing_And_Stitching_Stn.OUTPUT[12]"
COMMENT,,R3020_Z03_Bag_Sealing_And_Stitching_Stn,"Stitching Station Thread Cutter Cylinder Fwd Cmd Wait For Fwd FB",,"R3020_Z03_Bag_Sealing_And_Stitching_Stn.OUTPUT[13]"
COMMENT,,R3020_Z03_Bag_Sealing_And_Stitching_Stn,"Stitching Station Thread Cutter Cylinder Rev Cmd Wait For Rev FB",,"R3020_Z03_Bag_Sealing_And_Stitching_Stn.OUTPUT[14]"
COMMENT,,R3020_Z03_Bag_Sealing_And_Stitching_Stn,"Start Bag_Sealing_And_Stitching_Station Vfd Cmd Untill  Bag present Exit Sensor off Bag_Sealing_And_Stitching_Station",,"R3020_Z03_Bag_Sealing_And_Stitching_Stn.OUTPUT[15]"
COMMENT,,R3020_Z03_Bag_Sealing_And_Stitching_Stn,"Cycle Complete",,"R3020_Z03_Bag_Sealing_And_Stitching_Stn.OUTPUT[16]"
TAG,,R3030_Z03_Bag_Tilting_Station_Conveyor,"","UDT_Sequencer","","(Class := Standard, Constant := false, ExternalAccess := Read/Write)"
COMMENT,,R3030_Z03_Bag_Tilting_Station_Conveyor,"Waiting For Home",,"R3030_Z03_Bag_Tilting_Station_Conveyor.OUTPUT[1]"
COMMENT,,R3030_Z03_Bag_Tilting_Station_Conveyor,"Wait For System Start Cmd",,"R3030_Z03_Bag_Tilting_Station_Conveyor.OUTPUT[2]"
COMMENT,,R3030_Z03_Bag_Tilting_Station_Conveyor,"Check For Bag present on Entry Sensor on Bag Tilting Conveyor",,"R3030_Z03_Bag_Tilting_Station_Conveyor.OUTPUT[3]"
COMMENT,,R3030_Z03_Bag_Tilting_Station_Conveyor,"Start Bag Tilting Vfd Cmd Untill  Bag present Exit Sensor off Bag TiltingConveyor",,"R3030_Z03_Bag_Tilting_Station_Conveyor.OUTPUT[4]"
COMMENT,,R3030_Z03_Bag_Tilting_Station_Conveyor,"Cycle Complete",,"R3030_Z03_Bag_Tilting_Station_Conveyor.OUTPUT[5]"
TAG,,R3040_Z03_Bag_Flatening_Station_Conveyor,"","UDT_Sequencer","","(Class := Standard, Constant := false, ExternalAccess := Read/Write)"
COMMENT,,R3040_Z03_Bag_Flatening_Station_Conveyor,"Waiting For Home",,"R3040_Z03_Bag_Flatening_Station_Conveyor.OUTPUT[1]"
COMMENT,,R3040_Z03_Bag_Flatening_Station_Conveyor,"Wait For System Start Cmd",,"R3040_Z03_Bag_Flatening_Station_Conveyor.OUTPUT[2]"
COMMENT,,R3040_Z03_Bag_Flatening_Station_Conveyor,"Check For Bag present on Entry Sensor on Bag Flatenning Conveyor",,"R3040_Z03_Bag_Flatening_Station_Conveyor.OUTPUT[3]"
COMMENT,,R3040_Z03_Bag_Flatening_Station_Conveyor,"Start Top And bottom Flattening Vfd Cmd Untill  Bag present Exit Sensor off Bag Flatenning Conveyor",,"R3040_Z03_Bag_Flatening_Station_Conveyor.OUTPUT[4]"
COMMENT,,R3040_Z03_Bag_Flatening_Station_Conveyor,"Cycle Complete",,"R3040_Z03_Bag_Flatening_Station_Conveyor.OUTPUT[5]"
TAG,,R3050_Z03_Metal_Detector_Conveyor_Stn,"","UDT_Sequencer","","(Class := Standard, Constant := false, ExternalAccess := Read/Write)"
COMMENT,,R3050_Z03_Metal_Detector_Conveyor_Stn,"Waiting For Home",,"R3050_Z03_Metal_Detector_Conveyor_Stn.OUTPUT[1]"
COMMENT,,R3050_Z03_Metal_Detector_Conveyor_Stn,"Wait For System Start Cmd",,"R3050_Z03_Metal_Detector_Conveyor_Stn.OUTPUT[2]"
COMMENT,,R3050_Z03_Metal_Detector_Conveyor_Stn,"Check For  Bag Present On Metal Detector Station Bag Entry Sensor",,"R3050_Z03_Metal_Detector_Conveyor_Stn.OUTPUT[3]"
COMMENT,,R3050_Z03_Metal_Detector_Conveyor_Stn,"Check For Bag Exit Sensor off Metal_Detector_Conveyor_Station",,"R3050_Z03_Metal_Detector_Conveyor_Stn.OUTPUT[4]"
COMMENT,,R3050_Z03_Metal_Detector_Conveyor_Stn,"Cycle Complete",,"R3050_Z03_Metal_Detector_Conveyor_Stn.OUTPUT[5]"
TAG,,R3060_Z03_Rejection_Conveyor_Station,"","UDT_Sequencer","","(Class := Standard, Constant := false, ExternalAccess := Read/Write)"
COMMENT,,R3060_Z03_Rejection_Conveyor_Station,"Waiting For Home",,"R3060_Z03_Rejection_Conveyor_Station.OUTPUT[1]"
COMMENT,,R3060_Z03_Rejection_Conveyor_Station,"Wait For System Start Cmd",,"R3060_Z03_Rejection_Conveyor_Station.OUTPUT[2]"
COMMENT,,R3060_Z03_Rejection_Conveyor_Station,"Rejection Station Pusher Cyl Reverse Cmd, Wait For Reverse Fb",,"R3060_Z03_Rejection_Conveyor_Station.OUTPUT[3]"
COMMENT,,R3060_Z03_Rejection_Conveyor_Station,"Check For Bag present on Entry Sensor on Bag _Rejection_Conveyor",,"R3060_Z03_Rejection_Conveyor_Station.OUTPUT[4]"
COMMENT,,R3060_Z03_Rejection_Conveyor_Station,"Bag _Rejection_Conveyor Start",,"R3060_Z03_Rejection_Conveyor_Station.OUTPUT[5]"
COMMENT,,R3060_Z03_Rejection_Conveyor_Station,"Check Bag Rejection Status(If Rejected)",,"R3060_Z03_Rejection_Conveyor_Station.OUTPUT[6]"
COMMENT,,R3060_Z03_Rejection_Conveyor_Station,"Check For Rejection Station Bag Present Sensor",,"R3060_Z03_Rejection_Conveyor_Station.OUTPUT[7]"
COMMENT,,R3060_Z03_Rejection_Conveyor_Station,"Rejection Station Pusher Cyl Forward Cmd, Wait For Forward Fb",,"R3060_Z03_Rejection_Conveyor_Station.OUTPUT[8]"
COMMENT,,R3060_Z03_Rejection_Conveyor_Station,"Rejection Station Pusher Cyl Reverse Cmd, Wait For Reverse Fb",,"R3060_Z03_Rejection_Conveyor_Station.OUTPUT[9]"
COMMENT,,R3060_Z03_Rejection_Conveyor_Station,"Check For Bag Exit Sensor off Bag _Rejection_Conveyor",,"R3060_Z03_Rejection_Conveyor_Station.OUTPUT[10]"
COMMENT,,R3060_Z03_Rejection_Conveyor_Station,"Cycle Complete",,"R3060_Z03_Rejection_Conveyor_Station.OUTPUT[11]"
TAG,,Recipe_1,"","UDT_System_Recipe","","(Class := Standard, Constant := false, ExternalAccess := Read/Write)"
TAG,,Recipe_10,"","UDT_System_Recipe","","(Class := Standard, Constant := false, ExternalAccess := Read/Write)"
TAG,,Recipe_2,"","UDT_System_Recipe","","(Class := Standard, Constant := false, ExternalAccess := Read/Write)"
TAG,,Recipe_3,"","UDT_System_Recipe","","(Class := Standard, Constant := false, ExternalAccess := Read/Write)"
TAG,,Recipe_4,"","UDT_System_Recipe","","(Class := Standard, Constant := false, ExternalAccess := Read/Write)"
TAG,,Recipe_5,"","UDT_System_Recipe","","(Class := Standard, Constant := false, ExternalAccess := Read/Write)"
TAG,,Recipe_6,"","UDT_System_Recipe","","(Class := Standard, Constant := false, ExternalAccess := Read/Write)"
TAG,,Recipe_7,"","UDT_System_Recipe","","(Class := Standard, Constant := false, ExternalAccess := Read/Write)"
TAG,,Recipe_8,"","UDT_System_Recipe","","(Class := Standard, Constant := false, ExternalAccess := Read/Write)"
TAG,,Recipe_9,"","UDT_System_Recipe","","(Class := Standard, Constant := false, ExternalAccess := Read/Write)"
TAG,,Recipe_Loaded,"","BOOL","","(Class := Standard, RADIX := Decimal, Constant := false, ExternalAccess := Read/Write)"
TAG,,Recipe_Load_TON,"","TIMER","","(Class := Standard, Constant := false, ExternalAccess := Read/Write)"
TAG,,Recipe_Name,"","STRING","","(Class := Standard, Constant := false, ExternalAccess := Read/Write)"
TAG,,Recipe_Number,"","INT","","(Class := Standard, RADIX := Decimal, Constant := false, ExternalAccess := Read/Write)"
TAG,,Recipe_Restored,"","BOOL","","(Class := Standard, RADIX := Decimal, Constant := false, ExternalAccess := Read/Write)"
TAG,,Recipe_Restore_TON,"","TIMER","","(Class := Standard, Constant := false, ExternalAccess := Read/Write)"
TAG,,Recipe_Running,"","UDT_System_Recipe","","(Class := Standard, Constant := false, ExternalAccess := Read/Write)"
TAG,,Recipe_Saved,"","BOOL","","(Class := Standard, RADIX := Decimal, Constant := false, ExternalAccess := Read/Write)"
TAG,,Recipe_Save_TON,"","TIMER","","(Class := Standard, Constant := false, ExternalAccess := Read/Write)"
TAG,,Recipe_Total_Target_Weight,"","REAL","","(Class := Standard, RADIX := Float, Constant := false, ExternalAccess := Read/Write)"
TAG,,Rejection_Stn_Rejection_Status,"","INT","","(Class := Standard, RADIX := Decimal, Constant := false, ExternalAccess := Read/Write)"
TAG,,RIO01_DI,"","BOOL[64]","","(Class := Standard, RADIX := Decimal, Constant := false, ExternalAccess := Read/Write)"
COMMENT,,RIO01_DI,"DI01_System_Start_PB",,"RIO01_DI[1]"
COMMENT,,RIO01_DI,"DI02_System_Stop_PB",,"RIO01_DI[2]"
COMMENT,,RIO01_DI,"DI03_System_Reset_PB",,"RIO01_DI[3]"
COMMENT,,RIO01_DI,"DI04_Safety Reset PB",,"RIO01_DI[4]"
COMMENT,,RIO01_DI,"DI05_Spare",,"RIO01_DI[5]"
COMMENT,,RIO01_DI,"DI06_Spare",,"RIO01_DI[6]"
COMMENT,,RIO01_DI,"DI07_Spare",,"RIO01_DI[7]"
COMMENT,,RIO01_DI,"DI08_Chopper Air Pressure  Switch",,"RIO01_DI[8]"
COMMENT,,RIO01_DI,"DI09_Spare",,"RIO01_DI[9]"
COMMENT,,RIO01_DI,"DI10_Chopper-1 Start PB",,"RIO01_DI[10]"
COMMENT,,RIO01_DI,"DI11_Chopper-1 Stop PB",,"RIO01_DI[11]"
COMMENT,,RIO01_DI,"DI12_Spare DI",,"RIO01_DI[12]"
COMMENT,,RIO01_DI,"DI13_Spare",,"RIO01_DI[13]"
COMMENT,,RIO01_DI,"DI14_Chopper-2 Start PB",,"RIO01_DI[14]"
COMMENT,,RIO01_DI,"DI15_Chopper-2 Stop PB",,"RIO01_DI[15]"
COMMENT,,RIO01_DI,"DI16_Spare DI",,"RIO01_DI[16]"
COMMENT,,RIO01_DI,"DI17_Chopper-1 PU Cylinder-1 Fwd FB",,"RIO01_DI[17]"
COMMENT,,RIO01_DI,"DI18_Spare",,"RIO01_DI[18]"
COMMENT,,RIO01_DI,"DI19_Chopper-1 PU Cylinder-2 Fwd FB",,"RIO01_DI[19]"
COMMENT,,RIO01_DI,"DI19_Spare",,"RIO01_DI[20]"
COMMENT,,RIO01_DI,"DI21__Spare",,"RIO01_DI[21]"
COMMENT,,RIO01_DI,"DI22__Spare",,"RIO01_DI[22]"
COMMENT,,RIO01_DI,"DI23_Spare DI",,"RIO01_DI[23]"
COMMENT,,RIO01_DI,"DI24_Spare",,"RIO01_DI[24]"
COMMENT,,RIO01_DI,"DI25_Chopper-2 PU Cylinder-1 Fwd FB",,"RIO01_DI[25]"
COMMENT,,RIO01_DI,"DI26__Spare",,"RIO01_DI[26]"
COMMENT,,RIO01_DI,"DI27_Chopper-2 PU Cylinder-2 Fwd FB",,"RIO01_DI[27]"
COMMENT,,RIO01_DI,"DI28__Spare",,"RIO01_DI[28]"
COMMENT,,RIO01_DI,"DI29__Spare",,"RIO01_DI[29]"
COMMENT,,RIO01_DI,"DI30__Spare",,"RIO01_DI[30]"
COMMENT,,RIO01_DI,"DI31_Safety Door 01 OpenRequest PB",,"RIO01_DI[31]"
COMMENT,,RIO01_DI,"DI32_Safety Door 01 CloseRequest PB",,"RIO01_DI[32]"
COMMENT,,RIO01_DI,"DI33_Spare",,"RIO01_DI[33]"
COMMENT,,RIO01_DI,"DI34_Spreader Start PB",,"RIO01_DI[34]"
COMMENT,,RIO01_DI,"DI35_Spreader Stop PB",,"RIO01_DI[35]"
COMMENT,,RIO01_DI,"DI36_Safety Door 02 OpenRequest PB",,"RIO01_DI[36]"
COMMENT,,RIO01_DI,"DI37_Safety Door 02 CloseRequest PB",,"RIO01_DI[37]"
COMMENT,,RIO01_DI,"DI38_Spare",,"RIO01_DI[38]"
COMMENT,,RIO01_DI,"DI39_Applicator Start PB",,"RIO01_DI[39]"
COMMENT,,RIO01_DI,"DI40_Applicator Stop PB",,"RIO01_DI[40]"
COMMENT,,RIO01_DI,"DI41_Spare DI",,"RIO01_DI[41]"
COMMENT,,RIO01_DI,"DI42_Chopper Motor-1 MPCB Healthy",,"RIO01_DI[42]"
COMMENT,,RIO01_DI,"DI43_Chopper Motor-2 MPCB Healthy",,"RIO01_DI[43]"
COMMENT,,RIO01_DI,"DI44_Anti-Static Coating Roller MPCB Healthy",,"RIO01_DI[44]"
COMMENT,,RIO01_DI,"DI45_Spreader Motor-2 MPCB Healthy",,"RIO01_DI[45]"
COMMENT,,RIO01_DI,"DI46_Feeders-1 MPCB Healthy",,"RIO01_DI[46]"
COMMENT,,RIO01_DI,"DI47_Feeders-2 MPCB Healthy",,"RIO01_DI[47]"
COMMENT,,RIO01_DI,"DI48_Feeders-3 MPCB Healthy",,"RIO01_DI[48]"
COMMENT,,RIO01_DI,"DI49_Spare DI",,"RIO01_DI[49]"
COMMENT,,RIO01_DI,"DI50_Spare DI",,"RIO01_DI[50]"
COMMENT,,RIO01_DI,"DI51_Spare DI",,"RIO01_DI[51]"
COMMENT,,RIO01_DI,"DI52_Spare DI",,"RIO01_DI[52]"
COMMENT,,RIO01_DI,"DI53_Spare DI",,"RIO01_DI[53]"
COMMENT,,RIO01_DI,"DI54_Spare DI",,"RIO01_DI[54]"
COMMENT,,RIO01_DI,"DI55_Spare DI",,"RIO01_DI[55]"
COMMENT,,RIO01_DI,"DI56_Spare DI",,"RIO01_DI[56]"
TAG,,RIO01_DO,"","BOOL[64]","","(Class := Standard, RADIX := Decimal, Constant := false, ExternalAccess := Read/Write)"
COMMENT,,RIO01_DO,"DO01_Chopper Tower Lamp Red",,"RIO01_DO[1]"
COMMENT,,RIO01_DO,"DO02_Chopper Tower Lamp Amber",,"RIO01_DO[2]"
COMMENT,,RIO01_DO,"DO03_Chopper Tower Lamp Green",,"RIO01_DO[3]"
COMMENT,,RIO01_DO,"DO04_Chopper Tower Lamp Buzzer",,"RIO01_DO[4]"
COMMENT,,RIO01_DO,"DO05_Chopper System Start PB Green Lamp",,"RIO01_DO[5]"
COMMENT,,RIO01_DO,"DO06_Chopper System Reset PB Blue Lamp",,"RIO01_DO[6]"
COMMENT,,RIO01_DO,"DO07_Chopper System Safety Reset PB Yellow Lamp",,"RIO01_DO[7]"
COMMENT,,RIO01_DO,"DO08_Spare DO",,"RIO01_DO[8]"
COMMENT,,RIO01_DO,"DO09_Chopper-1 Start PB Lamp",,"RIO01_DO[9]"
COMMENT,,RIO01_DO,"DO10_Chopper-1 PU Cylinder-1 Fwd SOV",,"RIO01_DO[10]"
COMMENT,,RIO01_DO,"DO11_Chopper-1 PU Cylinder-1 Rev SOV",,"RIO01_DO[11]"
COMMENT,,RIO01_DO,"DO12_Chopper-1 PU Cylinder-2 Fwd SOV",,"RIO01_DO[12]"
COMMENT,,RIO01_DO,"DO13_Chopper-1 PU Cylinder-2 Rev SOV",,"RIO01_DO[13]"
COMMENT,,RIO01_DO,"DO14_Chopper-1 Pressure Roller Cylinder Fwd SOV",,"RIO01_DO[14]"
COMMENT,,RIO01_DO,"DO15_Chopper-1 Pressure Roller Cylinder Rev SOV",,"RIO01_DO[15]"
COMMENT,,RIO01_DO,"DO16_Spare DO",,"RIO01_DO[16]"
COMMENT,,RIO01_DO,"DO17_Chopper-2 Start PB Lamp",,"RIO01_DO[17]"
COMMENT,,RIO01_DO,"DO18_Chopper-2 PU Cylinder-1 Fwd SOV",,"RIO01_DO[18]"
COMMENT,,RIO01_DO,"DO19_Chopper-2 PU Cylinder-1 Rev SOV",,"RIO01_DO[19]"
COMMENT,,RIO01_DO,"DO20_Chopper-2 PU Cylinder-2 Fwd SOV",,"RIO01_DO[20]"
COMMENT,,RIO01_DO,"DO21_Chopper-2 PU Cylinder-2 Rev SOV",,"RIO01_DO[21]"
COMMENT,,RIO01_DO,"DO22_Chopper-2 Pressure Roller Cylinder Fwd SOV",,"RIO01_DO[22]"
COMMENT,,RIO01_DO,"DO23_Chopper-2 Pressure Roller Cylinder Rev SOV",,"RIO01_DO[23]"
COMMENT,,RIO01_DO,"DO24_Spare DO",,"RIO01_DO[24]"
COMMENT,,RIO01_DO,"DO25_Spreader Start PB Lamp",,"RIO01_DO[25]"
COMMENT,,RIO01_DO,"DO26_Applicator Start PB Lamp",,"RIO01_DO[26]"
COMMENT,,RIO01_DO,"DO27_Feeders-1 Enable",,"RIO01_DO[27]"
COMMENT,,RIO01_DO,"DO28_Feeders-2 Enable",,"RIO01_DO[28]"
COMMENT,,RIO01_DO,"DO29_Feeders-3 Enable",,"RIO01_DO[29]"
COMMENT,,RIO01_DO,"DO30_Spare DO",,"RIO01_DO[30]"
COMMENT,,RIO01_DO,"DO31_Safety Door 01 OpenRequest Lamp",,"RIO01_DO[31]"
COMMENT,,RIO01_DO,"DO32_Safety Door 01 CloseRequest Lamp",,"RIO01_DO[32]"
COMMENT,,RIO01_DO,"DO33_Safety Door 02 OpenRequest Lamp",,"RIO01_DO[33]"
COMMENT,,RIO01_DO,"DO34_Safety Door 02 CloseRequest lamp",,"RIO01_DO[34]"
COMMENT,,RIO01_DO,"DO35_Spare DO",,"RIO01_DO[35]"
COMMENT,,RIO01_DO,"DO36_Spare DO",,"RIO01_DO[36]"
COMMENT,,RIO01_DO,"DO37_Spare DO",,"RIO01_DO[37]"
COMMENT,,RIO01_DO,"DO38_Spare DO",,"RIO01_DO[38]"
COMMENT,,RIO01_DO,"DO39_Spare DO",,"RIO01_DO[39]"
COMMENT,,RIO01_DO,"DO40_Spare DO",,"RIO01_DO[40]"
COMMENT,,RIO01_DO,"DO41_Spare DO",,"RIO01_DO[41]"
COMMENT,,RIO01_DO,"DO42_Spare DO",,"RIO01_DO[42]"
TAG,,RIO01_SDI,"","BOOL[32]","","(Class := Safety, RADIX := Decimal, Constant := false, ExternalAccess := Read/Write)"
COMMENT,,RIO01_SDI,"SDI1_Chopper HMI E-Stop 1/1",,"RIO01_SDI[1]"
COMMENT,,RIO01_SDI,"SDI2_Chopper HMI E-Stop 1/2",,"RIO01_SDI[2]"
COMMENT,,RIO01_SDI,"SDI3_Chopper Door Switch 1/1",,"RIO01_SDI[3]"
COMMENT,,RIO01_SDI,"SDI4_Chopper Door Switch 1/2",,"RIO01_SDI[4]"
COMMENT,,RIO01_SDI,"SDI5_Chopper Door Switch 2/1",,"RIO01_SDI[5]"
COMMENT,,RIO01_SDI,"SDI6_Chopper Door Switch 2/2",,"RIO01_SDI[6]"
COMMENT,,RIO01_SDI,"SDI7_Chopper Door Switch E-Stop 2/1",,"RIO01_SDI[7]"
COMMENT,,RIO01_SDI,"SDI8_Chopper Door Switch E-Stop 2/2",,"RIO01_SDI[8]"
TAG,,RIO01_SDO,"","BOOL[32]","","(Class := Safety, RADIX := Decimal, Constant := false, ExternalAccess := Read/Write)"
COMMENT,,RIO01_SDO,"SDO01_Chopper Safety Healhy 1/1",,"RIO01_SDO[1]"
COMMENT,,RIO01_SDO,"SDO02_Chopper Safety Healhy 1/2",,"RIO01_SDO[2]"
COMMENT,,RIO01_SDO,"SDO3_Air Relief Valve1/1",,"RIO01_SDO[3]"
COMMENT,,RIO01_SDO,"SDO4_Air Relief Valve1/2",,"RIO01_SDO[4]"
COMMENT,,RIO01_SDO,"SDO5_Chopper Door Switch Coil 1/1",,"RIO01_SDO[5]"
COMMENT,,RIO01_SDO,"SDO6_Chopper Door Switch Coil 1/2",,"RIO01_SDO[6]"
COMMENT,,RIO01_SDO,"SDO7_Chopper Door Switch Coil 2/1",,"RIO01_SDO[7]"
COMMENT,,RIO01_SDO,"SDO8_Chopper Door Switch Coil 2/2",,"RIO01_SDO[8]"
TAG,,RIO02_DI,"","BOOL[64]","","(Class := Standard, RADIX := Decimal, Constant := false, ExternalAccess := Read/Write)"
COMMENT,,RIO02_DI,"DI01_System Start PB",,"RIO02_DI[1]"
COMMENT,,RIO02_DI,"DI02_System Stop PB",,"RIO02_DI[2]"
COMMENT,,RIO02_DI,"DI03_System Reset PB",,"RIO02_DI[3]"
COMMENT,,RIO02_DI,"DI04_Safety Reset PB",,"RIO02_DI[4]"
COMMENT,,RIO02_DI,"DI05_Spare DI",,"RIO02_DI[5]"
COMMENT,,RIO02_DI,"DI06_Spare DI",,"RIO02_DI[6]"
COMMENT,,RIO02_DI,"DI07_3 Phase Supply Ok",,"RIO02_DI[7]"
COMMENT,,RIO02_DI,"DI08_Dryer Air Pressure",,"RIO02_DI[8]"
COMMENT,,RIO02_DI,"DI09_Spare DI",,"RIO02_DI[9]"
COMMENT,,RIO02_DI,"DI10_Spare DI",,"RIO02_DI[10]"
COMMENT,,RIO02_DI,"DI11_Spare DI",,"RIO02_DI[11]"
COMMENT,,RIO02_DI,"DI12_Spare DI",,"RIO02_DI[12]"
COMMENT,,RIO02_DI,"DI13_Dryer Heating Zone Inlet Blower MPCB Healthy",,"RIO02_DI[13]"
COMMENT,,RIO02_DI,"DI14_Dryer Heating Zone Dust Collector MPCB Healthy",,"RIO02_DI[14]"
COMMENT,,RIO02_DI,"DI15_Dryer Cooling Zone Inlet Blower MPCB Healthy",,"RIO02_DI[15]"
COMMENT,,RIO02_DI,"DI16_Dryer Cooling Zone Dust Collector MPCB Healthy",,"RIO02_DI[16]"
COMMENT,,RIO02_DI,"DI17_Dryer Conveyor Motor MPCB Healthy",,"RIO02_DI[17]"
COMMENT,,RIO02_DI,"DI18_Dryer Outlet Vibratory feeder-1 MPCB Healthy",,"RIO02_DI[18]"
COMMENT,,RIO02_DI,"DI19_Dryer Outlet Vibratory feeder-2 MPCB Healthy",,"RIO02_DI[19]"
COMMENT,,RIO02_DI,"DI20_Brush Roller Motor-1 MPCB Healthy",,"RIO02_DI[20]"
COMMENT,,RIO02_DI,"DI21_Brush Roller Motor-2 MPCB Healthy",,"RIO02_DI[21]"
COMMENT,,RIO02_DI,"DI22_Gas Burner MPCB Healthy",,"RIO02_DI[22]"
COMMENT,,RIO02_DI,"DI23_Spare DI",,"RIO02_DI[23]"
COMMENT,,RIO02_DI,"DI24_Spare DI",,"RIO02_DI[24]"
COMMENT,,RIO02_DI,"DI25_Spare DI",,"RIO02_DI[25]"
COMMENT,,RIO02_DI,"DI26_Spare DI",,"RIO02_DI[26]"
COMMENT,,RIO02_DI,"DI27_Dryer Heating Zone Dust Collector Level High",,"RIO02_DI[27]"
COMMENT,,RIO02_DI,"DI28_Dryer Cooling Zone Dust Collector Level High",,"RIO02_DI[28]"
COMMENT,,RIO02_DI,"DI29_Spare DI",,"RIO02_DI[29]"
COMMENT,,RIO02_DI,"DI30_Spare DI",,"RIO02_DI[30]"
COMMENT,,RIO02_DI,"DI31_Spare DI",,"RIO02_DI[31]"
COMMENT,,RIO02_DI,"DI32_Spare DI",,"RIO02_DI[32]"
COMMENT,,RIO02_DI,"DI33_Dryer Conveyor Tension Cylinder Air Pressure SW",,"RIO02_DI[33]"
COMMENT,,RIO02_DI,"DI34_Dryer Conveyor Tension Cylinder Fwd Reed Switch 1",,"RIO02_DI[34]"
COMMENT,,RIO02_DI,"DI35_Dryer Conveyor Tension Cylinder Fwd Reed Switch 2",,"RIO02_DI[35]"
COMMENT,,RIO02_DI,"DI36_Dryer Conveyor LH Belt Shift Proxy Sensor-1",,"RIO02_DI[36]"
COMMENT,,RIO02_DI,"DI37_Dryer Conveyor LH Belt Shift Proxy Sensor-2",,"RIO02_DI[37]"
COMMENT,,RIO02_DI,"DI38_Dryer Conveyor RH Belt Shift Proxy Sensor-1",,"RIO02_DI[38]"
COMMENT,,RIO02_DI,"DI39_Dryer Conveyor RH Belt Shift Proxy Sensor-2",,"RIO02_DI[39]"
COMMENT,,RIO02_DI,"DI40_Dryer Heating Zone Inlet Blower Belt Safety Proxy Sensor",,"RIO02_DI[40]"
COMMENT,,RIO02_DI,"DI41_Dryer Heating Zone Outlet Blower Belt Safety Proxy Sensor",,"RIO02_DI[41]"
COMMENT,,RIO02_DI,"DI42_Spare DI",,"RIO02_DI[42]"
COMMENT,,RIO02_DI,"DI43_Dryer Conveyor Start PB",,"RIO02_DI[43]"
COMMENT,,RIO02_DI,"DI44_Dryer Conveyor Stop PB",,"RIO02_DI[44]"
COMMENT,,RIO02_DI,"DI45__Burner Trip",,"RIO02_DI[45]"
COMMENT,,RIO02_DI,"DI46_Burner On",,"RIO02_DI[46]"
COMMENT,,RIO02_DI,"DI47_Spare DI",,"RIO02_DI[47]"
COMMENT,,RIO02_DI,"DI48_Spare DI",,"RIO02_DI[48]"
COMMENT,,RIO02_DI,"DI49_Dryer COOLING Zone Outlet Blower Belt Safety Proxy Sensor",,"RIO02_DI[49]"
COMMENT,,RIO02_DI,"DI50_Dryer Cooling Zone Dust Collector Level High",,"RIO02_DI[50]"
COMMENT,,RIO02_DI,"DI51_Spare DI",,"RIO02_DI[51]"
COMMENT,,RIO02_DI,"DI52_Spare DI",,"RIO02_DI[52]"
COMMENT,,RIO02_DI,"DI53_Spare DI",,"RIO02_DI[53]"
COMMENT,,RIO02_DI,"DI54_BRM01_Disconnector_FB",,"RIO02_DI[54]"
COMMENT,,RIO02_DI,"DI55_BRM02_Disconnector_FB",,"RIO02_DI[55]"
COMMENT,,RIO02_DI,"DI56_Spare DI",,"RIO02_DI[56]"
TAG,,RIO02_DO,"","BOOL[64]","","(Class := Standard, RADIX := Decimal, Constant := false, ExternalAccess := Read/Write)"
COMMENT,,RIO02_DO,"DO01_Dryer Tower Lamp Red",,"RIO02_DO[1]"
COMMENT,,RIO02_DO,"DO02_Dryer Tower Lamp Amber",,"RIO02_DO[2]"
COMMENT,,RIO02_DO,"DO03_Dryer Tower Lamp Green",,"RIO02_DO[3]"
COMMENT,,RIO02_DO,"DO04_Dryer Tower Lamp Buzzer",,"RIO02_DO[4]"
COMMENT,,RIO02_DO,"DO05_Dryer System Start PB Green Lamp",,"RIO02_DO[5]"
COMMENT,,RIO02_DO,"DO06_Dryer System Reset PB Blue Lamp",,"RIO02_DO[6]"
COMMENT,,RIO02_DO,"DO07_Dryer System Safety Reset PB Yellow Lamp",,"RIO02_DO[7]"
COMMENT,,RIO02_DO,"DO08_Spare DO",,"RIO02_DO[8]"
COMMENT,,RIO02_DO,"DO09_Brush Roller Motor-1 Enable",,"RIO02_DO[9]"
COMMENT,,RIO02_DO,"DO10_Brush Roller Motor-2 Enable",,"RIO02_DO[10]"
COMMENT,,RIO02_DO,"DO11_Dryer Heating Zone Dust Collector PV01",,"RIO02_DO[11]"
COMMENT,,RIO02_DO,"DO12_Dryer Heating Zone Dust Collector PV02",,"RIO02_DO[12]"
COMMENT,,RIO02_DO,"DO13_Dryer Heating Zone Dust Collector PV03",,"RIO02_DO[13]"
COMMENT,,RIO02_DO,"DO14_Dryer Cooling Zone Dust Collector PV01",,"RIO02_DO[14]"
COMMENT,,RIO02_DO,"DO15_Dryer Cooling Zone Dust Collector PV02",,"RIO02_DO[15]"
COMMENT,,RIO02_DO,"DO16_Dryer Cooling Zone Dust Collector PV03",,"RIO02_DO[16]"
COMMENT,,RIO02_DO,"DO17_Spare DO",,"RIO02_DO[17]"
COMMENT,,RIO02_DO,"DO18_Spare DO",,"RIO02_DO[18]"
COMMENT,,RIO02_DO,"DO19_Spare DO",,"RIO02_DO[19]"
COMMENT,,RIO02_DO,"DO20_Spare DO",,"RIO02_DO[20]"
COMMENT,,RIO02_DO,"DO21_Gas Burner Enable",,"RIO02_DO[21]"
COMMENT,,RIO02_DO,"DO22_Gas Burner High Flame Enable",,"RIO02_DO[22]"
COMMENT,,RIO02_DO,"DO23_Gas Burner Low Flame Enable",,"RIO02_DO[23]"
COMMENT,,RIO02_DO,"DO24_Dryer Conveyor Start PB Lamp",,"RIO02_DO[24]"
COMMENT,,RIO02_DO,"DO25_Spare DO",,"RIO02_DO[25]"
COMMENT,,RIO02_DO,"DO26_Spare DO",,"RIO02_DO[26]"
COMMENT,,RIO02_DO,"DO27_Spare DO",,"RIO02_DO[27]"
COMMENT,,RIO02_DO,"DO28_Spare DO",,"RIO02_DO[28]"
COMMENT,,RIO02_DO,"DO29_Spare DO",,"RIO02_DO[29]"
COMMENT,,RIO02_DO,"DO30_BurnerMotorOn",,"RIO02_DO[30]"
COMMENT,,RIO02_DO,"DO31_BurnerStart",,"RIO02_DO[31]"
COMMENT,,RIO02_DO,"DO32_Spare DO",,"RIO02_DO[32]"
TAG,,RIO02_SDI,"","BOOL[32]","","(Class := Safety, RADIX := Decimal, Constant := false, ExternalAccess := Read/Write)"
COMMENT,,RIO02_SDI,"SDI1_Dryer Infeed-1 E-Stop 1/1",,"RIO02_SDI[1]"
COMMENT,,RIO02_SDI,"SDI2_Dryer Infeed-1 E-Stop 1/2",,"RIO02_SDI[2]"
COMMENT,,RIO02_SDI,"SDI3_Dryer Outfeed-1 E-Stop 1/1",,"RIO02_SDI[3]"
COMMENT,,RIO02_SDI,"SDI4_Dryer Outfeed-1 E-Stop 1/2",,"RIO02_SDI[4]"
COMMENT,,RIO02_SDI,"SDI5_Dryer Infeed-2 E-Stop 1/1",,"RIO02_SDI[5]"
COMMENT,,RIO02_SDI,"SDI6_Dryer Infeed-2 E-Stop 1/2",,"RIO02_SDI[6]"
COMMENT,,RIO02_SDI,"SDI7_Dryer Outfeed-2 E-Stop 1/1",,"RIO02_SDI[7]"
COMMENT,,RIO02_SDI,"SDI8_Dryer Outfeed-2 E-Stop 1/2",,"RIO02_SDI[8]"
COMMENT,,RIO02_SDI,"SDI9_Dryer HMI E-Stop 1/1",,"RIO02_SDI[9]"
COMMENT,,RIO02_SDI,"SDI10_Dryer HMI E-Stop 1/2",,"RIO02_SDI[10]"
COMMENT,,RIO02_SDI,"SDI11_Dryer Burner E-Stop 1/1",,"RIO02_SDI[11]"
COMMENT,,RIO02_SDI,"SDI12_Dryer Burner E-Stop 1/2",,"RIO02_SDI[12]"
COMMENT,,RIO02_SDI,"SDI13_Spare",,"RIO02_SDI[13]"
COMMENT,,RIO02_SDI,"SDI14_Spare",,"RIO02_SDI[14]"
COMMENT,,RIO02_SDI,"SDI15_Spare",,"RIO02_SDI[15]"
COMMENT,,RIO02_SDI,"SDI16_Spare",,"RIO02_SDI[16]"
TAG,,RIO02_SDO,"","BOOL[32]","","(Class := Safety, RADIX := Decimal, Constant := false, ExternalAccess := Read/Write)"
COMMENT,,RIO02_SDO,"SDO1_Dryer Safety Healhy 1/1",,"RIO02_SDO[1]"
COMMENT,,RIO02_SDO,"SDO2_Dryer Safety Healhy 1/2",,"RIO02_SDO[2]"
COMMENT,,RIO02_SDO,"SDO3_Spare",,"RIO02_SDO[3]"
COMMENT,,RIO02_SDO,"SDO4_Spare",,"RIO02_SDO[4]"
COMMENT,,RIO02_SDO,"SDO5_Spare",,"RIO02_SDO[5]"
COMMENT,,RIO02_SDO,"SDO6_Spare",,"RIO02_SDO[6]"
COMMENT,,RIO02_SDO,"SDO7_Air Relief Valve 1/1",,"RIO02_SDO[7]"
COMMENT,,RIO02_SDO,"SDO8_Air Relief Valve 1/2",,"RIO02_SDO[8]"
TAG,,RIO03_DI,"","BOOL[128]","","(Class := Standard, RADIX := Decimal, Constant := false, ExternalAccess := Read/Write)"
COMMENT,,RIO03_DI,"DI01_Packing Start PB",,"RIO03_DI[1]"
COMMENT,,RIO03_DI,"DI02_Packing Stop PB",,"RIO03_DI[2]"
COMMENT,,RIO03_DI,"DI03_Packing System Reset PB",,"RIO03_DI[3]"
COMMENT,,RIO03_DI,"DI04_Packing System Safety Reset PB",,"RIO03_DI[4]"
COMMENT,,RIO03_DI,"DI05_Spare DI",,"RIO03_DI[5]"
COMMENT,,RIO03_DI,"DI06_3 Phase Supply Ok",,"RIO03_DI[6]"
COMMENT,,RIO03_DI,"DI07_Packing Air Pressure Switch",,"RIO03_DI[7]"
COMMENT,,RIO03_DI,"DI08_Spare DI",,"RIO03_DI[8]"
COMMENT,,RIO03_DI,"DI09_Incliend Belt conveyor MPCB Healthy",,"RIO03_DI[9]"
COMMENT,,RIO03_DI,"DI10_Material Storage Vibro-1 MPCB Healthy",,"RIO03_DI[10]"
COMMENT,,RIO03_DI,"DI11_Material Storage Vibro-2 MPCB Healthy",,"RIO03_DI[11]"
COMMENT,,RIO03_DI,"DI12_Bag Filling Conveyor MPCB Healthy",,"RIO03_DI[12]"
COMMENT,,RIO03_DI,"DI13_Bag Sealing & Stiching Conveyor MPCB Healthy",,"RIO03_DI[13]"
COMMENT,,RIO03_DI,"DI14_Bag Stitching Motor MPCB Healthy",,"RIO03_DI[14]"
COMMENT,,RIO03_DI,"DI15_Bag Tilting Conveyor MPCB Healthy",,"RIO03_DI[15]"
COMMENT,,RIO03_DI,"DI16_Bag Flattening Bottom Conveyor MPCB Healthy",,"RIO03_DI[16]"
COMMENT,,RIO03_DI,"DI17_Bag Flattening Top Conveyor MPCB Healthy",,"RIO03_DI[17]"
COMMENT,,RIO03_DI,"DI18_Metal Detector Conveyor MPCB Healthy",,"RIO03_DI[18]"
COMMENT,,RIO03_DI,"DI19_Bag Rejection Conveyor MPCB Healthy",,"RIO03_DI[19]"
COMMENT,,RIO03_DI,"DI20_Bagging Zone Dust Collector MPCB Healthy",,"RIO03_DI[20]"
COMMENT,,RIO03_DI,"DI21_Spare DI",,"RIO03_DI[21]"
COMMENT,,RIO03_DI,"DI22$N_Spare DI",,"RIO03_DI[22]"
COMMENT,,RIO03_DI,"DI23_Spare DI",,"RIO03_DI[23]"
COMMENT,,RIO03_DI,"DI24_Spare DI",,"RIO03_DI[24]"
COMMENT,,RIO03_DI,"DI25_Bag_Stitching_Motor_Disconnector FB",,"RIO03_DI[25]"
COMMENT,,RIO03_DI,"DI26_Spare DI",,"RIO03_DI[26]"
COMMENT,,RIO03_DI,"DI27_Spare DI",,"RIO03_DI[27]"
COMMENT,,RIO03_DI,"DI28_Spare DI",,"RIO03_DI[28]"
COMMENT,,RIO03_DI,"DI29_Spare DI",,"RIO03_DI[29]"
COMMENT,,RIO03_DI,"DI30_Spare DI",,"RIO03_DI[30]"
COMMENT,,RIO03_DI,"DI31_Spare DI",,"RIO03_DI[31]"
COMMENT,,RIO03_DI,"DI32_Spare DI",,"RIO03_DI[32]"
COMMENT,,RIO03_DI,"DI33_Diverter Flap Cylinder FWD FB",,"RIO03_DI[33]"
COMMENT,,RIO03_DI,"DI34_Diverter Flap Cylinder REV FB",,"RIO03_DI[34]"
COMMENT,,RIO03_DI,"DI35_Filling Station Bag Clamp-1 Open FB",,"RIO03_DI[35]"
COMMENT,,RIO03_DI,"DI36_Filling Station Bag Clamp-1 Close FB",,"RIO03_DI[36]"
COMMENT,,RIO03_DI,"DI37_Filling Station Bag Clamp-2 Open FB",,"RIO03_DI[37]"
COMMENT,,RIO03_DI,"DI38_Filling Station Bag Clamp-2 Close$N FB",,"RIO03_DI[38]"
COMMENT,,RIO03_DI,"DI39_Filling Station Bag Side Flap-1 Open FB",,"RIO03_DI[39]"
COMMENT,,RIO03_DI,"DI40_Filling Station Bag Side Flap-1 Close FB",,"RIO03_DI[40]"
COMMENT,,RIO03_DI,"DI41_Filling Station Bag Side Flap-2 Open FB",,"RIO03_DI[41]"
COMMENT,,RIO03_DI,"DI42_Filling Station Bag Side Flap-2 Close FB",,"RIO03_DI[42]"
COMMENT,,RIO03_DI,"DI43_Filling Station Bag Present Sensor",,"RIO03_DI[43]"
COMMENT,,RIO03_DI,"DI44_Filling Station Bag Clamp Foot Switch",,"RIO03_DI[44]"
COMMENT,,RIO03_DI,"DI45_Filling Station Filling Start/Stop PB",,"RIO03_DI[45]"
COMMENT,,RIO03_DI,"DI46_Filling Station Conveyor Up FB",,"RIO03_DI[46]"
COMMENT,,RIO03_DI,"DI47_Filling Station Conveyor Dn FB",,"RIO03_DI[47]"
COMMENT,,RIO03_DI,"DI48_Spare DI",,"RIO03_DI[48]"
COMMENT,,RIO03_DI,"DI49_Sealing Station Bag Entry Sensor",,"RIO03_DI[49]"
COMMENT,,RIO03_DI,"DI50_Sealing Station Bag Exit Sensor",,"RIO03_DI[50]"
COMMENT,,RIO03_DI,"DI51__Spare DI",,"RIO03_DI[51]"
COMMENT,,RIO03_DI,"DI52__Spare DI",,"RIO03_DI[52]"
COMMENT,,RIO03_DI,"DI53__Spare DI",,"RIO03_DI[53]"
COMMENT,,RIO03_DI,"DI54_Sealing Conveyor Start Foot Switch",,"RIO03_DI[54]"
COMMENT,,RIO03_DI,"DI55_Spare DI",,"RIO03_DI[55]"
COMMENT,,RIO03_DI,"DI56_Stitching Station Cycle Start Foot Switch",,"RIO03_DI[56]"
COMMENT,,RIO03_DI,"DI57_Tilting Station Bag Entry Sensor",,"RIO03_DI[57]"
COMMENT,,RIO03_DI,"DI58_Stitching Station Bag Exit Sensor",,"RIO03_DI[58]"
COMMENT,,RIO03_DI,"DI59_Stitching Station Thread Cutter Cylinder Fwd FB",,"RIO03_DI[59]"
COMMENT,,RIO03_DI,"DI60_Stitching Station Thread Cutter Cylinder Rev FB",,"RIO03_DI[60]"
COMMENT,,RIO03_DI,"DI61_Stitching Station Stitching Start Sensor",,"RIO03_DI[61]"
COMMENT,,RIO03_DI,"DI62_Stitching Station Stitching StopSensor",,"RIO03_DI[62]"
COMMENT,,RIO03_DI,"DI63_Spare",,"RIO03_DI[63]"
COMMENT,,RIO03_DI,"DI64_Spare",,"RIO03_DI[64]"
COMMENT,,RIO03_DI,"DI65_Tilting Station Bag Exit Sensor",,"RIO03_DI[65]"
COMMENT,,RIO03_DI,"DI66_Bag Flattner Station Bag Entry Sensor",,"RIO03_DI[66]"
COMMENT,,RIO03_DI,"DI67_Bag Flattner Station Bag Exit Sensor",,"RIO03_DI[67]"
COMMENT,,RIO03_DI,"DI68_Spare DI",,"RIO03_DI[68]"
COMMENT,,RIO03_DI,"DI69_Spare DI",,"RIO03_DI[69]"
COMMENT,,RIO03_DI,"DI70_Metal Detector Station Ready FB",,"RIO03_DI[70]"
COMMENT,,RIO03_DI,"DI71_Metal Detector Station Bag Exit Sensor",,"RIO03_DI[71]"
COMMENT,,RIO03_DI,"DI72_Metal Detector FB",,"RIO03_DI[72]"
COMMENT,,RIO03_DI,"DI73_Rejection Station Bag Present Sensor",,"RIO03_DI[73]"
COMMENT,,RIO03_DI,"DI74_Rejection Station Bag Entry Sensor",,"RIO03_DI[74]"
COMMENT,,RIO03_DI,"DI75_Rejection Station Bag Exit Sensor",,"RIO03_DI[75]"
COMMENT,,RIO03_DI,"DI76_Rejection Station Pusher Cyl Forward FB",,"RIO03_DI[76]"
COMMENT,,RIO03_DI,"DI77_Rejection Station Pusher Cyl Reverse FB",,"RIO03_DI[77]"
COMMENT,,RIO03_DI,"DI78_Spare DI",,"RIO03_DI[78]"
COMMENT,,RIO03_DI,"DI79_Spare_DI",,"RIO03_DI[79]"
COMMENT,,RIO03_DI,"DI80_Spare_DI",,"RIO03_DI[80]"
COMMENT,,RIO03_DI,"DI81_Spare_DI",,"RIO03_DI[81]"
COMMENT,,RIO03_DI,"DI82_Spare DI",,"RIO03_DI[82]"
COMMENT,,RIO03_DI,"DI83_Spare DI",,"RIO03_DI[83]"
COMMENT,,RIO03_DI,"DI84_Spare_DI",,"RIO03_DI[84]"
COMMENT,,RIO03_DI,"DI85_Spare_DI",,"RIO03_DI[85]"
COMMENT,,RIO03_DI,"DI86_Spare_DI",,"RIO03_DI[86]"
COMMENT,,RIO03_DI,"DI87_Spare_DI",,"RIO03_DI[87]"
COMMENT,,RIO03_DI,"DI88_Spare_DI",,"RIO03_DI[88]"
COMMENT,,RIO03_DI,"DI89_Spare_DI",,"RIO03_DI[89]"
COMMENT,,RIO03_DI,"DI90_Spare_DI",,"RIO03_DI[90]"
COMMENT,,RIO03_DI,"DI91_Spare_DI",,"RIO03_DI[91]"
COMMENT,,RIO03_DI,"DI92_Metal Detector Conveyor metal Detection FB",,"RIO03_DI[92]"
COMMENT,,RIO03_DI,"DI93_Spare_DI",,"RIO03_DI[93]"
COMMENT,,RIO03_DI,"DI94_Spare",,"RIO03_DI[94]"
COMMENT,,RIO03_DI,"DI95_Inclined Conveyor Start PB",,"RIO03_DI[95]"
COMMENT,,RIO03_DI,"DI96_Inclined Conveyor Stop PB",,"RIO03_DI[96]"
TAG,,RIO03_DO,"","BOOL[64]","","(Class := Standard, RADIX := Decimal, Constant := false, ExternalAccess := Read/Write)"
COMMENT,,RIO03_DO,"DO01_Packing Tower Lamp Red",,"RIO03_DO[1]"
COMMENT,,RIO03_DO,"DO02_Packing Tower Lamp Amber",,"RIO03_DO[2]"
COMMENT,,RIO03_DO,"DO03_Packing Tower Lamp Green",,"RIO03_DO[3]"
COMMENT,,RIO03_DO,"DO04_Packing Tower Lamp Buzzer",,"RIO03_DO[4]"
COMMENT,,RIO03_DO,"DO05_Packing System Start PB Green Lamp",,"RIO03_DO[5]"
COMMENT,,RIO03_DO,"DO06_Packing System Reset PB Blue Lamp",,"RIO03_DO[6]"
COMMENT,,RIO03_DO,"DO07_Packing System Safety Reset PB Yellow Lamp",,"RIO03_DO[7]"
COMMENT,,RIO03_DO,"DO08_Filling_Station_Cycle_Started_Lamp",,"RIO03_DO[8]"
COMMENT,,RIO03_DO,"DO09_Electro Magnetic Coarse Vibro Enable",,"RIO03_DO[9]"
COMMENT,,RIO03_DO,"DO10_Electro Magnetic Fine Vibro Enable",,"RIO03_DO[10]"
COMMENT,,RIO03_DO,"DO11_Bag Stitching Motor Enable",,"RIO03_DO[11]"
COMMENT,,RIO03_DO,"DO12_Bagging Zone Dust Collector Enable",,"RIO03_DO[12]"
COMMENT,,RIO03_DO,"DO13_Metal_Detector_Conveyor_Start_Cmd",,"RIO03_DO[13]"
COMMENT,,RIO03_DO,"DO14_Metal_Detector_Fault_Reset",,"RIO03_DO[14]"
COMMENT,,RIO03_DO,"DO15_Ioniser_Enable",,"RIO03_DO[15]"
COMMENT,,RIO03_DO,"DO16_Spare DO",,"RIO03_DO[16]"
COMMENT,,RIO03_DO,"DO17_Diverter Flap Cylinder FWD SOV",,"RIO03_DO[17]"
COMMENT,,RIO03_DO,"DO18_Diverter Flap Cylinder REV SOV",,"RIO03_DO[18]"
COMMENT,,RIO03_DO,"DO19_Filling Station Bag Clamp-1/2 Open SOV",,"RIO03_DO[19]"
COMMENT,,RIO03_DO,"DO20_Filling Station Bag Clamp-1/2 Close SOV",,"RIO03_DO[20]"
COMMENT,,RIO03_DO,"DO21_Filling Station Bag Side Flap-1/2 Open SOV",,"RIO03_DO[21]"
COMMENT,,RIO03_DO,"DO22_Filling Station Bag Side Flap-1/2 Close SOV",,"RIO03_DO[22]"
COMMENT,,RIO03_DO,"DO23_Filling Station Conveyor Up SOV",,"RIO03_DO[23]"
COMMENT,,RIO03_DO,"DO24_Filling Station Conveyor Dn SOV",,"RIO03_DO[24]"
COMMENT,,RIO03_DO,"DO25_Stitching Station Thread Cutter Cylinder Fwd SOV",,"RIO03_DO[25]"
COMMENT,,RIO03_DO,"DO26_Stitching Station Thread Cutter Cylinder Rev SOV",,"RIO03_DO[26]"
COMMENT,,RIO03_DO,"DO27_Rejection Station Pusher Cyl Forward SOV",,"RIO03_DO[27]"
COMMENT,,RIO03_DO,"DO28_Rejection Station Pusher Cyl Reverse SOV",,"RIO03_DO[28]"
COMMENT,,RIO03_DO,"DO29_Zone03_Air_Relief_Reset",,"RIO03_DO[29]"
COMMENT,,RIO03_DO,"DO30_Spare DO",,"RIO03_DO[30]"
COMMENT,,RIO03_DO,"DO31_Spare DO",,"RIO03_DO[31]"
COMMENT,,RIO03_DO,"DO32_Spare DO",,"RIO03_DO[32]"
COMMENT,,RIO03_DO,"DO33_Inclined Conveyor Start Lamp",,"RIO03_DO[33]"
COMMENT,,RIO03_DO,"DO34_Spare DO",,"RIO03_DO[34]"
COMMENT,,RIO03_DO,"DO35_Spare DO",,"RIO03_DO[35]"
COMMENT,,RIO03_DO,"DO36_Spare DO",,"RIO03_DO[36]"
COMMENT,,RIO03_DO,"DO37_Spare DO",,"RIO03_DO[37]"
COMMENT,,RIO03_DO,"DO38_Spare DO",,"RIO03_DO[38]"
COMMENT,,RIO03_DO,"DO39_Spare DO",,"RIO03_DO[39]"
COMMENT,,RIO03_DO,"DO40_Spare DO",,"RIO03_DO[40]"
TAG,,RIO03_SDI,"","BOOL[32]","","(Class := Safety, RADIX := Decimal, Constant := false, ExternalAccess := Read/Write)"
COMMENT,,RIO03_SDI,"SDI1_Bag Filling Area E-Stop 1/1",,"RIO03_SDI[1]"
COMMENT,,RIO03_SDI,"SDI2_Bag Filling Area E-Stop 1/2",,"RIO03_SDI[2]"
COMMENT,,RIO03_SDI,"SDI3_Bag Rejection Area E-Stop 1/1",,"RIO03_SDI[3]"
COMMENT,,RIO03_SDI,"SDI4_Bag Rejection Area E-Stop 1/2",,"RIO03_SDI[4]"
COMMENT,,RIO03_SDI,"SDI5_HMI E-S top 1/1",,"RIO03_SDI[5]"
COMMENT,,RIO03_SDI,"SDI6_HMI E-Stop 1/2",,"RIO03_SDI[6]"
COMMENT,,RIO03_SDI,"SDI7_Spare",,"RIO03_SDI[7]"
COMMENT,,RIO03_SDI,"SDI8_Spare",,"RIO03_SDI[8]"
TAG,,RIO03_SDO,"","BOOL[32]","","(Class := Safety, RADIX := Decimal, Constant := false, ExternalAccess := Read/Write)"
COMMENT,,RIO03_SDO,"SDO1_Packing Safety Healhy 1/1",,"RIO03_SDO[1]"
COMMENT,,RIO03_SDO,"SDO2_Packing Safety Healhy 1/2",,"RIO03_SDO[2]"
COMMENT,,RIO03_SDO,"SDO3_Spare",,"RIO03_SDO[3]"
COMMENT,,RIO03_SDO,"SDO4_Spare",,"RIO03_SDO[4]"
COMMENT,,RIO03_SDO,"SDO5_Spare",,"RIO03_SDO[5]"
COMMENT,,RIO03_SDO,"SDO6_Spare",,"RIO03_SDO[6]"
COMMENT,,RIO03_SDO,"SDO7_Air Relief Valve 1/1",,"RIO03_SDO[7]"
COMMENT,,RIO03_SDO,"SDO8_Air Relief Valve 1/2",,"RIO03_SDO[8]"
TAG,,RPM_Test,"","BOOL","","(Class := Standard, RADIX := Decimal, Constant := false, ExternalAccess := Read/Write)"
TAG,,Safety_Door_Switch_1_Door_CoilOn,"","BOOL","","(Class := Safety, RADIX := Decimal, Constant := false, ExternalAccess := Read/Write)"
TAG,,Safety_Door_Switch_2_Door_CoilOn,"","BOOL","","(Class := Safety, RADIX := Decimal, Constant := false, ExternalAccess := Read/Write)"
TAG,,Sealing_Cycle_Bypass,"","BOOL","","(Class := Standard, RADIX := Decimal, Constant := false, ExternalAccess := Read/Write)"
TAG,,Sealing_Cycle_Start_Cmd,"","BOOL","","(Class := Standard, RADIX := Decimal, Constant := false, ExternalAccess := Read/Write)"
TAG,,Stitching_Cycle_Bypass,"","BOOL","","(Class := Standard, RADIX := Decimal, Constant := false, ExternalAccess := Read/Write)"
TAG,,Stitching_Cycle_Start_Cmd,"","BOOL","","(Class := Standard, RADIX := Decimal, Constant := false, ExternalAccess := Read/Write)"
TAG,,Stitching_Motor_Bypass,"","BOOL","","(Class := Standard, RADIX := Decimal, Constant := false, ExternalAccess := Read/Write)"
TAG,,Super_Fine_Fill_Running,"","BOOL","","(Class := Standard, RADIX := Decimal, Constant := false, ExternalAccess := Read/Write)"
TAG,,SystemOneSecOnOffBit,"","BOOL","","(Class := Standard, RADIX := Decimal, Constant := false, ExternalAccess := Read/Write)"
TAG,,SystemPLCTime,"","DINT[7]","","(Class := Standard, RADIX := Decimal, Constant := false, ExternalAccess := Read/Write)"
TAG,,System_1_Sec_Bit,"","BOOL","","(Class := Standard, RADIX := Decimal, Constant := false, ExternalAccess := Read/Write)"
TAG,,System_250ms_Bit,"","BOOL","","(Class := Standard, RADIX := Decimal, Constant := false, ExternalAccess := Read/Write)"
TAG,,System_500ms_Bit,"","BOOL","","(Class := Standard, RADIX := Decimal, Constant := false, ExternalAccess := Read/Write)"
TAG,,Temp,"","BOOL","","(Class := Standard, RADIX := Decimal, Constant := false, ExternalAccess := Read/Write)"
TAG,,Temp1,"","BOOL","","(Class := Standard, RADIX := Decimal, Constant := false, ExternalAccess := Read/Write)"
TAG,,Temprature_In_Range_For_Chopper_Start,"","BOOL","","(Class := Standard, RADIX := Decimal, Constant := false, ExternalAccess := Read/Write)"
TAG,,Temprature_Simulation,"","FB16_Scallling","","(Class := Standard, Constant := false, ExternalAccess := Read/Write)"
TAG,,Temp_1,"","BOOL","","(Class := Standard, RADIX := Decimal, Constant := false, ExternalAccess := Read/Write)"
TAG,,Temp_Bypass,"","BOOL","","(Class := Standard, RADIX := Decimal, Constant := false, ExternalAccess := Read/Write)"
TAG,,Temp_Difference,"","REAL","","(Class := Standard, RADIX := Float, Constant := false, ExternalAccess := Read/Write)"
TAG,,Temp_Dryer_DustCollector_VFD_RunFB,"","BOOL","","(Class := Standard, RADIX := Decimal, Constant := false, ExternalAccess := Read/Write)"
TAG,,Temp_Dryer_Inlet_VFD_RunFB,"","BOOL","","(Class := Standard, RADIX := Decimal, Constant := false, ExternalAccess := Read/Write)"
TAG,,Temp_MultiplyFactor,"","REAL","","(Class := Standard, RADIX := Float, Constant := false, ExternalAccess := Read/Write)"
TAG,,Temp_PV,"","REAL","","(Class := Standard, RADIX := Float, Constant := false, ExternalAccess := Read/Write)"
TAG,,Temp_Simulation,"","BOOL","","(Class := Standard, RADIX := Decimal, Constant := false, ExternalAccess := Read/Write)"
TAG,,Temp_SP,"","REAL","","(Class := Standard, RADIX := Float, Constant := false, ExternalAccess := Read/Write)"
TAG,,Temp_Temp,"","REAL","","(Class := Standard, RADIX := Float, Constant := false, ExternalAccess := Read/Write)"
TAG,,Temp_Within_Range,"","BOOL","","(Class := Standard, RADIX := Decimal, Constant := false, ExternalAccess := Read/Write)"
TAG,,testbit00123,"","BOOL","","(Class := Standard, RADIX := Decimal, Constant := false, ExternalAccess := Read/Write)"
TAG,,testBit002,"","BOOL","","(Class := Standard, RADIX := Decimal, Constant := false, ExternalAccess := Read/Write)"
TAG,,TestBit01,"","BOOL","","(Class := Standard, RADIX := Decimal, Constant := false, ExternalAccess := Read/Write)"
TAG,,TimperatureBelowSP,"","BOOL","","(Class := Standard, RADIX := Decimal, Constant := false, ExternalAccess := Read/Write)"
TAG,,Total_Bag_Accepted_Count,"","DINT","","(Class := Standard, RADIX := Decimal, Constant := false, ExternalAccess := Read/Write)"
TAG,,Total_Bag_Production_Count,"","DINT","","(Class := Standard, RADIX := Decimal, Constant := false, ExternalAccess := Read/Write)"
TAG,,Total_Bag_Rejection_Count,"","DINT","","(Class := Standard, RADIX := Decimal, Constant := false, ExternalAccess := Read/Write)"
TAG,,Total_Target_Coarse_Weight,"","REAL","","(Class := Standard, RADIX := Float, Constant := false, ExternalAccess := Read/Write)"
TAG,,Total_Target_Fine_Weight,"","REAL","","(Class := Standard, RADIX := Float, Constant := false, ExternalAccess := Read/Write)"
TAG,,Total_Target_Super_Fine_Weight,"","REAL","","(Class := Standard, RADIX := Float, Constant := false, ExternalAccess := Read/Write)"
TAG,,TrialByaa,"","BOOL","","(Class := Standard, RADIX := Decimal, Constant := false, ExternalAccess := Read/Write)"
TAG,,TrialBypassBit,"","BOOL","","(Class := Standard, RADIX := Decimal, Constant := false, ExternalAccess := Read/Write)"
TAG,,Weight_Data_Reset,"","BOOL","","(Class := Standard, RADIX := Decimal, Constant := false, ExternalAccess := Read/Write)"
TAG,,Z03_Alarm_SensorDig,"","BOOL[1024]","","(Class := Standard, RADIX := Decimal, Constant := false, ExternalAccess := Read/Write)"
TAG,,Z03_Alarm_SensorDigTimer,"","TIMER[200]","","(Class := Standard, Constant := false, ExternalAccess := Read/Write)"
TAG,,Z1_AI01_MSV01_Level_Sensor,"","FB16_Scallling","","(Class := Standard, Constant := false, ExternalAccess := Read/Write)"
TAG,,Z1_AI01_MSV01_Level_SP,"","REAL","","(Class := Standard, RADIX := Float, Constant := false, ExternalAccess := Read/Write)"
TAG,,Z1_AI01_Panel_Temperature_Sensor,"","FB16_Scallling","","(Class := Standard, Constant := false, ExternalAccess := Read/Write)"
TAG,,Z1_AI01_Panel_Temp_Sensor_Scale_Value,"","REAL","","(Class := Standard, RADIX := Float, Constant := false, ExternalAccess := Read/Write)"
TAG,,Z1_AI02_Fine_Vibro_Level_Sensor,"","FB16_Scallling","","(Class := Standard, Constant := false, ExternalAccess := Read/Write)"
TAG,,Z1_AI02_Fine_Vibro_Level_SP,"","REAL","","(Class := Standard, RADIX := Float, Constant := false, ExternalAccess := Read/Write)"
TAG,,Z1_AI03_Dust_Collector_PT,"","FB16_Scallling","","(Class := Standard, Constant := false, ExternalAccess := Read/Write)"
TAG,,Z1_AI03_Dust_Collector_PT_High_Tol_SP,"","REAL","","(Class := Standard, RADIX := Float, Constant := false, ExternalAccess := Read/Write)"
TAG,,Z1_AI03_Dust_Collector_PT_Low_Tol_SP,"","REAL","","(Class := Standard, RADIX := Float, Constant := false, ExternalAccess := Read/Write)"
TAG,,Z1_AI03_Dust_Collector_PT_SP,"","REAL","","(Class := Standard, RADIX := Float, Constant := false, ExternalAccess := Read/Write)"
TAG,,Z1_AI04_Dust_Collector_PT,"","FB16_Scallling","","(Class := Standard, Constant := false, ExternalAccess := Read/Write)"
TAG,,Z1_Air_Pressure_Low,"","TIMER","","(Class := Standard, Constant := false, ExternalAccess := Read/Write)"
TAG,,Z1_Alarm_Update,"","BOOL","","(Class := Standard, RADIX := Decimal, Constant := false, ExternalAccess := Read/Write)"
TAG,,Z1_Drive01_CM001,"","FB01_Powerflex525_Drive","","(Class := Standard, Constant := false, ExternalAccess := Read/Write)"
TAG,,Z1_Drive02_CM002,"","FB01_Powerflex525_Drive","","(Class := Standard, Constant := false, ExternalAccess := Read/Write)"
TAG,,Z1_Drive03_ASCR001,"","FB01_Powerflex525_Drive","","(Class := Standard, Constant := false, ExternalAccess := Read/Write)"
TAG,,Z1_Drive04_SM001,"","FB01_Powerflex525_Drive","","(Class := Standard, Constant := false, ExternalAccess := Read/Write)"
TAG,,Z1_Drive_Fault,"","BOOL","","(Class := Standard, RADIX := Decimal, Constant := false, ExternalAccess := Read/Write)"
TAG,,Z1_Fault,"","BOOL","","(Class := Standard, RADIX := Decimal, Constant := false, ExternalAccess := Read/Write)"
TAG,,Z1_FB_Machine,"","FB08_Machine","","(Class := Standard, Constant := false, ExternalAccess := Read/Write)"
TAG,,Z1_HMI_Auto_Cycle_Stop,"","BOOL","","(Class := Standard, RADIX := Decimal, Constant := false, ExternalAccess := Read/Write)"
TAG,,Z1_HMI_Panel_Temp_SP,"","REAL","","(Class := Standard, RADIX := Float, Constant := false, ExternalAccess := Read/Write)"
TAG,,Z1_Motor01_Feeders_1,"","FB02_Motor_With_Contactor","","(Class := Standard, Constant := false, ExternalAccess := Read/Write)"
TAG,,Z1_Motor02_Feeders_2,"","FB02_Motor_With_Contactor","","(Class := Standard, Constant := false, ExternalAccess := Read/Write)"
TAG,,Z1_Motor03_Feeders_3,"","FB02_Motor_With_Contactor","","(Class := Standard, Constant := false, ExternalAccess := Read/Write)"
TAG,,Z1_Network_Healthy,"","BOOL[32]","","(Class := Standard, RADIX := Decimal, Constant := false, ExternalAccess := Read/Write)"
COMMENT,,Z1_Network_Healthy,"Z1_RIO01_Network_Healthy",,"Z1_Network_Healthy[0]"
COMMENT,,Z1_Network_Healthy,"Z1_CM001_Network_Healthy",,"Z1_Network_Healthy[1]"
COMMENT,,Z1_Network_Healthy,"Z1_CM002_Network_Healthy",,"Z1_Network_Healthy[2]"
COMMENT,,Z1_Network_Healthy,"Z1_ASCR001_Network_Healthy",,"Z1_Network_Healthy[3]"
COMMENT,,Z1_Network_Healthy,"Z1_SM001_Network_Healthy",,"Z1_Network_Healthy[4]"
TAG,,Z1_Network_Status,"","DINT[30]","","(Class := Standard, RADIX := Decimal, Constant := false, ExternalAccess := Read/Write)"
TAG,,Z1_Panel_Temp_High,"","BOOL","","(Class := Standard, RADIX := Decimal, Constant := false, ExternalAccess := Read/Write)"
TAG,,Z1_PLC_Safety_Reset,"","BOOL","","(Class := Standard, RADIX := Decimal, Constant := false, ExternalAccess := Read/Write)"
TAG,,Z1_Pressure_Roller_Cylinder_Pressure_SP,"","REAL","","(Class := Standard, RADIX := Float, Constant := false, ExternalAccess := Read/Write)"
TAG,,Z1_PU_Roller_Cylinder_Pressure_SP,"","REAL","","(Class := Standard, RADIX := Float, Constant := false, ExternalAccess := Read/Write)"
TAG,,Z1_PV01_Chopper_1_PU1_Fwd_Rev_Cyl,"","FB03_Pneumatic_Valve_5_2","","(Class := Standard, Constant := false, ExternalAccess := Read/Write)"
TAG,,Z1_PV02_Chopper_1_PU2_Fwd_Rev_Cyl,"","FB03_Pneumatic_Valve_5_2","","(Class := Standard, Constant := false, ExternalAccess := Read/Write)"
TAG,,Z1_PV03_Chopper_1_Roller_Fwd_Rev_Cyl,"","FB03_Pneumatic_Valve_5_2","","(Class := Standard, Constant := false, ExternalAccess := Read/Write)"
TAG,,Z1_PV04_Chopper_2_PU1_Fwd_Rev_Cyl,"","FB03_Pneumatic_Valve_5_2","","(Class := Standard, Constant := false, ExternalAccess := Read/Write)"
TAG,,Z1_PV05_Chopper_2_PU2_Fwd_Rev_Cyl,"","FB03_Pneumatic_Valve_5_2","","(Class := Standard, Constant := false, ExternalAccess := Read/Write)"
TAG,,Z1_PV06_Chopper_2_Roller_Fwd_Rev_Cyl,"","FB03_Pneumatic_Valve_5_2","","(Class := Standard, Constant := false, ExternalAccess := Read/Write)"
TAG,,Z1_Safety_Reset,"","BOOL","","(Class := Safety, RADIX := Decimal, Constant := false, ExternalAccess := Read/Write)"
TAG,,Z1_SDI1_Chopper_HMI_E_Stop,"","EMERGENCY_STOP","","(Class := Safety, Constant := false, ExternalAccess := Read/Write)"
TAG,,Z1_SDI2_Chopper_Door_Switch_E_Stop,"","EMERGENCY_STOP","","(Class := Safety, Constant := false, ExternalAccess := Read/Write)"
TAG,,Z1_System,"","UDT_Machine","","(Class := Standard, Constant := false, ExternalAccess := Read/Write)"
TAG,,Z1_System_All_Disconnector_Healthy,"","BOOL","","(Class := Standard, RADIX := Decimal, Constant := false, ExternalAccess := Read/Write)"
TAG,,Z1_System_All_MPCB_Healthy,"","BOOL","","(Class := Standard, RADIX := Decimal, Constant := false, ExternalAccess := Read/Write)"
TAG,,Z1_System_Prestart,"","BOOL","","(Class := Standard, RADIX := Decimal, Constant := false, ExternalAccess := Read/Write)"
TAG,,Z1_S_All_E_Stop_Healthy,"","BOOL","","(Class := Safety, RADIX := Decimal, Constant := false, ExternalAccess := Read/Write)"
TAG,,Z1_S_All_Safety_Door_Healthy,"","BOOL","","(Class := Safety, RADIX := Decimal, Constant := false, ExternalAccess := Read/Write)"
TAG,,Z2AI10_Dryer_Cool_Zn_UP_DC_PT,"","FB16_Scallling","","(Class := Standard, Constant := false, ExternalAccess := Read/Write)"
TAG,,Z2_AI017_Panel_Temperature_Sensor,"","FB16_Scallling","","(Class := Standard, Constant := false, ExternalAccess := Read/Write)"
TAG,,Z2_AI01_Gas_Burner_Inlet_Temperature,"","FB16_Scallling","","(Class := Standard, Constant := false, ExternalAccess := Read/Write)"
TAG,,Z2_AI02_Gas_Burner_Outlet_Temperature,"","FB16_Scallling","","(Class := Standard, Constant := false, ExternalAccess := Read/Write)"
TAG,,Z2_AI03_Dryer_Heating_Zone1_Temperature,"","FB16_Scallling","","(Class := Standard, Constant := false, ExternalAccess := Read/Write)"
TAG,,Z2_AI04_Dryer_Heating_Zone2_Temperature,"","FB16_Scallling","","(Class := Standard, Constant := false, ExternalAccess := Read/Write)"
TAG,,Z2_AI05_Dryer_Heating_Zone_3_Temperature,"","FB16_Scallling","","(Class := Standard, Constant := false, ExternalAccess := Read/Write)"
TAG,,Z2_AI06_Cooling_Air_Inlet_Temperature,"","FB16_Scallling","","(Class := Standard, Constant := false, ExternalAccess := Read/Write)"
TAG,,Z2_AI07_Cooling_Air_Outlet_Temperature,"","FB16_Scallling","","(Class := Standard, Constant := false, ExternalAccess := Read/Write)"
TAG,,Z2_AI08_Dryer_Cooling_Zone_Temperature,"","FB16_Scallling","","(Class := Standard, Constant := false, ExternalAccess := Read/Write)"
TAG,,Z2_AI09_Dryer_Heat_Zn_UP_DC_PT,"","FB16_Scallling","","(Class := Standard, Constant := false, ExternalAccess := Read/Write)"
TAG,,Z2_AI13_Dryer_Heating_Zone_Inlet_FT,"","FB16_Scallling","","(Class := Standard, Constant := false, ExternalAccess := Read/Write)"
TAG,,Z2_AI14_Dryer_Gas_Inlet_FT_Scale_Value,"","REAL","","(Class := Standard, RADIX := Float, Constant := false, ExternalAccess := Read/Write)"
TAG,,Z2_AI14_Dryer_Gas_Inlet_FT_Within_Range,"","BOOL","","(Class := Standard, RADIX := Decimal, Constant := false, ExternalAccess := Read/Write)"
TAG,,Z2_AI14_Dryer_Heating_Zn_Gas_Inlet_FT,"","FB16_Scallling","","(Class := Standard, Constant := false, ExternalAccess := Read/Write)"
TAG,,Z2_AI14_Dryer_Heat_Zn_DN_DC_PT,"","FB16_Scallling","","(Class := Standard, Constant := false, ExternalAccess := Read/Write)"
TAG,,Z2_AI15_Dryer_Cool_Zn_DN_DC_PT,"","FB16_Scallling","","(Class := Standard, Constant := false, ExternalAccess := Read/Write)"
TAG,,Z2_Air_Pressure_Low,"","TIMER","","(Class := Standard, Constant := false, ExternalAccess := Read/Write)"
TAG,,Z2_Alarm_Update,"","BOOL","","(Class := Standard, RADIX := Decimal, Constant := false, ExternalAccess := Read/Write)"
TAG,,Z2_All_Drive_Running_FB,"","BOOL","","(Class := Standard, RADIX := Decimal, Constant := false, ExternalAccess := Read/Write)"
TAG,,Z2_DCM_Auto_Mode_Process_Bypass,"","BOOL","","(Class := Standard, RADIX := Decimal, Constant := false, ExternalAccess := Read/Write)"
TAG,,Z2_DCM_DOVF_Bypass,"","BOOL","","(Class := Standard, RADIX := Decimal, Constant := false, ExternalAccess := Read/Write)"
TAG,,Z2_Drive01_DHIB01,"","FB01_Powerflex525_Drive","","(Class := Standard, Constant := false, ExternalAccess := Read/Write)"
TAG,,Z2_Drive02_DHDC01,"","FB01_Powerflex525_Drive","","(Class := Standard, Constant := false, ExternalAccess := Read/Write)"
TAG,,Z2_Drive03_DCIB01,"","FB01_Powerflex525_Drive","","(Class := Standard, Constant := false, ExternalAccess := Read/Write)"
TAG,,Z2_Drive04_DCDC01,"","FB01_Powerflex525_Drive","","(Class := Standard, Constant := false, ExternalAccess := Read/Write)"
TAG,,Z2_Drive05_DCM01,"","FB01_Powerflex525_Drive","","(Class := Standard, Constant := false, ExternalAccess := Read/Write)"
TAG,,Z2_Drive06_DOVF01,"","FB01_Powerflex525_Drive","","(Class := Standard, Constant := false, ExternalAccess := Read/Write)"
TAG,,Z2_Drive07_DOVF02,"","FB01_Powerflex525_Drive","","(Class := Standard, Constant := false, ExternalAccess := Read/Write)"
TAG,,Z2_Drive_Fault,"","BOOL","","(Class := Standard, RADIX := Decimal, Constant := false, ExternalAccess := Read/Write)"
TAG,,Z2_Dryer_Conveyor_Belt_Shifted_Fault,"","BOOL","","(Class := Standard, RADIX := Decimal, Constant := false, ExternalAccess := Read/Write)"
TAG,,Z2_Dryer_Conveyor_Tension_Fault,"","BOOL","","(Class := Standard, RADIX := Decimal, Constant := false, ExternalAccess := Read/Write)"
TAG,,Z2_Dryer_Cool_Zn_DN_DC_PT_Scaled_Value,"","REAL","","(Class := Standard, RADIX := Float, Constant := false, ExternalAccess := Read/Write)"
TAG,,Z2_Dryer_Cool_Zn_DN_DC_PT_Within_Range,"","BOOL","","(Class := Standard, RADIX := Decimal, Constant := false, ExternalAccess := Read/Write)"
TAG,,Z2_Dryer_Heat_Zn_DN_DC_PT_Scaled_Value,"","REAL","","(Class := Standard, RADIX := Float, Constant := false, ExternalAccess := Read/Write)"
TAG,,Z2_Dryer_Heat_Zn_DN_DC_PT_Within_Range,"","BOOL","","(Class := Standard, RADIX := Decimal, Constant := false, ExternalAccess := Read/Write)"
TAG,,Z2_Fault,"","BOOL","","(Class := Standard, RADIX := Decimal, Constant := false, ExternalAccess := Read/Write)"
TAG,,Z2_FB_Machine,"","FB08_Machine","","(Class := Standard, Constant := false, ExternalAccess := Read/Write)"
TAG,,Z2_Gas_Burner_Inlet_Temp_High_SP,"","REAL","","(Class := Standard, RADIX := Float, Constant := false, ExternalAccess := Read/Write)"
TAG,,Z2_Gas_Burner_Inlet_Temp_Low_SP,"","REAL","","(Class := Standard, RADIX := Float, Constant := false, ExternalAccess := Read/Write)"
TAG,,Z2_HMI_Auto_Cycle_Stop,"","BOOL","","(Class := Standard, RADIX := Decimal, Constant := false, ExternalAccess := Read/Write)"
TAG,,Z2_HMI_Gas_Burner_Inlet_Temp_High_Tol_SP,"","REAL","","(Class := Standard, RADIX := Float, Constant := false, ExternalAccess := Read/Write)"
TAG,,Z2_HMI_Gas_Burner_Inlet_Temp_Low_Tol_SP,"","REAL","","(Class := Standard, RADIX := Float, Constant := false, ExternalAccess := Read/Write)"
TAG,,Z2_HMI_Gas_Burner_Inlet_Temp_SP,"","REAL","","(Class := Standard, RADIX := Float, Constant := false, ExternalAccess := Read/Write)"
TAG,,Z2_HMI_Panel_Temp_SP,"","REAL","","(Class := Standard, RADIX := Float, Constant := false, ExternalAccess := Read/Write)"
TAG,,Z2_Motor01_Brush_Roller_Motor_1,"","FB02_Motor_With_Contactor","","(Class := Standard, Constant := false, ExternalAccess := Read/Write)"
TAG,,Z2_Motor02_Brush_Roller_Motor_2,"","FB02_Motor_With_Contactor","","(Class := Standard, Constant := false, ExternalAccess := Read/Write)"
TAG,,Z2_Network_Healthy,"","BOOL[32]","","(Class := Standard, RADIX := Decimal, Constant := false, ExternalAccess := Read/Write)"
COMMENT,,Z2_Network_Healthy,"Z2_RIO02_Network_Healthy",,"Z2_Network_Healthy[0]"
COMMENT,,Z2_Network_Healthy,"Z2_DHIB01_Network_Healthy",,"Z2_Network_Healthy[1]"
COMMENT,,Z2_Network_Healthy,"Z2_DHDC01_Network_Healthy",,"Z2_Network_Healthy[2]"
COMMENT,,Z2_Network_Healthy,"Z2_DCIB01_Network_Healthy",,"Z2_Network_Healthy[3]"
COMMENT,,Z2_Network_Healthy,"Z2_DCDC01_Network_Healthy",,"Z2_Network_Healthy[4]"
COMMENT,,Z2_Network_Healthy,"Z2_DCM01_Network_Healthy",,"Z2_Network_Healthy[5]"
COMMENT,,Z2_Network_Healthy,"Z2_DOVF01_Network_Healthy",,"Z2_Network_Healthy[6]"
COMMENT,,Z2_Network_Healthy,"Z2_DOVF02_Network_Healthy",,"Z2_Network_Healthy[7]"
TAG,,Z2_Network_Status,"","DINT[30]","","(Class := Standard, RADIX := Decimal, Constant := false, ExternalAccess := Read/Write)"
TAG,,Z2_Panel_Temp_High,"","BOOL","","(Class := Standard, RADIX := Decimal, Constant := false, ExternalAccess := Read/Write)"
TAG,,Z2_Panel_Temp_Sensor_Scale_Value,"","REAL","","(Class := Standard, RADIX := Float, Constant := false, ExternalAccess := Read/Write)"
TAG,,Z2_PLC_Safety_Reset,"","BOOL","","(Class := Standard, RADIX := Decimal, Constant := false, ExternalAccess := Read/Write)"
TAG,,Z2_Process_Fault,"","BOOL","","(Class := Standard, RADIX := Decimal, Constant := false, ExternalAccess := Read/Write)"
TAG,,Z2_RTD_Cooling_Temp_Monitoring_Bypass,"","BOOL","","(Class := Standard, RADIX := Decimal, Constant := false, ExternalAccess := Read/Write)"
TAG,,Z2_RTD_Heating_Temp_Monitoring_Bypass,"","BOOL","","(Class := Standard, RADIX := Decimal, Constant := false, ExternalAccess := Read/Write)"
TAG,,Z2_RTD_Wire_Break_Fault,"","BOOL","","(Class := Standard, RADIX := Decimal, Constant := false, ExternalAccess := Read/Write)"
TAG,,Z2_Safety_Reset,"","BOOL","","(Class := Safety, RADIX := Decimal, Constant := false, ExternalAccess := Read/Write)"
TAG,,Z2_SDI1_Dryer_Infeed1_EStop,"","EMERGENCY_STOP","","(Class := Safety, Constant := false, ExternalAccess := Read/Write)"
TAG,,Z2_SDI2_Dryer_Outfeed_1_E_Stop,"","EMERGENCY_STOP","","(Class := Safety, Constant := false, ExternalAccess := Read/Write)"
TAG,,Z2_SDI3_Dryer_Infeed2_EStop,"","EMERGENCY_STOP","","(Class := Safety, Constant := false, ExternalAccess := Read/Write)"
TAG,,Z2_SDI4_Dryer_Outfeed_2_E_Stop,"","EMERGENCY_STOP","","(Class := Safety, Constant := false, ExternalAccess := Read/Write)"
TAG,,Z2_SDI5_Dryer_HMI_E_Stop,"","EMERGENCY_STOP","","(Class := Safety, Constant := false, ExternalAccess := Read/Write)"
TAG,,Z2_SDI6_Dryer_Burner_E_Stop,"","EMERGENCY_STOP","","(Class := Safety, Constant := false, ExternalAccess := Read/Write)"
TAG,,Z2_SDI7_Dryer_Burner_E_Stop,"","EMERGENCY_STOP","","(Class := Safety, Constant := false, ExternalAccess := Read/Write)"
TAG,,Z2_System,"","UDT_Machine","","(Class := Standard, Constant := false, ExternalAccess := Read/Write)"
TAG,,Z2_System_All_Disconnector_Healthy,"","BOOL","","(Class := Standard, RADIX := Decimal, Constant := false, ExternalAccess := Read/Write)"
TAG,,Z2_System_All_MPCB_Healthy,"","BOOL","","(Class := Standard, RADIX := Decimal, Constant := false, ExternalAccess := Read/Write)"
TAG,,Z2_System_Prestart,"","BOOL","","(Class := Standard, RADIX := Decimal, Constant := false, ExternalAccess := Read/Write)"
TAG,,Z2_S_All_E_Stop_Healthy,"","BOOL","","(Class := Safety, RADIX := Decimal, Constant := false, ExternalAccess := Read/Write)"
TAG,,Z3_AI01_Panel_Temperature_Sensor,"","FB16_Scallling","","(Class := Standard, Constant := false, ExternalAccess := Read/Write)"
TAG,,Z3_AI01_Panel_Temperature_Sensor_Value,"","REAL","","(Class := Standard, RADIX := Float, Constant := false, ExternalAccess := Read/Write)"
TAG,,Z3_Air_Pressure_Low,"","TIMER","","(Class := Standard, Constant := false, ExternalAccess := Read/Write)"
TAG,,Z3_Air_Relief_Reset,"","BOOL","","(Class := Safety, RADIX := Decimal, Constant := false, ExternalAccess := Read/Write)"
TAG,,Z3_Alarm_Update,"","BOOL","","(Class := Standard, RADIX := Decimal, Constant := false, ExternalAccess := Read/Write)"
TAG,,Z3_AO01_Coarse_Feeder_Speed,"","FB16_Scallling","","(Class := Standard, Constant := false, ExternalAccess := Read/Write)"
TAG,,Z3_AO01_Fine_Feeder_Speed,"","REAL","","(Class := Standard, RADIX := Float, Constant := false, ExternalAccess := Read/Write)"
TAG,,Z3_AO02_Fine_Feeder_Speed,"","FB16_Scallling","","(Class := Standard, Constant := false, ExternalAccess := Read/Write)"
TAG,,Z3_Auto_Cycle_Bypass,"","BOOL","","(Class := Standard, RADIX := Decimal, Constant := false, ExternalAccess := Read/Write)"
TAG,,Z3_Bagging_Auto_Mode_Process_Bypass,"","BOOL","","(Class := Standard, RADIX := Decimal, Constant := false, ExternalAccess := Read/Write)"
TAG,,Z3_Bagging_Zone_Dust_Collector_DOL,"","FB02_Motor_With_Contactor","","(Class := Standard, Constant := false, ExternalAccess := Read/Write)"
TAG,,Z3_Bag_Stitching_Motor_Bypass,"","BOOL","","(Class := Standard, RADIX := Decimal, Constant := false, ExternalAccess := Read/Write)"
TAG,,Z3_Bag_Stitching_Motor_DOL,"","FB02_Motor_With_Contactor","","(Class := Standard, Constant := false, ExternalAccess := Read/Write)"
TAG,,Z3_Drive01_IBC001,"","FB01_Powerflex525_Drive","","(Class := Standard, Constant := false, ExternalAccess := Read/Write)"
TAG,,Z3_Drive01_IBC001_Bypass,"","BOOL","","(Class := Standard, RADIX := Decimal, Constant := false, ExternalAccess := Read/Write)"
TAG,,Z3_Drive02_MSV001,"","FB01_Powerflex525_Drive","","(Class := Standard, Constant := false, ExternalAccess := Read/Write)"
TAG,,Z3_Drive02_MSV01,"","FB01_Powerflex525_Drive","","(Class := Standard, Constant := false, ExternalAccess := Read/Write)"
TAG,,Z3_Drive02_MSV01_Bypass,"","BOOL","","(Class := Standard, RADIX := Decimal, Constant := false, ExternalAccess := Read/Write)"
TAG,,Z3_Drive03_MSV02,"","FB01_Powerflex525_Drive","","(Class := Standard, Constant := false, ExternalAccess := Read/Write)"
TAG,,Z3_Drive03_MSV02_Bypass,"","BOOL","","(Class := Standard, RADIX := Decimal, Constant := false, ExternalAccess := Read/Write)"
TAG,,Z3_Drive04_BFC01,"","FB01_Powerflex525_Drive","","(Class := Standard, Constant := false, ExternalAccess := Read/Write)"
TAG,,Z3_Drive04_BFC01_Bypass,"","BOOL","","(Class := Standard, RADIX := Decimal, Constant := false, ExternalAccess := Read/Write)"
TAG,,Z3_Drive05_BSSC01,"","FB01_Powerflex525_Drive","","(Class := Standard, Constant := false, ExternalAccess := Read/Write)"
TAG,,Z3_Drive05_BSSC01_Bypass,"","BOOL","","(Class := Standard, RADIX := Decimal, Constant := false, ExternalAccess := Read/Write)"
TAG,,Z3_Drive06_BTC01,"","FB01_Powerflex525_Drive","","(Class := Standard, Constant := false, ExternalAccess := Read/Write)"
TAG,,Z3_Drive06_BTC01_Bypass,"","BOOL","","(Class := Standard, RADIX := Decimal, Constant := false, ExternalAccess := Read/Write)"
TAG,,Z3_Drive07_BFBC01,"","FB01_Powerflex525_Drive","","(Class := Standard, Constant := false, ExternalAccess := Read/Write)"
TAG,,Z3_Drive07_BFBC01_Bypass,"","BOOL","","(Class := Standard, RADIX := Decimal, Constant := false, ExternalAccess := Read/Write)"
TAG,,Z3_Drive08_BFTC01,"","FB01_Powerflex525_Drive","","(Class := Standard, Constant := false, ExternalAccess := Read/Write)"
TAG,,Z3_Drive08_BFTC01_Bypass,"","BOOL","","(Class := Standard, RADIX := Decimal, Constant := false, ExternalAccess := Read/Write)"
TAG,,Z3_Drive09_MDC01,"","FB01_Powerflex525_Drive","","(Class := Standard, Constant := false, ExternalAccess := Read/Write)"
TAG,,Z3_Drive10_BRC01,"","FB01_Powerflex525_Drive","","(Class := Standard, Constant := false, ExternalAccess := Read/Write)"
TAG,,Z3_Drive10_BRC01_Bypass,"","BOOL","","(Class := Standard, RADIX := Decimal, Constant := false, ExternalAccess := Read/Write)"
TAG,,Z3_Fault,"","BOOL","","(Class := Standard, RADIX := Decimal, Constant := false, ExternalAccess := Read/Write)"
TAG,,Z3_FB_Machine,"","FB08_Machine","","(Class := Standard, Constant := false, ExternalAccess := Read/Write)"
TAG,,Z3_HMI_Panel_Temp_SP,"","REAL","","(Class := Standard, RADIX := Float, Constant := false, ExternalAccess := Read/Write)"
TAG,,Z3_Motor01_Bag_Stitching_Motor,"","FB02_Motor_With_Contactor","","(Class := Standard, Constant := false, ExternalAccess := Read/Write)"
TAG,,Z3_Motor02_Bagging_Zone_Dust_Collector,"","FB02_Motor_With_Contactor","","(Class := Standard, Constant := false, ExternalAccess := Read/Write)"
TAG,,Z3_Network_Healthy,"","BOOL[32]","","(Class := Standard, RADIX := Decimal, Constant := false, ExternalAccess := Read/Write)"
COMMENT,,Z3_Network_Healthy,"Z3_RIO03_Network_Healthy",,"Z3_Network_Healthy[0]"
COMMENT,,Z3_Network_Healthy,"Z3_IBC001_Network_Healthy",,"Z3_Network_Healthy[1]"
COMMENT,,Z3_Network_Healthy,"Z3_MSV001_Network_Healthy",,"Z3_Network_Healthy[2]"
COMMENT,,Z3_Network_Healthy,"Z3_MSV02_Network_Healthy",,"Z3_Network_Healthy[3]"
COMMENT,,Z3_Network_Healthy,"Z3_BFC01_Network_Healthy",,"Z3_Network_Healthy[4]"
COMMENT,,Z3_Network_Healthy,"Z3_BSSC01_Network_Healthy",,"Z3_Network_Healthy[5]"
COMMENT,,Z3_Network_Healthy,"Z3_BTC01_Network_Healthy",,"Z3_Network_Healthy[6]"
COMMENT,,Z3_Network_Healthy,"Z3_BFBC01_Network_Healthy",,"Z3_Network_Healthy[7]"
COMMENT,,Z3_Network_Healthy,"Z3_BFTC01_Network_Healthy",,"Z3_Network_Healthy[8]"
COMMENT,,Z3_Network_Healthy,"Z3_MDC01_Network_Healthy",,"Z3_Network_Healthy[9]"
COMMENT,,Z3_Network_Healthy,"Z3_BRC01_Network_Healthy",,"Z3_Network_Healthy[10]"
COMMENT,,Z3_Network_Healthy,"Z3_Weighing_Indicator_Network_Healthy",,"Z3_Network_Healthy[11]"
TAG,,Z3_Network_Status,"","DINT[30]","","(Class := Standard, RADIX := Decimal, Constant := false, ExternalAccess := Read/Write)"
TAG,,Z3_ONS,"","INT","","(Class := Standard, RADIX := Decimal, Constant := false, ExternalAccess := Read/Write)"
TAG,,Z3_OSF,"","INT","","(Class := Standard, RADIX := Decimal, Constant := false, ExternalAccess := Read/Write)"
TAG,,Z3_Panel_Temp_High,"","BOOL","","(Class := Standard, RADIX := Decimal, Constant := false, ExternalAccess := Read/Write)"
TAG,,Z3_PLC_Safety_Reset,"","BOOL","","(Class := Standard, RADIX := Decimal, Constant := false, ExternalAccess := Read/Write)"
TAG,,Z3_PV01_Diverter_Flap_Fwd_Rev_Cyl,"","FB03_Pneumatic_Valve_5_2","","(Class := Standard, Constant := false, ExternalAccess := Read/Write)"
TAG,,Z3_PV02_Filling_StnBag_Clamp_Unclamp_Cyl,"","FB03_Pneumatic_Valve_5_2","","(Class := Standard, Constant := false, ExternalAccess := Read/Write)"
TAG,,Z3_PV03_Filling_Side_Flap_Open_Close_Cyl,"","FB03_Pneumatic_Valve_5_2","","(Class := Standard, Constant := false, ExternalAccess := Read/Write)"
TAG,,Z3_PV04_Filling_Stn_Conveyor_Up_Down_Cyl,"","FB03_Pneumatic_Valve_5_2","","(Class := Standard, Constant := false, ExternalAccess := Read/Write)"
TAG,,Z3_PV04_Filling_Stn_Conv_Dn_Cmd,"","BOOL","","(Class := Standard, RADIX := Decimal, Constant := false, ExternalAccess := Read/Write)"
TAG,,Z3_PV04_Filling_Stn_Conv_Dn_Cmd_1,"","BOOL","","(Class := Standard, RADIX := Decimal, Constant := false, ExternalAccess := Read/Write)"
TAG,,Z3_PV04_Filling_Stn_Conv_DN_Delay,"","TIMER","","(Class := Standard, Constant := false, ExternalAccess := Read/Write)"
TAG,,Z3_PV04_Filling_Stn_Conv_UP_Cmd,"","BOOL","","(Class := Standard, RADIX := Decimal, Constant := false, ExternalAccess := Read/Write)"
TAG,,Z3_PV04_Filling_Stn_Conv_UP_Delay,"","TIMER","","(Class := Standard, Constant := false, ExternalAccess := Read/Write)"
TAG,,Z3_PV05_Stitching_Stn_Cutter_Fwd_Rev_Cyl,"","FB03_Pneumatic_Valve_5_2","","(Class := Standard, Constant := false, ExternalAccess := Read/Write)"
TAG,,Z3_PV06_Rejection_Stn_Pusher_Fwd_Rev_Cyl,"","FB03_Pneumatic_Valve_5_2","","(Class := Standard, Constant := false, ExternalAccess := Read/Write)"
TAG,,Z3_Safety_Reset,"","BOOL","","(Class := Safety, RADIX := Decimal, Constant := false, ExternalAccess := Read/Write)"
TAG,,Z3_SDI1_Bag_Filling_Area_E_Stop,"","EMERGENCY_STOP","","(Class := Safety, Constant := false, ExternalAccess := Read/Write)"
TAG,,Z3_SDI2_Bag_Rejection_Area_E_Stop,"","EMERGENCY_STOP","","(Class := Safety, Constant := false, ExternalAccess := Read/Write)"
TAG,,Z3_SDI3_HMI_E_Stop,"","EMERGENCY_STOP","","(Class := Safety, Constant := false, ExternalAccess := Read/Write)"
TAG,,Z3_System,"","UDT_Machine","","(Class := Standard, Constant := false, ExternalAccess := Read/Write)"
TAG,,Z3_System_All_Disconnector_Healthy,"","BOOL","","(Class := Standard, RADIX := Decimal, Constant := false, ExternalAccess := Read/Write)"
TAG,,Z3_System_All_MPCB_Healthy,"","BOOL","","(Class := Standard, RADIX := Decimal, Constant := false, ExternalAccess := Read/Write)"
TAG,,Z3_System_Prestart,"","BOOL","","(Class := Standard, RADIX := Decimal, Constant := false, ExternalAccess := Read/Write)"
TAG,,Z3_S_All_E_Stop_Healthy,"","BOOL","","(Class := Safety, RADIX := Decimal, Constant := false, ExternalAccess := Read/Write)"
TAG,,Zone01_Error,"","BOOL[128]","","(Class := Standard, RADIX := Decimal, Constant := false, ExternalAccess := Read/Write)"
COMMENT,,Zone01_Error,"E001__Z1_Remote_IO_Card_Communication_Fault",,"Zone01_Error[1]"
COMMENT,,Zone01_Error,"E002__Z1_Drive01_CM001_Drive_Communication_Fault",,"Zone01_Error[2]"
COMMENT,,Zone01_Error,"E003__Z1_Drive02_CM002_Drive_Communication_Fault",,"Zone01_Error[3]"
COMMENT,,Zone01_Error,"E004__Z1_Drive03_ASCR001_Drive_Communication_Fault",,"Zone01_Error[4]"
COMMENT,,Zone01_Error,"E005__Z1_Drive04_SM001_Drive_Communication_Fault",,"Zone01_Error[5]"
COMMENT,,Zone01_Error,"E006__Z1_Chopper Air Pressure  Switch_FB_Low",,"Zone01_Error[6]"
COMMENT,,Zone01_Error,"E007__Z1_Chopper HMI E-Stop _Pressed",,"Zone01_Error[7]"
COMMENT,,Zone01_Error,"E008__Z1_Chopper Door 1_Open",,"Zone01_Error[8]"
COMMENT,,Zone01_Error,"E009__Z1_Chopper Door 2_Open",,"Zone01_Error[9]"
COMMENT,,Zone01_Error,"E010__Z1_Chopper Door Switch E-Stop _Pressed",,"Zone01_Error[10]"
COMMENT,,Zone01_Error,"E011__Z1_Drive01_CM001_MPCB_Tripped",,"Zone01_Error[11]"
COMMENT,,Zone01_Error,"E012__Z1_Drive01_CM001_Drive_Not_Ready",,"Zone01_Error[12]"
COMMENT,,Zone01_Error,"E013__Z1_Drive01_CM001_Drive_Overload",,"Zone01_Error[13]"
COMMENT,,Zone01_Error,"E014__Z1_Drive02_CM002_MPCB_Tripped",,"Zone01_Error[14]"
COMMENT,,Zone01_Error,"E015__Z1_Drive02_CM002_Drive_Not_Ready",,"Zone01_Error[15]"
COMMENT,,Zone01_Error,"E016__Z1_Drive02_CM002_Drive_Overload",,"Zone01_Error[16]"
COMMENT,,Zone01_Error,"E017__Z1_Drive03_ASCR001_MPCB_Tripped",,"Zone01_Error[17]"
COMMENT,,Zone01_Error,"E018__Z1_Drive03_ASCR001_Drive_Not_Ready",,"Zone01_Error[18]"
COMMENT,,Zone01_Error,"E019__Z1_Drive03_ASCR001_Drive_Overload",,"Zone01_Error[19]"
COMMENT,,Zone01_Error,"E020__Z1_Drive04_SM001_MPCB_Tripped",,"Zone01_Error[20]"
COMMENT,,Zone01_Error,"E021__Z1_Drive04_SM001_Drive_Not_Ready",,"Zone01_Error[21]"
COMMENT,,Zone01_Error,"E022__Z1_Drive04_SM001_Drive_Overload",,"Zone01_Error[22]"
COMMENT,,Zone01_Error,"E023__Z1_Motor01_Feeder01_MPCB_Tripped",,"Zone01_Error[23]"
COMMENT,,Zone01_Error,"E024__Z1_Motor01_Feeder02_MPCB_Tripped",,"Zone01_Error[24]"
COMMENT,,Zone01_Error,"E025__Z1_Motor01_Feeder03_MPCB_Tripped",,"Zone01_Error[25]"
COMMENT,,Zone01_Error,"E026__Z1_Drive01_CM001_Disconnector_OFF",,"Zone01_Error[26]"
COMMENT,,Zone01_Error,"E027__Z1_Drive02_CM002_Disconnector_OFF",,"Zone01_Error[27]"
COMMENT,,Zone01_Error,"E028__Z1_Drive03_ASCR001_Disconnector_OFF",,"Zone01_Error[28]"
COMMENT,,Zone01_Error,"E029__Z1_Drive04_SM001_Disconnector_OFF",,"Zone01_Error[29]"
COMMENT,,Zone01_Error,"E030_Z1_Panel_Temp_High",,"Zone01_Error[30]"
COMMENT,,Zone01_Error,"E031_Z1_PV01_Chopper_1_PU1_Fwd_Rev_Cyl_Pos01_Pos02_Clash",,"Zone01_Error[31]"
COMMENT,,Zone01_Error,"E032_Z1_PV01_Chopper_1_PU1_Fwd_Rev_Cyl_Pos01_Pos02_PositionError",,"Zone01_Error[32]"
COMMENT,,Zone01_Error,"E033_Z1_PV01_Chopper_1_PU1_Fwd_Rev_Cyl_Pos01_RS_Absent",,"Zone01_Error[33]"
COMMENT,,Zone01_Error,"EO34_Z1_PV01_Chopper_1_PU1_Fwd_Rev_Cyl_Pos02_RS_Absent",,"Zone01_Error[34]"
COMMENT,,Zone01_Error,"E035_Z1_PV03_Chopper_1_Roller_Fwd_Rev_Cyl_Pos01_Pos02_Clash",,"Zone01_Error[35]"
COMMENT,,Zone01_Error,"E036_Z1_PV03_Chopper_1_Roller_Fwd_Rev_Cyl_Pos01_Pos02_PositionError",,"Zone01_Error[36]"
COMMENT,,Zone01_Error,"E037_Z1_PV03_Chopper_1_Roller_Fwd_Rev_Cyl_Pos01_RS_Absent",,"Zone01_Error[37]"
COMMENT,,Zone01_Error,"E038_Z1_PV03_Chopper_1_Roller_Fwd_Rev_Cyl_Pos02_RS_Absent",,"Zone01_Error[38]"
COMMENT,,Zone01_Error,"E039_Z1_PV04_Chopper_2_PU1_Fwd_Rev_Cyl_Pos01_Pos02_Clash",,"Zone01_Error[39]"
COMMENT,,Zone01_Error,"E040_Z1_PV04_Chopper_2_PU1_Fwd_Rev_Cyl_Pos01_Pos02_PositionError",,"Zone01_Error[40]"
COMMENT,,Zone01_Error,"E041_Z1_PV04_Chopper_2_PU1_Fwd_Rev_Cyl_Pos01_RS_Absent",,"Zone01_Error[41]"
COMMENT,,Zone01_Error,"E042_Z1_PV04_Chopper_2_PU1_Fwd_Rev_Cyl_Pos02_RS_Absent",,"Zone01_Error[42]"
COMMENT,,Zone01_Error,"E043_Z1_PV06_Chopper_2_Roller_Fwd_Rev_Cyl_Pos01_Pos02_Clash",,"Zone01_Error[43]"
COMMENT,,Zone01_Error,"E044_Z1_PV06_Chopper_2_Roller_Fwd_Rev_Cyl_Pos01_Pos02_PositionError",,"Zone01_Error[44]"
COMMENT,,Zone01_Error,"E045_Z1_PV06_Chopper_2_Roller_Fwd_Rev_Cyl_Pos01_RS_Absent",,"Zone01_Error[45]"
COMMENT,,Zone01_Error,"E046_Z1_PV06_Chopper_2_Roller_Fwd_Rev_Cyl_Pos02_RS_Absent",,"Zone01_Error[46]"
COMMENT,,Zone01_Error,"E047_Chopper01 PU Cylinder Fwd FB Absent",,"Zone01_Error[47]"
COMMENT,,Zone01_Error,"E048_Chopper02 PU Cylinder Fwd FB Absent",,"Zone01_Error[48]"
COMMENT,,Zone01_Error,"E049_Z3_Fault",,"Zone01_Error[49]"
COMMENT,,Zone01_Error,"E050_Z2_Fault",,"Zone01_Error[50]"
TAG,,Zone02_Error,"","BOOL[128]","","(Class := Standard, RADIX := Decimal, Constant := false, ExternalAccess := Read/Write)"
COMMENT,,Zone02_Error,"E100__Z2_Remote_IO_Card_Communication_Fault",,"Zone02_Error[0]"
COMMENT,,Zone02_Error,"E101__Z2_Drive01_DHIB01_Drive_Communication_Fault",,"Zone02_Error[1]"
COMMENT,,Zone02_Error,"E102__Z2_Drive02_DHDC01_Drive_Communication_Fault",,"Zone02_Error[2]"
COMMENT,,Zone02_Error,"E103__Z2_Drive03_DCIB01_Drive_Communication_Fault",,"Zone02_Error[3]"
COMMENT,,Zone02_Error,"E104__Z2_Drive04_DCDC01_Drive_Communication_Fault",,"Zone02_Error[4]"
COMMENT,,Zone02_Error,"E105__Z2_Drive05_DCM01_Drive_Communication_Fault",,"Zone02_Error[5]"
COMMENT,,Zone02_Error,"E106__Z2_Drive06_DOVF01_Drive_Communication_Fault",,"Zone02_Error[6]"
COMMENT,,Zone02_Error,"E107__Z2_Drive07_DOVF02_Drive_Communication_Fault",,"Zone02_Error[7]"
COMMENT,,Zone02_Error,"E108__Z2_Drive01_DHIB01_MPCB_Tripped",,"Zone02_Error[8]"
COMMENT,,Zone02_Error,"E109__Z2_Drive02_DHDC01_MPCB_Tripped",,"Zone02_Error[9]"
COMMENT,,Zone02_Error,"E110__Z2_Drive03_DCIB01_MPCB_Tripped",,"Zone02_Error[10]"
COMMENT,,Zone02_Error,"E111__Z2_Drive04_DCDC01_MPCB_Tripped",,"Zone02_Error[11]"
COMMENT,,Zone02_Error,"E112__Z2_Drive05_DCM01_MPCB_Tripped",,"Zone02_Error[12]"
COMMENT,,Zone02_Error,"E113__Z2_Drive06_DOVF01_MPCB_Tripped",,"Zone02_Error[13]"
COMMENT,,Zone02_Error,"E114__Z2_Drive07_DOVF02_MPCB_Tripped",,"Zone02_Error[14]"
COMMENT,,Zone02_Error,"E115__Z2_Motor01_BRM01_MPCB_Tripped",,"Zone02_Error[15]"
COMMENT,,Zone02_Error,"E116__Z2_Motor01_BRM01_Motor_Disconnected",,"Zone02_Error[16]"
COMMENT,,Zone02_Error,"E117__Z2_Motor01_BRM02_MPCB_Tripped",,"Zone02_Error[17]"
COMMENT,,Zone02_Error,"E118__Z2_Motor01_BRM02_Motor_Disconnected",,"Zone02_Error[18]"
COMMENT,,Zone02_Error,"E119__Z2_Air Pressure_Low",,"Zone02_Error[19]"
COMMENT,,Zone02_Error,"E120__Z2_Z2_SDI1_Dryer_Infeed1_Estop_Pressed",,"Zone02_Error[20]"
COMMENT,,Zone02_Error,"E121__Z2_Z2_SDI2_Dryer_Outfeed_1_E_Stop_Pressed",,"Zone02_Error[21]"
COMMENT,,Zone02_Error,"E122__Z2_Z2_SDI3_Dryer_Infeed2_Estop_Pressed",,"Zone02_Error[22]"
COMMENT,,Zone02_Error,"E123__Z2_Z2_SDI4_Dryer_Outfeed_2_E_Stop_Pressed",,"Zone02_Error[23]"
COMMENT,,Zone02_Error,"E124__Z2_Z2_SDI5_Dryer_HMI_E_Stop_Pressed",,"Zone02_Error[24]"
COMMENT,,Zone02_Error,"E125__Z2_Z2_SDI6_Dryer_Burner_E_Stop_Pressed",,"Zone02_Error[25]"
COMMENT,,Zone02_Error,"E126__Z2_Z2_SDI7_Dryer_Burner_E_Stop_Pressed",,"Zone02_Error[26]"
COMMENT,,Zone02_Error,"E127__Z2_Drive01_DHIB01_Drive_Overload",,"Zone02_Error[27]"
COMMENT,,Zone02_Error,"E128__Z2_Drive01_DHIB01_Drive_Fault",,"Zone02_Error[28]"
COMMENT,,Zone02_Error,"E129__Z2_Drive01_DHIB01_Motor_Disconnected",,"Zone02_Error[29]"
COMMENT,,Zone02_Error,"E130__Z2_Drive02_DHDC01_Drive_Overload",,"Zone02_Error[30]"
COMMENT,,Zone02_Error,"E131__Z2_Drive02_DHDC01_Drive_Fault",,"Zone02_Error[31]"
COMMENT,,Zone02_Error,"E132__Z2_Drive02_DHDC01_Motor_Disconnected",,"Zone02_Error[32]"
COMMENT,,Zone02_Error,"E133__Z2_Drive03_DCIB01_Drive_Overload",,"Zone02_Error[33]"
COMMENT,,Zone02_Error,"E134__Z2_Drive03_DCIB01_Drive_Fault",,"Zone02_Error[34]"
COMMENT,,Zone02_Error,"E135__Z2_Drive03_DCIB01_Motor_Disconnected",,"Zone02_Error[35]"
COMMENT,,Zone02_Error,"E136__Z2_Drive04_DCDC01_Drive_Overload",,"Zone02_Error[36]"
COMMENT,,Zone02_Error,"E137__Z2_Drive04_DCDC01_Drive_Fault",,"Zone02_Error[37]"
COMMENT,,Zone02_Error,"E138__Z2_Drive04_DCDC01_Motor_Disconnected",,"Zone02_Error[38]"
COMMENT,,Zone02_Error,"E139__Z2_Drive05_DCM01_Drive_Overload",,"Zone02_Error[39]"
COMMENT,,Zone02_Error,"E140__Z2_Drive05_DCM01_Drive_Fault",,"Zone02_Error[40]"
COMMENT,,Zone02_Error,"E141__Z2_Drive05_DCM01_Motor_Disconnected",,"Zone02_Error[41]"
COMMENT,,Zone02_Error,"E142__Z2_Drive06_DOVF01_Drive_Overload",,"Zone02_Error[42]"
COMMENT,,Zone02_Error,"E143__Z2_Drive06_DOVF01_Drive_Fault",,"Zone02_Error[43]"
COMMENT,,Zone02_Error,"E144__Z2_Drive06_DOVF01_Motor_Disconnected",,"Zone02_Error[44]"
COMMENT,,Zone02_Error,"E145__Z2_Drive07_DOVF02_Drive_Overload",,"Zone02_Error[45]"
COMMENT,,Zone02_Error,"E146__Z2_Drive07_DOVF02_Drive_Fault",,"Zone02_Error[46]"
COMMENT,,Zone02_Error,"E147__Z2_Drive07_DOVF02_Motor_Disconnected",,"Zone02_Error[47]"
COMMENT,,Zone02_Error,"E148__Z2_AI01_Gas Burner Inlet Temperature_Wire_Break_Fault",,"Zone02_Error[48]"
COMMENT,,Zone02_Error,"E149__Z2_AI02_Gas Burner Outlet Temperature _Wire_Break_Fault",,"Zone02_Error[49]"
COMMENT,,Zone02_Error,"E150__Z2_AI03_Dryer Heating Zone-1 Temperature_Wire_Break_Fault",,"Zone02_Error[50]"
COMMENT,,Zone02_Error,"E151__Z2_AI04_Dryer Heating Zone-2 Temperature_Wire_Break_Fault",,"Zone02_Error[51]"
COMMENT,,Zone02_Error,"E152__Z2_AI05_Dryer Heating Zone-3 Temperature_Wire_Break_Fault",,"Zone02_Error[52]"
COMMENT,,Zone02_Error,"E153__Z2_AI06_Cooling Air Inlet Temperature_Wire_Break_Fault",,"Zone02_Error[53]"
COMMENT,,Zone02_Error,"E154__Z2_AI07_Cooling Air Outlet Temperature_Wire_Break_Fault",,"Zone02_Error[54]"
COMMENT,,Zone02_Error,"E155__Z2_AI08_Dryer Cooling Zone Temperature_Wire_Break_Fault",,"Zone02_Error[55]"
COMMENT,,Zone02_Error,"E156__Z2_AI09_Dryer Heating Zone Dust Collector Pressure Transmitter_Wire_Break_Fault",,"Zone02_Error[56]"
COMMENT,,Zone02_Error,"E157__Z2_AI10_Dryer Cooling Zone Dust Collector Pressure Transmitter_Wire_Break_Fault",,"Zone02_Error[57]"
COMMENT,,Zone02_Error,"E158__Z2_AI13_Dryer Heating Zone Inlet Flow Transmitter_Wire_Break_Fault",,"Zone02_Error[58]"
COMMENT,,Zone02_Error,"E159__Z2_AI14_Dryer_Gas_Inlet_FT_cable break",,"Zone02_Error[59]"
COMMENT,,Zone02_Error,"E160_Z2_Dryer_Conveyor_Motor_Belt_Shifted_Fault",,"Zone02_Error[60]"
COMMENT,,Zone02_Error,"E161_Z2_Panel_Temp_High",,"Zone02_Error[61]"
COMMENT,,Zone02_Error,"E162_Z2_Heating_Zone_Inlet_Close_Fault",,"Zone02_Error[62]"
COMMENT,,Zone02_Error,"E163_Z2_Heating_Zone_Dryer_Temprature_High",,"Zone02_Error[63]"
COMMENT,,Zone02_Error,"E164_Z2_Heating_Zone_Dryer_Temprature_Low",,"Zone02_Error[64]"
COMMENT,,Zone02_Error,"E165_Z2_Heating_Zone_Dust_Collector_Pressure_High",,"Zone02_Error[65]"
COMMENT,,Zone02_Error,"E166_Z2_Heating_Zone_Dust_Collector_Dust_Level_High",,"Zone02_Error[66]"
COMMENT,,Zone02_Error,"E167_Z2_Cooling_Zone_Dust_Collector_Pressure_High",,"Zone02_Error[67]"
COMMENT,,Zone02_Error,"E168_Z2_Cooling_Zone_Dust_Collector_Dust_Level_High",,"Zone02_Error[68]"
COMMENT,,Zone02_Error,"E169_Burner_Fault",,"Zone02_Error[69]"
COMMENT,,Zone02_Error,"E170_Z2_Dryer_Conveyor_Motor_Belt_Tension_Fault",,"Zone02_Error[70]"
COMMENT,,Zone02_Error,"E171_Z2_DCM_Auto_Mode_Process_Bypass",,"Zone02_Error[71]"
COMMENT,,Zone02_Error,"E172_Z2_DCM_DOVF_Bypass",,"Zone02_Error[72]"
COMMENT,,Zone02_Error,"E173_Z2_Gas_Burner_Inlet_Temp_Low_Fault",,"Zone02_Error[73]"
COMMENT,,Zone02_Error,"E174_Z2_Gas_Burner_Inlet_Temp_High_Fault",,"Zone02_Error[74]"
COMMENT,,Zone02_Error,"E175_Z2_Gas_Burner_Outlet_Temp_Low_Fault",,"Zone02_Error[75]"
COMMENT,,Zone02_Error,"E176_Z2_Gas_Burner_Outlet_Temp_High_Fault",,"Zone02_Error[76]"
COMMENT,,Zone02_Error,"E177_Z2_AI03_Dryer_Heat_Zone1_Temp_Low_Fault",,"Zone02_Error[77]"
COMMENT,,Zone02_Error,"E178_Z2_AI03_Dryer_Heat_Zone1_Temp_High_Fault",,"Zone02_Error[78]"
COMMENT,,Zone02_Error,"E179_Z2_AI04_Dryer_Heat_Zone2_Temp_Low_Fault",,"Zone02_Error[79]"
COMMENT,,Zone02_Error,"E180_Z2_AI04_Dryer_Heat_Zone2_Temp_High_Fault",,"Zone02_Error[80]"
COMMENT,,Zone02_Error,"E181_Z2_AI05_Dryer_Heat_Zone_3_Temp_Low_Fault",,"Zone02_Error[81]"
COMMENT,,Zone02_Error,"E182_Z2_AI05_Dryer_Heat_Zone_3_Temp_High_Fault",,"Zone02_Error[82]"
COMMENT,,Zone02_Error,"E183_Z2_Cooling_Air_Inlet_Temp_temp_low_fault",,"Zone02_Error[83]"
COMMENT,,Zone02_Error,"E184_Z2_Cooling_Air_Inlet_Temp_temp_High_fault",,"Zone02_Error[84]"
COMMENT,,Zone02_Error,"E185_Z2_Cooling_Air_outlet_Temp_temp_low_fault",,"Zone02_Error[85]"
COMMENT,,Zone02_Error,"E186_Z2_Cooling_Air_outlet_Temp_temp_High_fault",,"Zone02_Error[86]"
COMMENT,,Zone02_Error,"E187_Z2_Dryer_Cool_Zone_Temp_Low_Fault",,"Zone02_Error[87]"
COMMENT,,Zone02_Error,"E188_Z2_Dryer_Cool_Zone_Temp_High_Fault",,"Zone02_Error[88]"
COMMENT,,Zone02_Error,"E189_Z2_Cooling Zone Sensor Monitoring Fault",,"Zone02_Error[89]"
COMMENT,,Zone02_Error,"E190_Z2_Heating_Zone Sensor Monitoring Fault",,"Zone02_Error[90]"
COMMENT,,Zone02_Error,"E191_Z3_Bagging_Auto_Mode_Process_Bypass",,"Zone02_Error[91]"
TAG,,Zone03_Air_Relief_Reset,"","BOOL","","(Class := Standard, RADIX := Decimal, Constant := false, ExternalAccess := Read/Write)"
TAG,,Zone03_Error,"","BOOL[128]","","(Class := Standard, RADIX := Decimal, Constant := false, ExternalAccess := Read/Write)"
COMMENT,,Zone03_Error,"E200__Z3_Remote_IO_Card_Communication_Fault",,"Zone03_Error[0]"
COMMENT,,Zone03_Error,"E201__Z3_Drive01_IBC01_Drive_Communication_Fault",,"Zone03_Error[1]"
COMMENT,,Zone03_Error,"E202__Z3_Drive02_MSV01_Drive_Communication_Fault",,"Zone03_Error[2]"
COMMENT,,Zone03_Error,"E203__Z3_Drive03_MSV02_Drive_Communication_Fault",,"Zone03_Error[3]"
COMMENT,,Zone03_Error,"E204__Z3_Drive04_BFC01_Drive_Communication_Fault",,"Zone03_Error[4]"
COMMENT,,Zone03_Error,"E205__Z3_Drive05_BSSC01_Drive_Communication_Fault",,"Zone03_Error[5]"
COMMENT,,Zone03_Error,"E206__Z3_Drive06_BTC01_Drive_Communication_Fault",,"Zone03_Error[6]"
COMMENT,,Zone03_Error,"E207__Z3_Drive07_BFBC01_Drive_Communication_Fault",,"Zone03_Error[7]"
COMMENT,,Zone03_Error,"E208__Z3_Drive01_BFTC01_Drive_Communication_Fault",,"Zone03_Error[8]"
COMMENT,,Zone03_Error,"E209__Z3_Drive02_BRC01 _Drive_Communication_Fault",,"Zone03_Error[9]"
COMMENT,,Zone03_Error,"E210__Z3_Weighing_Scale_01_Communication_Fault",,"Zone03_Error[10]"
COMMENT,,Zone03_Error,"E211__Z3_Motor01_BSTM01_MPCB_Tripped",,"Zone03_Error[11]"
COMMENT,,Zone03_Error,"E212__Z3_Motor01_BDCB01_MPCB_Tripped",,"Zone03_Error[12]"
COMMENT,,Zone03_Error,"E213__Z3_Air Pressure_Low",,"Zone03_Error[13]"
COMMENT,,Zone03_Error,"E214__Z3_Z3_SDI3_HMI_E_Stop_Pressed",,"Zone03_Error[14]"
COMMENT,,Zone03_Error,"E215__Z3_Z3_SDI1_Bag_Filling_Area_E_Stop_Pressed",,"Zone03_Error[15]"
COMMENT,,Zone03_Error,"E216__Z3_Z3_SDI2_Bag_Rejection_Area_E_Stop_Pressed",,"Zone03_Error[16]"
COMMENT,,Zone03_Error,"E217__Z3_Drive01_IBC01_Drive_Overload",,"Zone03_Error[17]"
COMMENT,,Zone03_Error,"E218__Z3_Drive01_IBC01_Drive_Fault",,"Zone03_Error[18]"
COMMENT,,Zone03_Error,"E219__Z3_Drive01_IBC01_Motor_Disconnected",,"Zone03_Error[19]"
COMMENT,,Zone03_Error,"E220__Z3_Drive02_MSV01_Drive_Overload",,"Zone03_Error[20]"
COMMENT,,Zone03_Error,"E221__Z3_Drive02_MSV01_Drive_Fault",,"Zone03_Error[21]"
COMMENT,,Zone03_Error,"E222__Z3_Drive02_MSV01_Motor_Disconnected",,"Zone03_Error[22]"
COMMENT,,Zone03_Error,"E223__Z3_Drive03_MSV02_Drive_Overload",,"Zone03_Error[23]"
COMMENT,,Zone03_Error,"E224__Z3_Drive03_MSV02_Drive_Fault",,"Zone03_Error[24]"
COMMENT,,Zone03_Error,"E225__Z3_Drive03_MSV02_Motor_Disconnected",,"Zone03_Error[25]"
COMMENT,,Zone03_Error,"E226__Z3_Drive04_BFC01_Drive_Overload",,"Zone03_Error[26]"
COMMENT,,Zone03_Error,"E227__Z3_Drive04_BFC01_Drive_Fault",,"Zone03_Error[27]"
COMMENT,,Zone03_Error,"E228__Z3_Drive04_BFC01_Motor_Disconnected",,"Zone03_Error[28]"
COMMENT,,Zone03_Error,"E229__Z3_Drive05_BSSC01_Drive_Overload",,"Zone03_Error[29]"
COMMENT,,Zone03_Error,"E230__Z3_Drive05_BSSC01_Drive_Fault",,"Zone03_Error[30]"
COMMENT,,Zone03_Error,"E231__Z3_Drive05_BSSC01_Motor_Disconnected",,"Zone03_Error[31]"
COMMENT,,Zone03_Error,"E232__Z3_Drive06_BTC01_Drive_Overload",,"Zone03_Error[32]"
COMMENT,,Zone03_Error,"E233__Z3_Drive06_BTC01_Drive_Fault",,"Zone03_Error[33]"
COMMENT,,Zone03_Error,"E234__Z3_Drive06_BTC01_Motor_Disconnected",,"Zone03_Error[34]"
COMMENT,,Zone03_Error,"E235__Z3_Drive07_BFBC01_Drive_Overload",,"Zone03_Error[35]"
COMMENT,,Zone03_Error,"E236__Z3_Drive07_BFBC01_Drive_Fault",,"Zone03_Error[36]"
COMMENT,,Zone03_Error,"E237__Z3_Drive07_BFBC01_Motor_Disconnected",,"Zone03_Error[37]"
COMMENT,,Zone03_Error,"E238__Z3_Drive01_BFTC01_Drive_Overload",,"Zone03_Error[38]"
COMMENT,,Zone03_Error,"E239__Z3_Drive01_BFTC01_Drive_Fault",,"Zone03_Error[39]"
COMMENT,,Zone03_Error,"E240__Z3_Drive01_BFTC01_Motor_Disconnected",,"Zone03_Error[40]"
COMMENT,,Zone03_Error,"E241__Z3_Drive02_BRC01 _Drive_Overload",,"Zone03_Error[41]"
COMMENT,,Zone03_Error,"E242__Z3_Drive02_BRC01 _Drive_Fault",,"Zone03_Error[42]"
COMMENT,,Zone03_Error,"E243__Z3_Drive02_BRC01 _Motor_Disconnected",,"Zone03_Error[43]"
COMMENT,,Zone03_Error,"E244__Z3_MSV01_Level_Sensor_Wire_Break_Fault",,"Zone03_Error[44]"
COMMENT,,Zone03_Error,"E245__Z3_PV02_Filling_Station_Bag_Clamp_Unclamp_Cylinder_Clamp_Unclamp_RS_Clashed",,"Zone03_Error[45]"
COMMENT,,Zone03_Error,"E246__Z3_PV02_Filling_Station_Bag_Clamp_Unclamp_Cylinder_Clamp_Unclamp_RS_Absent",,"Zone03_Error[46]"
COMMENT,,Zone03_Error,"E247__Z3_PV02_Filling_Station_Bag_Clamp_Unclamp_Cylinder_Clamp_RS_Absent",,"Zone03_Error[47]"
COMMENT,,Zone03_Error,"E248__Z3_PV02_Filling_Station_Bag_Clamp_Unclamp_Cylinder_Unclamp_RS_Absent",,"Zone03_Error[48]"
COMMENT,,Zone03_Error,"E249__Z3_PV03_Filling_Station_Bag_Side_Flap_Open_Close_Cylinder_Open_Close_RS_Clashed",,"Zone03_Error[49]"
COMMENT,,Zone03_Error,"E250__Z3_PV03_Filling_Station_Bag_Side_Flap_Open_Close_Cylinder_Open_Close_RS_Absent",,"Zone03_Error[50]"
COMMENT,,Zone03_Error,"E251__Z3_PV03_Filling_Station_Bag_Side_Flap_Open_Close_Cylinder_Open_RS_Absent",,"Zone03_Error[51]"
COMMENT,,Zone03_Error,"E252__Z3_PV03_Filling_Station_Bag_Side_Flap_Open_Close_Cylinder_Close_RS_Absent",,"Zone03_Error[52]"
COMMENT,,Zone03_Error,"E253__Z3_PV04_Filling_Station_Conveyor_Up_Down_Cylinder_Up_Down_RS_Clashed",,"Zone03_Error[53]"
COMMENT,,Zone03_Error,"E254__Z3_PV04_Filling_Station_Conveyor_Up_Down_Cylinder_Up_Down_RS_Absent",,"Zone03_Error[54]"
COMMENT,,Zone03_Error,"E255__Z3_PV04_Filling_Station_Conveyor_Up_Down_Cylinder_Up_RS_Absent",,"Zone03_Error[55]"
COMMENT,,Zone03_Error,"E256__Z3_PV04_Filling_Station_Conveyor_Up_Down_Cylinder_Down_RS_Absent",,"Zone03_Error[56]"
COMMENT,,Zone03_Error,"E257__Z3_PV01_Diverter_Flap_Fwd_Rev_Cylinder_Fwd_Rev_RS_Clashed",,"Zone03_Error[57]"
COMMENT,,Zone03_Error,"E258__Z3_PV01_Diverter_Flap_Fwd_Rev_Cylinder_Fwd_Rev_RS_Absent",,"Zone03_Error[58]"
COMMENT,,Zone03_Error,"E259__Z3_PV01_Diverter_Flap_Fwd_Rev_Cylinder_Fwd_RS_Absent",,"Zone03_Error[59]"
COMMENT,,Zone03_Error,"E260__Z3_PV01_Diverter_Flap_Fwd_Rev_Cylinder_Rev_RS_Absent",,"Zone03_Error[60]"
COMMENT,,Zone03_Error,"E261__Z3_PV05_Stitching_Station_Thread_Cutter_Fwd_Rev_Cylinder_Fwd_Rev_RS_Clashed",,"Zone03_Error[61]"
COMMENT,,Zone03_Error,"E262__Z3_PV05_Stitching_Station_Thread_Cutter_Fwd_Rev_Cylinder_Fwd_Rev_RS_Absent",,"Zone03_Error[62]"
COMMENT,,Zone03_Error,"E263__Z3_PV05_Stitching_Station_Thread_Cutter_Fwd_Rev_Cylinder_Fwd_RS_Absent",,"Zone03_Error[63]"
COMMENT,,Zone03_Error,"E264__Z3_PV05_Stitching_Station_Thread_Cutter_Fwd_Rev_Cylinder_Rev_RS_Absent",,"Zone03_Error[64]"
COMMENT,,Zone03_Error,"E265__Z3_PV06_Rejection_Station_Pusher_Fwd_Rev_Cylinder_Fwd_Rev_RS_Clashed",,"Zone03_Error[65]"
COMMENT,,Zone03_Error,"E266__Z3_PV06_Rejection_Station_Pusher_Fwd_Rev_Cylinder_Fwd_Rev_RS_Absent",,"Zone03_Error[66]"
COMMENT,,Zone03_Error,"E267__Z3_PV06_Rejection_Station_Pusher_Fwd_Rev_Cylinder_Fwd_RS_Absent",,"Zone03_Error[67]"
COMMENT,,Zone03_Error,"E268__Z3_PV06_Rejection_Station_Pusher_Fwd_Rev_Cylinder_Rev_RS_Absent",,"Zone03_Error[68]"
COMMENT,,Zone03_Error,"E269__Z3_ Bag Tilting Entry Sensor_Sensor_On_Fail",,"Zone03_Error[69]"
COMMENT,,Zone03_Error,"E270__Z3_ Bag Tilting Entry Sensor_Sensor_Off_Fail",,"Zone03_Error[70]"
COMMENT,,Zone03_Error,"E271__Z3_Bag Tilting Exit Sensor_Sensor_On_Fail",,"Zone03_Error[71]"
COMMENT,,Zone03_Error,"E272__Z3_Bag Tilting Exit Sensor_Sensor_Off_Fail",,"Zone03_Error[72]"
COMMENT,,Zone03_Error,"E273__Z3_ Bag Flatening Entry Sensor_Sensor_On_Fail",,"Zone03_Error[73]"
COMMENT,,Zone03_Error,"E274__Z3_ Bag Flatening Entry Sensor_Sensor_Off_Fail",,"Zone03_Error[74]"
COMMENT,,Zone03_Error,"E275__Z3_ Bag Flatening Exit Sensor_Sensor_On_Fail",,"Zone03_Error[75]"
COMMENT,,Zone03_Error,"E276__Z3_ Bag Flatening Exit Sensor_Sensor_Off_Fail",,"Zone03_Error[76]"
COMMENT,,Zone03_Error,"E277__Z3_ Bag Metal Detection Station Exit Sensor_Sensor_On_Fail",,"Zone03_Error[77]"
COMMENT,,Zone03_Error,"E278__Z3_ Bag Metal Detection Station Exit Sensor_Sensor_Off_Fail",,"Zone03_Error[78]"
COMMENT,,Zone03_Error,"E279__Z3_ Bag Rejection Station Entry Sensor_Sensor_On_Fail",,"Zone03_Error[79]"
COMMENT,,Zone03_Error,"E280__Z3_ Bag Rejection Station Entry Sensor_Sensor_Off_Fail",,"Zone03_Error[80]"
COMMENT,,Zone03_Error,"E281__Z3_ Bag Rejection Station Exit Sensor_Sensor_On_Fail",,"Zone03_Error[81]"
COMMENT,,Zone03_Error,"E282__Z3_ Bag Rejection Station Exit Sensor_Sensor_Off_Fail",,"Zone03_Error[82]"
COMMENT,,Zone03_Error,"E283  Z3 Drive01 IBC01 MPCB Tripped",,"Zone03_Error[83]"
COMMENT,,Zone03_Error,"E284  Z3 Drive02 MSV01 MPCB Tripped",,"Zone03_Error[84]"
COMMENT,,Zone03_Error,"E285  Z3 Drive03 MSV02 MPCB Tripped",,"Zone03_Error[85]"
COMMENT,,Zone03_Error,"E286  Z3 Drive04 BFC01 MPCB Tripped",,"Zone03_Error[86]"
COMMENT,,Zone03_Error,"E287  Z3 Drive05 BSSC01 MPCB Tripped",,"Zone03_Error[87]"
COMMENT,,Zone03_Error,"E288  Z3 Drive06 BTC01 MPCB Tripped",,"Zone03_Error[88]"
COMMENT,,Zone03_Error,"E289  Z3 Drive07 BFBC01 MPCB Tripped",,"Zone03_Error[89]"
COMMENT,,Zone03_Error,"E290  Z3 Drive01 BFTC01 MPCB Tripped",,"Zone03_Error[90]"
COMMENT,,Zone03_Error,"E291  Z3 Drive02 BRC01  MPCB Tripped",,"Zone03_Error[91]"
COMMENT,,Zone03_Error,"E292 Z3 Panel Temp High",,"Zone03_Error[92]"
COMMENT,,Zone03_Error,"E293_Z3_Material Level Sensor High",,"Zone03_Error[93]"
COMMENT,,Zone03_Error,"E294_Z3_Drive01_IBC001_Bypass",,"Zone03_Error[94]"
COMMENT,,Zone03_Error,"E295_Z3_Drive02_MSV01_Bypass",,"Zone03_Error[95]"
COMMENT,,Zone03_Error,"E296_Z3_Drive03_MSV02_Bypass",,"Zone03_Error[96]"
COMMENT,,Zone03_Error,"E297_Z3_Drive04_BFC01_Bypass",,"Zone03_Error[97]"
COMMENT,,Zone03_Error,"E298_Z3_Drive05_BSSC01_Bypass",,"Zone03_Error[98]"
COMMENT,,Zone03_Error,"E299_Z3_Drive06_BTC01_Bypass",,"Zone03_Error[99]"
COMMENT,,Zone03_Error,"E300_Z3_Drive07_BFBC01_Bypass",,"Zone03_Error[100]"
COMMENT,,Zone03_Error,"E301_Z3_Drive08_BFTC01_Bypass",,"Zone03_Error[101]"
COMMENT,,Zone03_Error,"E302_Z3_Drive10_BRC01_Bypass",,"Zone03_Error[102]"
COMMENT,,Zone03_Error,"E303_Z3_MDC_Motor_Bypass",,"Zone03_Error[103]"
COMMENT,,Zone03_Error,"E304_Z3_Bag_Stitching_Motor_Bypass",,"Zone03_Error[104]"
COMMENT,,Zone03_Error,"E305_Z3_Coarse_Vibro_Bypass",,"Zone03_Error[105]"
COMMENT,,Zone03_Error,"E306_Z3_Fine_Vibro_Bypass",,"Zone03_Error[106]"
COMMENT,,Zone03_Error,"E307_ Z3 Drive01 BMDC01 MPCB Tripped",,"Zone03_Error[107]"
COMMENT,,Zone03_Error,"E308_Z3 Operator_Delay",,"Zone03_Error[108]"
COMMENT,,Zone03_Error,"E309_Bag_Stitching_Motor_Disconnector off",,"Zone03_Error[109]"
COMMENT,,Zone03_Error,"E310_Sealing Station Bag Entry Sensor _on Fail",,"Zone03_Error[110]"
COMMENT,,Zone03_Error,"E311_Sealing Station Bag Entry Sensor _off Fail",,"Zone03_Error[111]"
COMMENT,,Zone03_Error,"E312-Sealing Station Bag Exit Sensor ON Fail",,"Zone03_Error[112]"
COMMENT,,Zone03_Error,"E313-Sealing Station Bag Exit Sensor Off Fail",,"Zone03_Error[113]"
COMMENT,,Zone03_Error,"E314_Stitching Station Bag Exit Sensor On Fail",,"Zone03_Error[114]"
COMMENT,,Zone03_Error,"E315_Stitching Station Bag Exit Sensor Off Fail",,"Zone03_Error[115]"
COMMENT,,Zone03_Error,"E316 Filling Station Bag Present Sensor on Fail",,"Zone03_Error[116]"
COMMENT,,Zone03_Error,"E317 Filling Station Bag Present Sensor off Fail",,"Zone03_Error[117]"
COMMENT,,Zone03_Error,"E318_Fillng_Area_Two Hand PB Ack Fail",,"Zone03_Error[118]"
COMMENT,,Zone03_Error,"E319_Auto Chopper Cycle Stopped Due to operator Delay",,"Zone03_Error[119]"
TAG,,DLR01_Clear_Count,"","MESSAGE","","(Class := Standard, ExternalAccess := Read/Write, MessageType := CIP Generic, RequestedLength := 2, ConnectedFlag := 2, ConnectionPath := ""2, 192.168.10.41"", CommTypeCode := 0, ServiceCode := 16#0010, ObjectType := 16#0047, TargetObject := 1, AttributeNumber := 16#0005, LocalIndex := 0, LocalElement := ""DLR01_Parameters.Storage[0]"", LargePacketUsage := false)"
TAG,,DLR01_Clr_Rapid_Flt,"","MESSAGE","","(Class := Standard, ExternalAccess := Read/Write, MessageType := CIP Generic, RequestedLength := 0, ConnectedFlag := 2, ConnectionPath := ""2, 192.168.10.41"", CommTypeCode := 0, ServiceCode := 16#004c, ObjectType := 16#0047, TargetObject := 1, AttributeNumber := 16#0000, LocalIndex := 0, LargePacketUsage := false)"
TAG,,DLR01_Get_All,"","MESSAGE","","(Class := Standard, ExternalAccess := Read/Write, MessageType := CIP Generic, RequestedLength := 0, ConnectedFlag := 2, ConnectionPath := ""2, 192.168.10.41"", CommTypeCode := 0, ServiceCode := 16#0001, ObjectType := 16#0047, TargetObject := 1, AttributeNumber := 16#0000, LocalIndex := 0, DestinationTag := ""DLR01_Parameters.Storage[0]"", LargePacketUsage := false)"
TAG,,DLR01_Get_Sgl,"","MESSAGE","","(Class := Standard, ExternalAccess := Read/Write, MessageType := CIP Generic, RequestedLength := 0, ConnectedFlag := 2, ConnectionPath := ""2, 192.168.10.41"", CommTypeCode := 0, ServiceCode := 16#000e, ObjectType := 16#0047, TargetObject := 1, AttributeNumber := 16#0002, LocalIndex := 0, DestinationTag := ""DLR01_Parameters.Storage[0]"", LargePacketUsage := false)"
TAG,,DLR01_Reset,"","MESSAGE","","(Class := Standard, ExternalAccess := Read/Write, MessageType := CIP Generic, RequestedLength := 0, ConnectedFlag := 2, ConnectionPath := ""2, 192.168.10.41"", CommTypeCode := 0, ServiceCode := 16#004d, ObjectType := 16#0047, TargetObject := 1, AttributeNumber := 16#0000, LocalIndex := 0, LargePacketUsage := false)"
TAG,,MCC3_Clear_Count,"","MESSAGE","","(Class := Standard, ExternalAccess := Read/Write, MessageType := CIP Generic, RequestedLength := 2, ConnectedFlag := 2, ConnectionPath := ""1, 1"", CommTypeCode := 0, ServiceCode := 16#0010, ObjectType := 16#0047, TargetObject := 1, AttributeNumber := 16#0005, LocalIndex := 0, LocalElement := ""MCC3_Parameters.Storage[0]"", LargePacketUsage := false)"
TAG,,MCC3_Clr_Rapid_Flt,"","MESSAGE","","(Class := Standard, ExternalAccess := Read/Write, MessageType := CIP Generic, RequestedLength := 0, ConnectedFlag := 2, ConnectionPath := ""1, 1"", CommTypeCode := 0, ServiceCode := 16#004c, ObjectType := 16#0047, TargetObject := 1, AttributeNumber := 16#0000, LocalIndex := 0, LargePacketUsage := false)"
TAG,,MCC3_Get_All,"","MESSAGE","","(Class := Standard, ExternalAccess := Read/Write, MessageType := CIP Generic, RequestedLength := 0, ConnectedFlag := 2, CommTypeCode := 0, ServiceCode := 16#0001, ObjectType := 16#0047, TargetObject := 1, AttributeNumber := 16#0000, LocalIndex := 0, DestinationTag := ""MCC3_Parameters.Storage[0]"", LargePacketUsage := false)"
TAG,,MCC3_Get_Sgl,"","MESSAGE","","(Class := Standard, ExternalAccess := Read/Write, MessageType := CIP Generic, RequestedLength := 0, ConnectedFlag := 2, ConnectionPath := ""1, 1"", CommTypeCode := 0, ServiceCode := 16#000e, ObjectType := 16#0047, TargetObject := 1, AttributeNumber := 16#0002, LocalIndex := 0, DestinationTag := ""MCC3_Parameters.Storage[0]"", LargePacketUsage := false)"
TAG,,MCC3_Reset,"","MESSAGE","","(Class := Standard, ExternalAccess := Read/Write, MessageType := CIP Generic, RequestedLength := 0, ConnectedFlag := 2, ConnectionPath := ""1, 1"", CommTypeCode := 0, ServiceCode := 16#004d, ObjectType := 16#0047, TargetObject := 1, AttributeNumber := 16#0000, LocalIndex := 0, LargePacketUsage := false)"
TYPE,SCOPE,NAME,DESCRIPTION,DATATYPE,SPECIFIER,ATTRIBUTES
TAG,Adv_Velocity_Drives_Festo_EIP:AOI,IO_I_n_t_e_r_f_a_c_e_r_A_r_e_a,"","SINT","","(RADIX := Decimal, Usage := Input, ExternalAccess := Read/Write, Required := false, Visible := false)"
TAG,Adv_Velocity_Drives_Festo_EIP:AOI,DRV_Status,"","INT[10]","","(RADIX := Decimal, Usage := InOut, Constant := false, Required := true, Visible := true)"
TAG,Adv_Velocity_Drives_Festo_EIP:AOI,DRV_Control,"","INT[6]","","(RADIX := Decimal, Usage := InOut, Constant := false, Required := true, Visible := true)"
TAG,Adv_Velocity_Drives_Festo_EIP:AOI,C_o_n_t_r_o_l_A_r_e_a,"","SINT","","(RADIX := Decimal, Usage := Input, ExternalAccess := Read/Write, Required := false, Visible := true)"
TAG,Adv_Velocity_Drives_Festo_EIP:AOI,PowerStageEnable,"STW1.0$NPower Stage$NEnable","BOOL","","(RADIX := Decimal, Usage := Input, ExternalAccess := Read/Write, Required := false, Visible := true)"
TAG,Adv_Velocity_Drives_Festo_EIP:AOI,CoastStop,"STW1.1$NCoast Stop$NDisable$NFAS P1.1147010","BOOL","","(RADIX := Decimal, Usage := Input, ExternalAccess := Read/Write, Required := false, Visible := true)"
TAG,Adv_Velocity_Drives_Festo_EIP:AOI,RapidStop,"STW1.2$NQuick Stop$NDisable$NFAS P1.1147020","BOOL","","(RADIX := Decimal, Usage := Input, ExternalAccess := Read/Write, Required := false, Visible := true)"
TAG,Adv_Velocity_Drives_Festo_EIP:AOI,EnableSetPoint,"STW1.6$NEnable$NVelocity Setpoint$NFAS P1.1147060","BOOL","","(RADIX := Decimal, Usage := Input, ExternalAccess := Read/Write, Required := false, Visible := true)"
TAG,Adv_Velocity_Drives_Festo_EIP:AOI,FaultAcknowledge,"STW1.7$NAcknowledge$NFaults$NFAS P1.1147070","BOOL","","(RADIX := Decimal, Usage := Input, ExternalAccess := Read/Write, Required := false, Visible := true)"
TAG,Adv_Velocity_Drives_Festo_EIP:AOI,VelocitySetpointPercent,"0-100 Percent (%)$Nx$NP1.11280701.0.0$NBase Value Velocity$N=$NP1.2216.0.0$NSetpoint Value Velocity Controller","REAL","","(RADIX := Float, Usage := Input, ExternalAccess := Read/Write, Required := false, Visible := true)"
TAG,Adv_Velocity_Drives_Festo_EIP:AOI,TorqueLimitPercent,"0-100 Percent (%)$NScaled by$NP1.381.0.0 $NMax Motor Torque$N=$NP1.526796.0.0$NMax Torque Symetrical","REAL","","(RADIX := Float, Usage := Input, ExternalAccess := Read/Write, Required := false, Visible := true)"
TAG,Adv_Velocity_Drives_Festo_EIP:AOI,M_o_n_i_t_o_r_A_r_e_a,"","SINT","","(RADIX := Decimal, Usage := Input, ExternalAccess := Read/Write, Required := false, Visible := true)"
TAG,Adv_Velocity_Drives_Festo_EIP:AOI,VelocityActualPercent,"Velocity Actual$N0-100 Percent (%)","REAL","","(RADIX := Float, Usage := Output, ExternalAccess := Read Only, Required := false, Visible := true)"
TAG,Adv_Velocity_Drives_Festo_EIP:AOI,RTS,"ZSW1.0$NReady To Switch on","BOOL","","(RADIX := Decimal, Usage := Output, ExternalAccess := Read Only, Required := false, Visible := true)"
TAG,Adv_Velocity_Drives_Festo_EIP:AOI,Faulted,"ZSW1.3$NFault$NPresent","BOOL","","(RADIX := Decimal, Usage := Output, ExternalAccess := Read Only, Required := false, Visible := true)"
TAG,Adv_Velocity_Drives_Festo_EIP:AOI,Inhibited,"ZSW1.6$NSwitch On$NInhibited","BOOL","","(RADIX := Decimal, Usage := Output, ExternalAccess := Read Only, Required := false, Visible := true)"
TAG,Adv_Velocity_Drives_Festo_EIP:AOI,AxisEnabled,"ZSW1.2$NOperation$NEnabled","BOOL","","(RADIX := Decimal, Usage := Output, ExternalAccess := Read Only, Required := false, Visible := true)"
TAG,Adv_Velocity_Drives_Festo_EIP:AOI,ActPosition,"Actual$NPosition 1 Encoder n$NFAS Px.1142990.0.0","DINT","","(RADIX := Decimal, Usage := Output, ExternalAccess := Read Only, Required := false, Visible := true)"
TAG,Adv_Velocity_Drives_Festo_EIP:AOI,MopUp,"","BOOL","","(RADIX := Decimal, Usage := Input, ExternalAccess := Read/Write, Required := false, Visible := false)"
TAG,Adv_Velocity_Drives_Festo_EIP:AOI,MopDn,"","BOOL","","(RADIX := Decimal, Usage := Input, ExternalAccess := Read/Write, Required := false, Visible := false)"
TAG,Adv_Velocity_Drives_Festo_EIP:AOI,InternalStatus,"","S120_TELEGRAM102_STATUS","","(Usage := Local, ExternalAccess := Read/Write)"
TAG,Adv_Velocity_Drives_Festo_EIP:AOI,InternalControl,"","S120_TELEGRAM102_CONTROL","","(Usage := Local, ExternalAccess := Read/Write)"
TYPE,SCOPE,NAME,DESCRIPTION,DATATYPE,SPECIFIER,ATTRIBUTES
TAG,AOI_140:AOI,ENABLE_RAPID_STOP,"TRUE := enable; FALSE := rapid stop","BOOL","","(RADIX := Decimal, Usage := Input, ExternalAccess := Read Only, Required := true, Visible := true)"
TAG,AOI_140:AOI,RESET,"TRUE := confirm error","BOOL","","(RADIX := Decimal, Usage := Input, ExternalAccess := Read Only, Required := true, Visible := true)"
TAG,AOI_140:AOI,JOG_PLUS_MODE,"TRUE := jog plus mode selected; HINT: no other operation mode shall be selected","BOOL","","(RADIX := Decimal, Usage := Input, ExternalAccess := Read Only, Required := true, Visible := true)"
TAG,AOI_140:AOI,JOG_MINUS_MODE,"TRUE := jog minus mode; HINT: no other operation mode shall be selected","BOOL","","(RADIX := Decimal, Usage := Input, ExternalAccess := Read Only, Required := true, Visible := true)"
TAG,AOI_140:AOI,REF_TRAVEL_MODE,"TRUE: reference travel mode; HINT: no other operation mode shall be selected","BOOL","","(RADIX := Decimal, Usage := Input, ExternalAccess := Read Only, Required := true, Visible := true)"
TAG,AOI_140:AOI,POSITIONING_MODE,"TRUE: positioning mode; HINT: no other operation mode shall be selected","BOOL","","(RADIX := Decimal, Usage := Input, ExternalAccess := Read Only, Required := true, Visible := true)"
TAG,AOI_140:AOI,SETPOINT_POS,"Position setpoint in user unit; HINT: user unit depends on the startup of the $QExtended Position via Bus$Q","DINT","","(RADIX := Decimal, Usage := Input, ExternalAccess := Read Only, Required := true, Visible := true)"
TAG,AOI_140:AOI,SETPOINT_SPEED,"Positioning speed in rpm","INT","","(RADIX := Decimal, Usage := Input, ExternalAccess := Read Only, Required := true, Visible := true)"
TAG,AOI_140:AOI,START_RAMP,"Acceleration ramp in ms","INT","","(RADIX := Decimal, Usage := Input, ExternalAccess := Read Only, Required := true, Visible := true)"
TAG,AOI_140:AOI,STOP_RAMP,"Deceleration ramp in ms","INT","","(RADIX := Decimal, Usage := Input, ExternalAccess := Read Only, Required := true, Visible := true)"
TAG,AOI_140:AOI,PD_INPUT,"Processdata input; to be linked with xxxxxxx.Data; The array size has to match the size of the SINT - processdata array","SINT[12]","","(RADIX := Decimal, Usage := InOut, Constant := false, Required := true, Visible := true)"
TAG,AOI_140:AOI,PD_OUTPUT,"Processdata input; to be linked with xxxxxxx.Data; The array size has to match the size of the SINT - processdata array","SINT[12]","","(RADIX := Decimal, Usage := InOut, Constant := false, Required := true, Visible := true)"
TAG,AOI_140:AOI,FAULT_OF_AXIS,"TRUE := an error is present","BOOL","","(RADIX := Decimal, Usage := Output, ExternalAccess := Read Only, Required := true, Visible := true)"
TAG,AOI_140:AOI,WARNING_OF_AXIS,"TRUE := a warning is present","BOOL","","(RADIX := Decimal, Usage := Output, ExternalAccess := Read Only, Required := true, Visible := true)"
TAG,AOI_140:AOI,INVERTER_READY,"TRUE := there is no error present & mains voltage on","BOOL","","(RADIX := Decimal, Usage := Output, ExternalAccess := Read Only, Required := true, Visible := true)"
TAG,AOI_140:AOI,REFERENCED,"TRUE :=  the axis is referenced","BOOL","","(RADIX := Decimal, Usage := Output, ExternalAccess := None, Required := true, Visible := true)"
TAG,AOI_140:AOI,TARGET_POS_REACHED,"TRUE := target position has been reached","BOOL","","(RADIX := Decimal, Usage := Output, ExternalAccess := Read Only, Required := true, Visible := true)"
TAG,AOI_140:AOI,AXIS_INTERLOCKED,"TRUE := reports back that no proper mode is selected","BOOL","","(RADIX := Decimal, Usage := Output, ExternalAccess := Read Only, Required := true, Visible := true)"
TAG,AOI_140:AOI,AXIS_FAULT_NO,"<> 0 := the error codes, that are listed in MOVITOOLS MotionStudio","INT","","(RADIX := Decimal, Usage := Output, ExternalAccess := Read Only, Required := true, Visible := true)"
TAG,AOI_140:AOI,ACTUAL_POSITION,"Actual position in user unit; HINT: user unit depends on the startup of the $QExtended Position via Bus$Q","DINT","","(RADIX := Decimal, Usage := Output, ExternalAccess := Read Only, Required := true, Visible := true)"
TAG,AOI_140:AOI,ACTUAL_SPEED,"Actual speed in rpm","INT","","(RADIX := Decimal, Usage := Output, ExternalAccess := Read Only, Required := true, Visible := true)"
TAG,AOI_140:AOI,ACTUAL_CURRENT,"Actual current (effective current) as percentage of rated unit current","REAL","","(RADIX := Float, Usage := Output, ExternalAccess := Read Only, Required := true, Visible := true)"
TAG,AOI_140:AOI,START_BYTE,"Processdata offset; MOVIDRIVE: 0; GATEWAY: dependand on configuration; MOVIFIT: dependand on configuration, but at least 4; CCU: dependand on configuration, but at least 4; PLEASE FINDE MORE INFORMATION INSIDE THE AOI","INT","","(RADIX := Decimal, Usage := Input, ExternalAccess := None, Required := true, Visible := true)"
TAG,AOI_140:AOI,FAULT_OF_AOI,"TRUE:= there is an error while initialization of the instruction","BOOL","","(RADIX := Decimal, Usage := Output, ExternalAccess := Read Only, Required := true, Visible := true)"
TAG,AOI_140:AOI,AOI_FAULT_NO,"1: Wrong start BYTE number","INT","","(RADIX := Decimal, Usage := Output, ExternalAccess := None, Required := true, Visible := true)"
TAG,AOI_140:AOI,COMMUNICATION_FAULT,"TRUE :=  Communcation is faulted","BOOL","","(RADIX := Decimal, Usage := InOut, Constant := false, Required := true, Visible := true)"
TAG,AOI_140:AOI,L_Actual_Speed,"Actual Speed","INT","","(RADIX := Decimal, Usage := Local, ExternalAccess := None)"
TAG,AOI_140:AOI,L_Device_Utilisation,"Device Utilisation","INT","","(RADIX := Decimal, Usage := Local, ExternalAccess := None)"
TAG,AOI_140:AOI,L_Active_Current_IN,"Actual current as INPUT","INT","","(RADIX := Decimal, Usage := Local, ExternalAccess := None)"
TAG,AOI_140:AOI,L_Control,"Control word","INT","","(RADIX := Decimal, Usage := Local, ExternalAccess := None)"
TAG,AOI_140:AOI,L_Start_Ramp,"Start Ramp","INT","","(RADIX := Decimal, Usage := Local, ExternalAccess := None)"
TAG,AOI_140:AOI,L_Stop_Ramp,"Stop Rmap","INT","","(RADIX := Decimal, Usage := Local, ExternalAccess := None)"
TAG,AOI_140:AOI,L_Setpoint_Speed,"Setpoint Speed","INT","","(RADIX := Decimal, Usage := Local, ExternalAccess := None)"
TAG,AOI_140:AOI,L_Status_Low,"Statusword Low Byte","SINT","","(RADIX := Decimal, Usage := Local, ExternalAccess := None)"
TAG,AOI_140:AOI,L_Status_High,"Statusword High Byte","SINT","","(RADIX := Decimal, Usage := Local, ExternalAccess := None)"
TAG,AOI_140:AOI,L_Motor_Turning,"TRUE := motor is turning","BOOL","","(RADIX := Decimal, Usage := Local, ExternalAccess := None)"
TAG,AOI_140:AOI,L_Inverter_Ready,"TRUE := inverter is ready","BOOL","","(RADIX := Decimal, Usage := Local, ExternalAccess := None)"
TAG,AOI_140:AOI,L_Referenced,"TRUE := the axis is referenced","BOOL","","(RADIX := Decimal, Usage := Local, ExternalAccess := None)"
TAG,AOI_140:AOI,L_Target_Position_Reached,"TRUE := target position reached","BOOL","","(RADIX := Decimal, Usage := Local, ExternalAccess := None)"
TAG,AOI_140:AOI,L_Brake_Released,"TRUE := brake is released","BOOL","","(RADIX := Decimal, Usage := Local, ExternalAccess := None)"
TAG,AOI_140:AOI,L_Error,"TRUE := internal error","BOOL","","(RADIX := Decimal, Usage := Local, ExternalAccess := None)"
TAG,AOI_140:AOI,L_LimitSwitch_CW,"TRUE :=  Limit swich CW reached","BOOL","","(RADIX := Decimal, Usage := Local, ExternalAccess := None)"
TAG,AOI_140:AOI,L_LimitSwitch_CCW,"TRUE :=  Limit switch CCW reached","BOOL","","(RADIX := Decimal, Usage := Local, ExternalAccess := None)"
TAG,AOI_140:AOI,L_Actual_Position_IN,"Actual position Input","DINT","","(RADIX := Decimal, Usage := Local, ExternalAccess := None)"
TAG,AOI_140:AOI,BitShift,"Strcuture variable for bit shifting","FBD_BIT_FIELD_DISTRIBUTE","","(Usage := Local, ExternalAccess := None)"
TAG,AOI_140:AOI,L_Fault_No,"Fault Number","DINT","","(RADIX := Decimal, Usage := Local, ExternalAccess := None)"
TAG,AOI_140:AOI,L_Fault_of_Axis,"TRUE := an error is present","BOOL","","(RADIX := Decimal, Usage := Local, ExternalAccess := None)"
TAG,AOI_140:AOI,L_Warning_of_Axis,"TRUE := a warning is present","BOOL","","(RADIX := Decimal, Usage := Local, ExternalAccess := None)"
TAG,AOI_140:AOI,L_Setpoint_Position_IN,"Setpoint position Input","DINT","","(RADIX := Decimal, Usage := Local, ExternalAccess := None)"
TAG,AOI_140:AOI,L_Enable_Rapid_Stop,"Has alway set to TRUE to run the motor","BOOL","","(RADIX := Decimal, Usage := Local, ExternalAccess := None)"
TAG,AOI_140:AOI,L_Jog_Plus_Mode,"Jog Plus mode","BOOL","","(RADIX := Decimal, Usage := Local, ExternalAccess := None)"
TAG,AOI_140:AOI,L_Jog_Minus_Mode,"Jog minus mode","BOOL","","(RADIX := Decimal, Usage := Local, ExternalAccess := None)"
TAG,AOI_140:AOI,L_Position_Mode,"Position mode","BOOL","","(RADIX := Decimal, Usage := Local, ExternalAccess := None)"
TAG,AOI_140:AOI,L_Reference_Mode,"Refernce mode","BOOL","","(RADIX := Decimal, Usage := Local, ExternalAccess := None)"
TAG,AOI_140:AOI,L_Axis_Interlocked,"Axis is interlocked, when unplausible mode is chosen","BOOL","","(RADIX := Decimal, Usage := Local, ExternalAccess := None)"
TAG,AOI_140:AOI,L_Reset_Fault,"Reset fault of inverter","BOOL","","(RADIX := Decimal, Usage := Local, ExternalAccess := None)"
TAG,AOI_140:AOI,L_Setpoint_Position_High,"Temporary Viariable for switching words in position variable","DINT","","(RADIX := Decimal, Usage := Local, ExternalAccess := None)"
TAG,AOI_140:AOI,L_Setpoint_Position_Low,"Temporary Viariable for switching words in position variable","DINT","","(RADIX := Decimal, Usage := Local, ExternalAccess := None)"
TAG,AOI_140:AOI,L_Setpoint_Position_OUT,"Setpoint position Output","INT[2]","","(RADIX := Decimal, Usage := Local, ExternalAccess := None)"
TAG,AOI_140:AOI,L_Actual_Position_OUT,"Actual position Output --> words are switched, compared to input","INT[2]","","(RADIX := Decimal, Usage := Local, ExternalAccess := None)"
TAG,AOI_140:AOI,L_Actual_Position_High,"Temporary Viariable for switching words in position variable","DINT","","(RADIX := Decimal, Usage := Local, ExternalAccess := None)"
TAG,AOI_140:AOI,L_Actual_Position_Low,"Temporary Viariable for switching words in position variable","DINT","","(RADIX := Decimal, Usage := Local, ExternalAccess := None)"
TAG,AOI_140:AOI,L_Active_Current_OUT,"Actual current as OUTPUT, value is scaled to 1/10","REAL","","(RADIX := Float, Usage := Local, ExternalAccess := None)"
TAG,AOI_140:AOI,L_ByteMod,"","DINT","","(RADIX := Decimal, Usage := Local, ExternalAccess := None)"
TAG,AOI_140:AOI,L_AOI_Fault,"","BOOL","","(RADIX := Decimal, Usage := Local, ExternalAccess := None)"
TAG,AOI_140:AOI,L_bInit,"TRUE :=  Initialization of AOI completed","BOOL","","(RADIX := Decimal, Usage := Local, ExternalAccess := None)"
TAG,AOI_140:AOI,L_AOI_Fault_No,"","INT","","(RADIX := Decimal, Usage := Local, ExternalAccess := None)"
TYPE,SCOPE,NAME,DESCRIPTION,DATATYPE,SPECIFIER,ATTRIBUTES
TAG,DLR_AOI:AOI,EN,"","BOOL","","(RADIX := Decimal, Usage := Output, ExternalAccess := Read Only, Required := false, Visible := true)"
TAG,DLR_AOI:AOI,ER,"","BOOL","","(RADIX := Decimal, Usage := Output, ExternalAccess := Read Only, Required := false, Visible := true)"
TAG,DLR_AOI:AOI,Enable,"","BOOL","","(RADIX := Decimal, Usage := Input, ExternalAccess := Read/Write, Required := false, Visible := true)"
TAG,DLR_AOI:AOI,Parameters,"","DLR_HMI","","(Usage := InOut, Constant := false, Required := true, Visible := true)"
TAG,DLR_AOI:AOI,Path_to_DLR,"","STRING","","(Usage := InOut, Constant := false, Required := true, Visible := true)"
TAG,DLR_AOI:AOI,Msg_Get_All,"","MESSAGE","","(Usage := InOut, Required := true, Visible := true)"
TAG,DLR_AOI:AOI,Msg_Get_Sgl,"","MESSAGE","","(Usage := InOut, Required := true, Visible := true)"
TAG,DLR_AOI:AOI,Msg_Clear_Flt_Count,"","MESSAGE","","(Usage := InOut, Required := true, Visible := true)"
TAG,DLR_AOI:AOI,Msg_Rst_SignOn,"","MESSAGE","","(Usage := InOut, Required := true, Visible := true)"
TAG,DLR_AOI:AOI,Msg_Clr_Rapid_Faults,"","MESSAGE","","(Usage := InOut, Required := true, Visible := true)"
TAG,DLR_AOI:AOI,Step,"Identifies active step number","DINT","","(RADIX := Decimal, Usage := Local, ExternalAccess := Read/Write)"
TAG,DLR_AOI:AOI,ons,"Bits for use with ONS","DINT","","(RADIX := Decimal, Usage := Local, ExternalAccess := Read/Write)"
TAG,DLR_AOI:AOI,Timer,"","TIMER","","(Usage := Local, ExternalAccess := Read/Write)"
TAG,DLR_AOI:AOI,Final_Step,"","DINT","","(RADIX := Decimal, Usage := Local, ExternalAccess := Read/Write)"
TAG,DLR_AOI:AOI,Message_Triggers,"","DINT","","(RADIX := Decimal, Usage := Local, ExternalAccess := Read/Write)"
TAG,DLR_AOI:AOI,Path,"","STRING","","(Usage := Local, ExternalAccess := Read/Write)"
TAG,DLR_AOI:AOI,Comma,"","STRING2","","(Usage := Local, ExternalAccess := Read/Write)"
TAG,DLR_AOI:AOI,pointer,"","DINT","","(RADIX := Decimal, Usage := Local, ExternalAccess := Read/Write)"
TAG,DLR_AOI:AOI,Default_Path,"","STRING","","(Usage := Local, ExternalAccess := Read/Write)"
TAG,DLR_AOI:AOI,range,"","DINT","","(RADIX := Decimal, Usage := Local, ExternalAccess := Read/Write)"
TAG,DLR_AOI:AOI,OldAnimation,"","DINT","","(RADIX := Decimal, Usage := Local, ExternalAccess := Read/Write)"
TAG,DLR_AOI:AOI,First_Msg_Error,"","BOOL","","(RADIX := Decimal, Usage := Local, ExternalAccess := Read/Write)"
TAG,DLR_AOI:AOI,Find_start,"","DINT","","(RADIX := Decimal, Usage := Local, ExternalAccess := Read/Write)"
TAG,DLR_AOI:AOI,Find_result,"","DINT","","(RADIX := Decimal, Usage := Local, ExternalAccess := Read/Write)"
TAG,DLR_AOI:AOI,Find_Last_result,"","DINT","","(RADIX := Decimal, Usage := Local, ExternalAccess := Read/Write)"
TAG,DLR_AOI:AOI,Del_QTY,"","DINT","","(RADIX := Decimal, Usage := Local, ExternalAccess := Read/Write)"
TAG,DLR_AOI:AOI,Default_Path_No_IP,"","STRING","","(Usage := Local, ExternalAccess := Read/Write)"
TAG,DLR_AOI:AOI,Do_Once,"","BOOL","","(RADIX := Decimal, Usage := Local, ExternalAccess := Read/Write)"
TAG,DLR_AOI:AOI,Temp,"","DINT","","(RADIX := Decimal, Usage := Local, ExternalAccess := Read/Write)"
TAG,DLR_AOI:AOI,node_index,"","DINT","","(RADIX := Decimal, Usage := Local, ExternalAccess := None)"
TAG,DLR_AOI:AOI,valid_tmp,"","BOOL","","(RADIX := Decimal, Usage := Local, ExternalAccess := None)"
TAG,DLR_AOI:AOI,Rebuild_List_Timer,"","TIMER","","(Usage := Local, ExternalAccess := None)"
TAG,DLR_AOI:AOI,Supervisor_Path,"","STRING","","(Usage := Local, ExternalAccess := None)"
TAG,DLR_AOI:AOI,RebuildState,"","DINT","","(RADIX := Decimal, Usage := Local, ExternalAccess := None)"
TAG,DLR_AOI:AOI,Zero_Node,"","BOOL","","(RADIX := Decimal, Usage := Local, ExternalAccess := None)"
TAG,DLR_AOI:AOI,Trigger_Rebuild,"","BOOL","","(RADIX := Decimal, Usage := Local, ExternalAccess := None)"
TAG,DLR_AOI:AOI,RebuildCount,"","DINT","","(RADIX := Decimal, Usage := Local, ExternalAccess := None)"
TAG,DLR_AOI:AOI,Icon,"","DLR_Icon","","(Usage := Local, ExternalAccess := None)"
TAG,DLR_AOI:AOI,zero_node_index,"","DINT","","(RADIX := Decimal, Usage := Local, ExternalAccess := None)"
TAG,DLR_AOI:AOI,Zero_Node_Found,"","BOOL","","(RADIX := Decimal, Usage := Local, ExternalAccess := None)"
TAG,DLR_AOI:AOI,link_index,"","DINT","","(RADIX := Decimal, Usage := Local, ExternalAccess := None)"
TAG,DLR_AOI:AOI,Entry_Path,"","STRING","","(Usage := Local, ExternalAccess := None)"
TAG,DLR_AOI:AOI,CLR_node,"","DLR_Clear_Node_Info","","(Usage := Local, ExternalAccess := None)"
TAG,DLR_AOI:AOI,NDTH,"","DLR_Dec_to_Hex","","(Usage := Local, ExternalAccess := None)"
TAG,DLR_AOI:AOI,PathToHex,"","DLR_PathToHex","","(Usage := Local, ExternalAccess := None)"
TAG,DLR_AOI:AOI,PreviousStep,"","DINT","","(RADIX := Decimal, Usage := Local, ExternalAccess := None)"
TAG,DLR_AOI:AOI,SteplockTimer,"","TIMER","","(Usage := Local, ExternalAccess := None)"
TAG,DLR_AOI:AOI,MAC_C1,"","DLR_MAC_Compare","","(Usage := Local, ExternalAccess := None)"
TAG,DLR_AOI:AOI,Error,"","DLR_Capture_Error","","(Usage := Local, ExternalAccess := None)"
TAG,DLR_AOI:AOI,Temp_node,"","DINT","","(RADIX := Decimal, Usage := Local, ExternalAccess := None)"
TAG,DLR_AOI:AOI,IP_MAC,"","DLR_IP_MAC_Addr_to_String","","(Usage := Local, ExternalAccess := None)"
TAG,DLR_AOI:AOI,Faulted_State_Timer,"","TIMER","","(Usage := Local, ExternalAccess := None)"
TAG,DLR_AOI:AOI,Old_Participant_Count,"","DINT","","(RADIX := Decimal, Usage := Local, ExternalAccess := None)"
TAG,DLR_AOI:AOI,SortIndex,"","DINT","","(RADIX := Decimal, Usage := Local, ExternalAccess := None)"
TAG,DLR_AOI:AOI,SortNode,"","DLR_Takeover_Order[51]","","(Usage := Local, ExternalAccess := None)"
TAG,DLR_AOI:AOI,SortIndex2,"","DINT","","(RADIX := Decimal, Usage := Local, ExternalAccess := None)"
TAG,DLR_AOI:AOI,TempNode,"","DLR_Takeover_Order","","(Usage := Local, ExternalAccess := None)"
TAG,DLR_AOI:AOI,Need_Identity_Update,"","BOOL","","(RADIX := Decimal, Usage := Local, ExternalAccess := None)"
TAG,DLR_AOI:AOI,temp_masked,"","DINT","","(RADIX := Decimal, Usage := Local, ExternalAccess := None)"
TAG,DLR_AOI:AOI,Need_DLR_Update,"","BOOL","","(RADIX := Decimal, Usage := Local, ExternalAccess := None)"
TAG,DLR_AOI:AOI,Old_Supervisor_Address,"","DINT","","(RADIX := Decimal, Usage := Local, ExternalAccess := None)"
TAG,DLR_AOI:AOI,ons_en,"","BOOL","","(RADIX := Decimal, Usage := Local, ExternalAccess := None)"
TAG,DLR_AOI:AOI,Found1715,"","BOOL","","(RADIX := Decimal, Usage := Local, ExternalAccess := None)"
TAG,DLR_AOI:AOI,TempDirectIndex,"","DINT","","(RADIX := Decimal, Usage := Local, ExternalAccess := None)"
TYPE,SCOPE,NAME,DESCRIPTION,DATATYPE,SPECIFIER,ATTRIBUTES
TAG,DLR_Clear_Node_Info:AOI,DLR_Node,"","DLR_Node_Info","","(Usage := InOut, Constant := false, Required := true, Visible := true)"
TAG,DLR_Clear_Node_Info:AOI,Clear_Identity,"","BOOL","","(RADIX := Decimal, Usage := Input, ExternalAccess := Read/Write, Required := true, Visible := true)"
TYPE,SCOPE,NAME,DESCRIPTION,DATATYPE,SPECIFIER,ATTRIBUTES
TAG,DLR_Dec_to_Hex:AOI,Source_Dec,"","DINT","","(RADIX := Decimal, Usage := Input, ExternalAccess := Read/Write, Required := true, Visible := true)"
TAG,DLR_Dec_to_Hex:AOI,Dest_String,"","STRING16","","(Usage := InOut, Constant := false, Required := true, Visible := true)"
TAG,DLR_Dec_to_Hex:AOI,J,"","DINT","","(RADIX := Decimal, Usage := Local, ExternalAccess := Read/Write)"
TAG,DLR_Dec_to_Hex:AOI,Nibble_SINT,"","SINT[9]","","(RADIX := Decimal, Usage := Local, ExternalAccess := Read/Write)"
TAG,DLR_Dec_to_Hex:AOI,temp,"","DINT","","(RADIX := Decimal, Usage := Local, ExternalAccess := Read/Write)"
TAG,DLR_Dec_to_Hex:AOI,temp_DINT,"","DINT","","(RADIX := Decimal, Usage := Local, ExternalAccess := Read/Write)"
TYPE,SCOPE,NAME,DESCRIPTION,DATATYPE,SPECIFIER,ATTRIBUTES
TAG,DLR_Icon:AOI,Vendor,"","DINT","","(RADIX := Decimal, Usage := Input, ExternalAccess := Read/Write, Required := true, Visible := true)"
TAG,DLR_Icon:AOI,Type,"","DINT","","(RADIX := Decimal, Usage := Input, ExternalAccess := Read/Write, Required := true, Visible := true)"
TAG,DLR_Icon:AOI,Code,"","DINT","","(RADIX := Decimal, Usage := Input, ExternalAccess := Read/Write, Required := true, Visible := true)"
TAG,DLR_Icon:AOI,Catalog_Number,"","STRING32","","(Usage := InOut, Constant := false, Required := true, Visible := true)"
TAG,DLR_Icon:AOI,Icon,"","DINT","","(RADIX := Decimal, Usage := Output, ExternalAccess := Read Only, Required := true, Visible := true)"
TAG,DLR_Icon:AOI,Temp_Icon,"","DINT","","(RADIX := Decimal, Usage := Local, ExternalAccess := None)"
TAG,DLR_Icon:AOI,Cat_DINT,"","DINT","","(RADIX := Decimal, Usage := Local, ExternalAccess := None)"
TAG,DLR_Icon:AOI,Temp_String,"","STRING16","","(Usage := Local, ExternalAccess := None)"
TAG,DLR_Icon:AOI,Char_found,"","DINT","","(RADIX := Decimal, Usage := Local, ExternalAccess := None)"
TAG,DLR_Icon:AOI,Char,"","STRING2","","(Usage := Local, ExternalAccess := None)"
TYPE,SCOPE,NAME,DESCRIPTION,DATATYPE,SPECIFIER,ATTRIBUTES
TAG,DLR_IP_MAC_Addr_to_String:AOI,Numerical_IP_Address,"","DINT","","(RADIX := Decimal, Usage := InOut, Constant := false, Required := true, Visible := true)"
TAG,DLR_IP_MAC_Addr_to_String:AOI,MAC_Raw,"Raw MAC","DLR_MAC","","(Usage := InOut, Constant := false, Required := true, Visible := true)"
TAG,DLR_IP_MAC_Addr_to_String:AOI,Readable_IP_Address,"","STRING16","","(Usage := InOut, Constant := false, Required := true, Visible := true)"
TAG,DLR_IP_MAC_Addr_to_String:AOI,MAC_String,"","STRING32","","(Usage := InOut, Constant := false, Required := true, Visible := true)"
TAG,DLR_IP_MAC_Addr_to_String:AOI,Octet_tmp,"","DINT","","(RADIX := Decimal, Usage := Local, ExternalAccess := None)"
TAG,DLR_IP_MAC_Addr_to_String:AOI,StrOctet_tmp,"","STRING16","","(Usage := Local, ExternalAccess := None)"
TAG,DLR_IP_MAC_Addr_to_String:AOI,IP_Str,"","STRING16","","(Usage := Local, ExternalAccess := None)"
TAG,DLR_IP_MAC_Addr_to_String:AOI,temp_DINT2,"","DINT","","(RADIX := Decimal, Usage := Local, ExternalAccess := None)"
TAG,DLR_IP_MAC_Addr_to_String:AOI,temp_DINT1,"","DINT","","(RADIX := Decimal, Usage := Local, ExternalAccess := None)"
TAG,DLR_IP_MAC_Addr_to_String:AOI,temp_DINT,"","DINT[2]","","(RADIX := Decimal, Usage := Local, ExternalAccess := None)"
TAG,DLR_IP_MAC_Addr_to_String:AOI,temp,"","DINT","","(RADIX := Decimal, Usage := Local, ExternalAccess := None)"
TAG,DLR_IP_MAC_Addr_to_String:AOI,Nibble_SINT,"","SINT[18]","","(RADIX := Decimal, Usage := Local, ExternalAccess := None)"
TAG,DLR_IP_MAC_Addr_to_String:AOI,J,"","DINT","","(RADIX := Decimal, Usage := Local, ExternalAccess := Read/Write)"
TAG,DLR_IP_MAC_Addr_to_String:AOI,I,"","DINT","","(RADIX := Decimal, Usage := Local, ExternalAccess := None)"
TYPE,SCOPE,NAME,DESCRIPTION,DATATYPE,SPECIFIER,ATTRIBUTES
TAG,DLR_MAC_Compare:AOI,MAC1,"","DLR_MAC","","(Usage := InOut, Constant := false, Required := true, Visible := true)"
TAG,DLR_MAC_Compare:AOI,MAC2,"","DLR_MAC","","(Usage := InOut, Constant := false, Required := true, Visible := true)"
TAG,DLR_MAC_Compare:AOI,EQU,"","BOOL","","(RADIX := Decimal, Usage := Output, ExternalAccess := Read Only, Required := false, Visible := true)"
TAG,DLR_MAC_Compare:AOI,NEQ,"","BOOL","","(RADIX := Decimal, Usage := Output, ExternalAccess := Read/Write, Required := false, Visible := true)"
TAG,DLR_MAC_Compare:AOI,GRT,"","BOOL","","(RADIX := Decimal, Usage := Output, ExternalAccess := Read Only, Required := false, Visible := true)"
TAG,DLR_MAC_Compare:AOI,GEQ,"","BOOL","","(RADIX := Decimal, Usage := Output, ExternalAccess := Read/Write, Required := false, Visible := true)"
TAG,DLR_MAC_Compare:AOI,LES,"","BOOL","","(RADIX := Decimal, Usage := Output, ExternalAccess := Read Only, Required := false, Visible := true)"
TAG,DLR_MAC_Compare:AOI,LEQ,"","BOOL","","(RADIX := Decimal, Usage := Output, ExternalAccess := Read/Write, Required := false, Visible := true)"
TAG,DLR_MAC_Compare:AOI,DINT1,"","DINT[6]","","(RADIX := Decimal, Usage := Local, ExternalAccess := None)"
TAG,DLR_MAC_Compare:AOI,DINT2,"","DINT[6]","","(RADIX := Decimal, Usage := Local, ExternalAccess := None)"
TYPE,SCOPE,NAME,DESCRIPTION,DATATYPE,SPECIFIER,ATTRIBUTES
TAG,DLR_PathToHex:AOI,Path_CS_Value,"","STRING","","(Usage := InOut, Constant := false, Required := true, Visible := true)"
TAG,DLR_PathToHex:AOI,Path_Hex_Value,"","STRING","","(Usage := InOut, Constant := false, Required := true, Visible := true)"
TAG,DLR_PathToHex:AOI,ERR,"","BOOL","","(RADIX := Decimal, Usage := Output, ExternalAccess := Read Only, Required := false, Visible := true)"
TAG,DLR_PathToHex:AOI,ErrorCode,"","DINT","","(RADIX := Decimal, Usage := Output, ExternalAccess := Read Only, Required := false, Visible := false)"
TAG,DLR_PathToHex:AOI,CommaLoc,"","INT","","(RADIX := Decimal, Usage := Local, ExternalAccess := Read/Write)"
TAG,DLR_PathToHex:AOI,DotLoc,"","DINT","","(RADIX := Decimal, Usage := Local, ExternalAccess := Read/Write)"
TAG,DLR_PathToHex:AOI,Comma,"","STRING","","(Usage := Local, ExternalAccess := Read/Write)"
TAG,DLR_PathToHex:AOI,Path_Comma_Temp,"","STRING","","(Usage := Local, ExternalAccess := Read/Write)"
TAG,DLR_PathToHex:AOI,Path_Element,"","STRING","","(Usage := Local, ExternalAccess := Read/Write)"
TAG,DLR_PathToHex:AOI,Ptr_Path_Hex,"","DINT","","(RADIX := Decimal, Usage := Local, ExternalAccess := Read/Write)"
TAG,DLR_PathToHex:AOI,CommaLoc_1,"","DINT","","(RADIX := Decimal, Usage := Local, ExternalAccess := Read/Write)"
TAG,DLR_PathToHex:AOI,Dot,"","STRING","","(Usage := Local, ExternalAccess := Read/Write)"
TAG,DLR_PathToHex:AOI,Ptr_Path_Element,"","DINT","","(RADIX := Decimal, Usage := Local, ExternalAccess := Read/Write)"
TAG,DLR_PathToHex:AOI,Valid_No_Dots,"","DINT","","(RADIX := Decimal, Usage := Local, ExternalAccess := Read/Write)"
TAG,DLR_PathToHex:AOI,Temp,"Temporary variable","DINT","","(RADIX := Decimal, Usage := Local, ExternalAccess := Read/Write)"
TAG,DLR_PathToHex:AOI,Valid_No_Commas,"","DINT","","(RADIX := Decimal, Usage := Local, ExternalAccess := Read/Write)"
TAG,DLR_PathToHex:AOI,Valid_Port,"","BOOL","","(RADIX := Decimal, Usage := Local, ExternalAccess := Read/Write)"
TAG,DLR_PathToHex:AOI,IP_Octet,"","STRING","","(Usage := Local, ExternalAccess := Read/Write)"
TAG,DLR_PathToHex:AOI,Empty_String,"","STRING","","(Usage := Local, ExternalAccess := Read/Write)"
TYPE,SCOPE,NAME,DESCRIPTION,DATATYPE,SPECIFIER,ATTRIBUTES
TAG,FB01_Powerflex525_Drive:AOI,In_All_Safety_Healthy,"","BOOL","","(RADIX := Decimal, Usage := Input, ExternalAccess := Read/Write, Required := true, Visible := true)"
TAG,FB01_Powerflex525_Drive:AOI,In_AutoMode,"","BOOL","","(RADIX := Decimal, Usage := Input, ExternalAccess := Read/Write, Required := true, Visible := true)"
TAG,FB01_Powerflex525_Drive:AOI,HMI_Auto_Drive_Speed_in_Hz,"","REAL","","(RADIX := Float, Usage := Input, ExternalAccess := Read/Write, Required := false, Visible := true)"
TAG,FB01_Powerflex525_Drive:AOI,HMI_Manual_Drive_Speed_in_Hz,"","REAL","","(RADIX := Float, Usage := Input, ExternalAccess := Read/Write, Required := false, Visible := true)"
TAG,FB01_Powerflex525_Drive:AOI,HMI_Manual_FWD_Start,"","BOOL","","(RADIX := Decimal, Usage := Input, ExternalAccess := Read/Write, Required := false, Visible := true)"
TAG,FB01_Powerflex525_Drive:AOI,HMI_Manual_REV_Start,"","BOOL","","(RADIX := Decimal, Usage := Input, ExternalAccess := Read/Write, Required := false, Visible := true)"
TAG,FB01_Powerflex525_Drive:AOI,HMI_Fault_Reset,"","BOOL","","(RADIX := Decimal, Usage := Input, ExternalAccess := Read/Write, Required := true, Visible := true)"
TAG,FB01_Powerflex525_Drive:AOI,Alarm_Drive_overload,"","BOOL","","(RADIX := Decimal, Usage := Output, ExternalAccess := Read Only, Required := false, Visible := true)"
TAG,FB01_Powerflex525_Drive:AOI,Alarm_Drive_fault,"","BOOL","","(RADIX := Decimal, Usage := Output, ExternalAccess := Read Only, Required := false, Visible := true)"
TAG,FB01_Powerflex525_Drive:AOI,Alarm_Drive_Communiaction_fault,"","BOOL","","(RADIX := Decimal, Usage := Output, ExternalAccess := Read Only, Required := false, Visible := true)"
TAG,FB01_Powerflex525_Drive:AOI,Alarm_Drive_Supply_Disconnect,"","BOOL","","(RADIX := Decimal, Usage := Output, ExternalAccess := Read Only, Required := false, Visible := true)"
TAG,FB01_Powerflex525_Drive:AOI,Auto_Fwd_Start,"","BOOL","","(RADIX := Decimal, Usage := Input, ExternalAccess := None, Required := false, Visible := true)"
TAG,FB01_Powerflex525_Drive:AOI,Auto_Rev_Start,"","BOOL","","(RADIX := Decimal, Usage := Input, ExternalAccess := Read/Write, Required := false, Visible := true)"
TAG,FB01_Powerflex525_Drive:AOI,In_Disconnector_FB,"","BOOL","","(RADIX := Decimal, Usage := Input, ExternalAccess := Read/Write, Required := true, Visible := true)"
TAG,FB01_Powerflex525_Drive:AOI,Alarm_Status,"","DINT","","(RADIX := Decimal, Usage := Output, ExternalAccess := Read Only, Required := false, Visible := false)"
TAG,FB01_Powerflex525_Drive:AOI,Out_Running_Frequency,"","DINT","","(RADIX := Decimal, Usage := Input, ExternalAccess := Read/Write, Required := false, Visible := true)"
TAG,FB01_Powerflex525_Drive:AOI,Out_Set_Frequency,"","DINT","","(RADIX := Decimal, Usage := Output, ExternalAccess := Read/Write, Required := false, Visible := true)"
TAG,FB01_Powerflex525_Drive:AOI,Out_Drive_Status,"","DINT","","(RADIX := Decimal, Usage := Output, ExternalAccess := Read Only, Required := false, Visible := true)"
TAG,FB01_Powerflex525_Drive:AOI,Out_No_Alarm,"","BOOL","","(RADIX := Decimal, Usage := Output, ExternalAccess := Read Only, Required := false, Visible := true)"
TAG,FB01_Powerflex525_Drive:AOI,Alarm_ManualSpeed_Zero,"","BOOL","","(RADIX := Decimal, Usage := Output, ExternalAccess := None, Required := false, Visible := true)"
TAG,FB01_Powerflex525_Drive:AOI,Alarm_AutoSpeed_Zero,"","BOOL","","(RADIX := Decimal, Usage := Output, ExternalAccess := None, Required := false, Visible := true)"
TAG,FB01_Powerflex525_Drive:AOI,Drive_In_Data,"","AB:PowerFlex525V_E2P_Drive:I:0","","(Usage := InOut, Constant := false, Required := true, Visible := true)"
TAG,FB01_Powerflex525_Drive:AOI,Drive_Out_Data,"","AB:PowerFlex525V_E2P_Drive:O:0","","(Usage := InOut, Constant := false, Required := true, Visible := true)"
TAG,FB01_Powerflex525_Drive:AOI,RH_Day,"","DINT","","(RADIX := Decimal, Usage := Output, ExternalAccess := Read/Write, Required := false, Visible := true)"
TAG,FB01_Powerflex525_Drive:AOI,RH_Hr,"","DINT","","(RADIX := Decimal, Usage := Output, ExternalAccess := Read/Write, Required := false, Visible := true)"
TAG,FB01_Powerflex525_Drive:AOI,RH_Mint,"","DINT","","(RADIX := Decimal, Usage := Output, ExternalAccess := Read/Write, Required := false, Visible := true)"
TAG,FB01_Powerflex525_Drive:AOI,OneSecondPulse,"","BOOL","","(RADIX := Decimal, Usage := Input, ExternalAccess := Read/Write, Required := true, Visible := true)"
TAG,FB01_Powerflex525_Drive:AOI,RH_Second,"","DINT","","(RADIX := Decimal, Usage := Output, ExternalAccess := Read/Write, Required := false, Visible := false)"
TAG,FB01_Powerflex525_Drive:AOI,Out_FWD_Running_FB,"","BOOL","","(RADIX := Decimal, Usage := Output, ExternalAccess := Read/Write, Required := false, Visible := false)"
TAG,FB01_Powerflex525_Drive:AOI,Out_REV_Running_FB,"","BOOL","","(RADIX := Decimal, Usage := Output, ExternalAccess := Read/Write, Required := false, Visible := false)"
TAG,FB01_Powerflex525_Drive:AOI,HMI_Auto_Fast_Speed,"","REAL","","(RADIX := Float, Usage := Input, ExternalAccess := Read/Write, Required := false, Visible := false)"
TAG,FB01_Powerflex525_Drive:AOI,HMI_Auto_Slow_Speed,"","REAL","","(RADIX := Float, Usage := Input, ExternalAccess := Read/Write, Required := false, Visible := false)"
TAG,FB01_Powerflex525_Drive:AOI,HMI_Set_Run_Time_Hours,"","DINT","","(RADIX := Decimal, Usage := Input, ExternalAccess := Read/Write, Required := false, Visible := false)"
TAG,FB01_Powerflex525_Drive:AOI,HMI_Reset_Run_Time_Hours,"","BOOL","","(RADIX := Decimal, Usage := Input, ExternalAccess := Read/Write, Required := false, Visible := false)"
TAG,FB01_Powerflex525_Drive:AOI,In_Module,"","MODULE","","(Usage := InOut, Required := true, Visible := true)"
TAG,FB01_Powerflex525_Drive:AOI,Alarm_Run_Time_Hours_Completed,"","BOOL","","(RADIX := Decimal, Usage := Input, ExternalAccess := Read/Write, Required := false, Visible := false)"
TAG,FB01_Powerflex525_Drive:AOI,Out_Act_Current,"","REAL","","(RADIX := Float, Usage := Input, ExternalAccess := Read/Write, Required := false, Visible := false)"
TAG,FB01_Powerflex525_Drive:AOI,Drive_AutomaticMode,"","BOOL","","(RADIX := Decimal, Usage := Local, ExternalAccess := None)"
TAG,FB01_Powerflex525_Drive:AOI,Drive_ManualMode,"","BOOL","","(RADIX := Decimal, Usage := Local, ExternalAccess := None)"
TAG,FB01_Powerflex525_Drive:AOI,Drive_Healthy,"","BOOL","","(RADIX := Decimal, Usage := Local, ExternalAccess := None)"
TAG,FB01_Powerflex525_Drive:AOI,Communication_Status,"","DINT","","(RADIX := Decimal, Usage := Local, ExternalAccess := None)"
TAG,FB01_Powerflex525_Drive:AOI,CommCheckTimer,"","TIMER","","(Usage := Local, ExternalAccess := None)"
TAG,FB01_Powerflex525_Drive:AOI,CommErrorResetTimer,"","TIMER","","(Usage := Local, ExternalAccess := None)"
TAG,FB01_Powerflex525_Drive:AOI,Communication_Break_Fault_Reset,"","BOOL","","(RADIX := Decimal, Usage := Local, ExternalAccess := Read/Write)"
TAG,FB01_Powerflex525_Drive:AOI,OneSecondPulseOSR,"","BOOL","","(RADIX := Decimal, Usage := Local, ExternalAccess := None)"
TAG,FB01_Powerflex525_Drive:AOI,OneSecondPulseOSRSB,"","BOOL","","(RADIX := Decimal, Usage := Local, ExternalAccess := None)"
TAG,FB01_Powerflex525_Drive:AOI,In_Drive_CommStatus,"","DINT","","(RADIX := Decimal, Usage := Local, ExternalAccess := Read/Write)"
TYPE,SCOPE,NAME,DESCRIPTION,DATATYPE,SPECIFIER,ATTRIBUTES
TAG,FB02_Motor_With_Contactor:AOI,In_All_Safety_Healthy,"","BOOL","","(RADIX := Decimal, Usage := Input, ExternalAccess := Read/Write, Required := true, Visible := true)"
TAG,FB02_Motor_With_Contactor:AOI,In_AutoMode,"","BOOL","","(RADIX := Decimal, Usage := Input, ExternalAccess := Read/Write, Required := true, Visible := true)"
TAG,FB02_Motor_With_Contactor:AOI,Auto_Fwd_Start,"","BOOL","","(RADIX := Decimal, Usage := Input, ExternalAccess := Read/Write, Required := false, Visible := true)"
TAG,FB02_Motor_With_Contactor:AOI,Auto_Rev_Start,"","BOOL","","(RADIX := Decimal, Usage := Input, ExternalAccess := Read/Write, Required := false, Visible := true)"
TAG,FB02_Motor_With_Contactor:AOI,HMI_Manual_FWD_Start,"","BOOL","","(RADIX := Decimal, Usage := Input, ExternalAccess := Read/Write, Required := false, Visible := true)"
TAG,FB02_Motor_With_Contactor:AOI,HMI_Manual_REV_Start,"","BOOL","","(RADIX := Decimal, Usage := Input, ExternalAccess := Read/Write, Required := false, Visible := true)"
TAG,FB02_Motor_With_Contactor:AOI,In_MPCB_Contact,"","BOOL","","(RADIX := Decimal, Usage := Input, ExternalAccess := Read/Write, Required := true, Visible := true)"
TAG,FB02_Motor_With_Contactor:AOI,In_Disconnector_FB,"","BOOL","","(RADIX := Decimal, Usage := Input, ExternalAccess := Read/Write, Required := true, Visible := true)"
TAG,FB02_Motor_With_Contactor:AOI,In_Contactor_On_FB,"","BOOL","","(RADIX := Decimal, Usage := Input, ExternalAccess := Read/Write, Required := true, Visible := true)"
TAG,FB02_Motor_With_Contactor:AOI,Out_Motor_Fwd_On,"","BOOL","","(RADIX := Decimal, Usage := Output, ExternalAccess := Read/Write, Required := true, Visible := true)"
TAG,FB02_Motor_With_Contactor:AOI,Out_Motor_Rev_On,"","BOOL","","(RADIX := Decimal, Usage := Output, ExternalAccess := Read/Write, Required := true, Visible := true)"
TAG,FB02_Motor_With_Contactor:AOI,E1_MPCB_Tripped,"","BOOL","","(RADIX := Decimal, Usage := Output, ExternalAccess := Read/Write, Required := false, Visible := true)"
TAG,FB02_Motor_With_Contactor:AOI,E2_Motor_Disconnector_Off,"","BOOL","","(RADIX := Decimal, Usage := Output, ExternalAccess := Read/Write, Required := false, Visible := true)"
TAG,FB02_Motor_With_Contactor:AOI,E3_Run_time_Hours_Warning,"","BOOL","","(RADIX := Decimal, Usage := Output, ExternalAccess := Read Only, Required := false, Visible := true)"
TAG,FB02_Motor_With_Contactor:AOI,E4_Run_Time_Hours_Completed,"","BOOL","","(RADIX := Decimal, Usage := Output, ExternalAccess := Read/Write, Required := false, Visible := false)"
TAG,FB02_Motor_With_Contactor:AOI,Alarm_Motor_Contactor_Fault,"","BOOL","","(RADIX := Decimal, Usage := Output, ExternalAccess := Read/Write, Required := false, Visible := true)"
TAG,FB02_Motor_With_Contactor:AOI,HMI_Set_Run_Time_Hours,"","DINT","","(RADIX := Decimal, Usage := Input, ExternalAccess := Read/Write, Required := false, Visible := true)"
TAG,FB02_Motor_With_Contactor:AOI,HMI_Reset_Run_Time_Hours,"","BOOL","","(RADIX := Decimal, Usage := Input, ExternalAccess := Read/Write, Required := false, Visible := true)"
TAG,FB02_Motor_With_Contactor:AOI,Out_Run_Time_Hours,"","DINT","","(RADIX := Decimal, Usage := Output, ExternalAccess := Read/Write, Required := false, Visible := false)"
TAG,FB02_Motor_With_Contactor:AOI,Out_Motor_Status,"","DINT","","(RADIX := Decimal, Usage := Output, ExternalAccess := Read/Write, Required := false, Visible := true)"
TAG,FB02_Motor_With_Contactor:AOI,OneSecondPulse,"","BOOL","","(RADIX := Decimal, Usage := Input, ExternalAccess := Read/Write, Required := true, Visible := true)"
TAG,FB02_Motor_With_Contactor:AOI,RH_Day,"","DINT","","(RADIX := Decimal, Usage := Output, ExternalAccess := Read/Write, Required := false, Visible := false)"
TAG,FB02_Motor_With_Contactor:AOI,RH_Hr,"","DINT","","(RADIX := Decimal, Usage := Output, ExternalAccess := Read/Write, Required := false, Visible := false)"
TAG,FB02_Motor_With_Contactor:AOI,RH_Mint,"","DINT","","(RADIX := Decimal, Usage := Output, ExternalAccess := Read/Write, Required := false, Visible := false)"
TAG,FB02_Motor_With_Contactor:AOI,RH_Second,"","DINT","","(RADIX := Decimal, Usage := Output, ExternalAccess := Read/Write, Required := false, Visible := false)"
TAG,FB02_Motor_With_Contactor:AOI,AutomaticMode,"","BOOL","","(RADIX := Decimal, Usage := Local, ExternalAccess := Read/Write)"
TAG,FB02_Motor_With_Contactor:AOI,ManualMode,"","BOOL","","(RADIX := Decimal, Usage := Local, ExternalAccess := Read/Write)"
TAG,FB02_Motor_With_Contactor:AOI,AutoMotorOn,"","BOOL","","(RADIX := Decimal, Usage := Local, ExternalAccess := Read/Write)"
TAG,FB02_Motor_With_Contactor:AOI,ManualMotorOn,"","BOOL","","(RADIX := Decimal, Usage := Local, ExternalAccess := Read/Write)"
TAG,FB02_Motor_With_Contactor:AOI,Timer,"","TIMER","","(Usage := Local, ExternalAccess := Read/Write)"
TAG,FB02_Motor_With_Contactor:AOI,Motor_Healthy,"","BOOL","","(RADIX := Decimal, Usage := Local, ExternalAccess := Read/Write)"
TAG,FB02_Motor_With_Contactor:AOI,Out_Motor_Running,"","BOOL","","(RADIX := Decimal, Usage := Local, ExternalAccess := None)"
TAG,FB02_Motor_With_Contactor:AOI,OneSecondPulseOSR,"","BOOL","","(RADIX := Decimal, Usage := Local, ExternalAccess := None)"
TAG,FB02_Motor_With_Contactor:AOI,OneSecondPulseOSRSB,"","BOOL","","(RADIX := Decimal, Usage := Local, ExternalAccess := None)"
TAG,FB02_Motor_With_Contactor:AOI,Run_Hours_Warning_Value,"","DINT","","(RADIX := Decimal, Usage := Local, ExternalAccess := None)"
TAG,FB02_Motor_With_Contactor:AOI,ONS,"","BOOL","","(RADIX := Decimal, Usage := Local, ExternalAccess := None)"
TYPE,SCOPE,NAME,DESCRIPTION,DATATYPE,SPECIFIER,ATTRIBUTES
TAG,FB03_Pneumatic_Valve_5_2:AOI,In_All_Safety_Ok,"","BOOL","","(RADIX := Decimal, Usage := Input, ExternalAccess := Read/Write, Required := true, Visible := true)"
TAG,FB03_Pneumatic_Valve_5_2:AOI,In_Air_Pressure_OK,"","BOOL","","(RADIX := Decimal, Usage := Input, ExternalAccess := Read/Write, Required := true, Visible := true)"
TAG,FB03_Pneumatic_Valve_5_2:AOI,In_AutoMode,"","BOOL","","(RADIX := Decimal, Usage := Input, ExternalAccess := None, Required := true, Visible := true)"
TAG,FB03_Pneumatic_Valve_5_2:AOI,HMI_Pos01CMD,"","BOOL","","(RADIX := Decimal, Usage := Input, ExternalAccess := Read/Write, Required := false, Visible := true)"
TAG,FB03_Pneumatic_Valve_5_2:AOI,HMI_Pos02CMD,"","BOOL","","(RADIX := Decimal, Usage := Input, ExternalAccess := Read/Write, Required := false, Visible := true)"
TAG,FB03_Pneumatic_Valve_5_2:AOI,AutoPos01CMD,"","BOOL","","(RADIX := Decimal, Usage := Input, ExternalAccess := Read/Write, Required := false, Visible := true)"
TAG,FB03_Pneumatic_Valve_5_2:AOI,AutoPos02CMD,"","BOOL","","(RADIX := Decimal, Usage := Input, ExternalAccess := Read/Write, Required := false, Visible := true)"
TAG,FB03_Pneumatic_Valve_5_2:AOI,In_Pos01_RS,"","BOOL","","(RADIX := Decimal, Usage := Input, ExternalAccess := Read/Write, Required := true, Visible := true)"
TAG,FB03_Pneumatic_Valve_5_2:AOI,In_Pos02_RS,"","BOOL","","(RADIX := Decimal, Usage := Input, ExternalAccess := Read/Write, Required := true, Visible := true)"
TAG,FB03_Pneumatic_Valve_5_2:AOI,ValvePos01CMD,"","BOOL","","(RADIX := Decimal, Usage := Output, ExternalAccess := Read/Write, Required := true, Visible := true)"
TAG,FB03_Pneumatic_Valve_5_2:AOI,ValvePos02CMD,"","BOOL","","(RADIX := Decimal, Usage := Output, ExternalAccess := Read/Write, Required := true, Visible := true)"
TAG,FB03_Pneumatic_Valve_5_2:AOI,Pos01PositionFB,"","BOOL","","(RADIX := Decimal, Usage := Output, ExternalAccess := Read Only, Required := false, Visible := false)"
TAG,FB03_Pneumatic_Valve_5_2:AOI,Pos02PositionFB,"","BOOL","","(RADIX := Decimal, Usage := Output, ExternalAccess := Read Only, Required := false, Visible := false)"
TAG,FB03_Pneumatic_Valve_5_2:AOI,E1_Pos01_Pos02_Clash,"","BOOL","","(RADIX := Decimal, Usage := Output, ExternalAccess := Read Only, Required := false, Visible := true)"
TAG,FB03_Pneumatic_Valve_5_2:AOI,E2_Pos01_Pos02_PositionError,"","BOOL","","(RADIX := Decimal, Usage := Output, ExternalAccess := Read Only, Required := false, Visible := true)"
TAG,FB03_Pneumatic_Valve_5_2:AOI,E3_Pos01_RS_Absent,"","BOOL","","(RADIX := Decimal, Usage := Output, ExternalAccess := Read Only, Required := false, Visible := true)"
TAG,FB03_Pneumatic_Valve_5_2:AOI,E4_Pos02_RS_Absent,"","BOOL","","(RADIX := Decimal, Usage := Output, ExternalAccess := Read Only, Required := false, Visible := true)"
TAG,FB03_Pneumatic_Valve_5_2:AOI,E5_Run_Count_Warning,"","BOOL","","(RADIX := Decimal, Usage := Output, ExternalAccess := Read Only, Required := false, Visible := true)"
TAG,FB03_Pneumatic_Valve_5_2:AOI,E6_Run_Counts_Completed,"","BOOL","","(RADIX := Decimal, Usage := Output, ExternalAccess := Read/Write, Required := false, Visible := true)"
TAG,FB03_Pneumatic_Valve_5_2:AOI,Out_Run_Counts,"","DINT","","(RADIX := Decimal, Usage := Output, ExternalAccess := Read Only, Required := false, Visible := true)"
TAG,FB03_Pneumatic_Valve_5_2:AOI,HMI_Set_Run_Count,"","DINT","","(RADIX := Decimal, Usage := Input, ExternalAccess := Read/Write, Required := false, Visible := true)"
TAG,FB03_Pneumatic_Valve_5_2:AOI,HMI_Reset_Run_Count,"","BOOL","","(RADIX := Decimal, Usage := Input, ExternalAccess := Read/Write, Required := false, Visible := true)"
TAG,FB03_Pneumatic_Valve_5_2:AOI,HMI_Alarm_Timer_SV,"","DINT","","(RADIX := Decimal, Usage := Input, ExternalAccess := Read/Write, Required := false, Visible := true)"
TAG,FB03_Pneumatic_Valve_5_2:AOI,Out_Device_Status,"","DINT","","(RADIX := Decimal, Usage := Output, ExternalAccess := Read/Write, Required := false, Visible := true)"
TAG,FB03_Pneumatic_Valve_5_2:AOI,AutomaticMode,"","BOOL","","(RADIX := Decimal, Usage := Local, ExternalAccess := None)"
TAG,FB03_Pneumatic_Valve_5_2:AOI,ManualMode,"","BOOL","","(RADIX := Decimal, Usage := Local, ExternalAccess := None)"
TAG,FB03_Pneumatic_Valve_5_2:AOI,AutoPos01,"","BOOL","","(RADIX := Decimal, Usage := Local, ExternalAccess := None)"
TAG,FB03_Pneumatic_Valve_5_2:AOI,AutoPos02,"","BOOL","","(RADIX := Decimal, Usage := Local, ExternalAccess := None)"
TAG,FB03_Pneumatic_Valve_5_2:AOI,ManualPos01,"","BOOL","","(RADIX := Decimal, Usage := Local, ExternalAccess := None)"
TAG,FB03_Pneumatic_Valve_5_2:AOI,ManualPos02,"","BOOL","","(RADIX := Decimal, Usage := Local, ExternalAccess := None)"
TAG,FB03_Pneumatic_Valve_5_2:AOI,WatchDogTimer_1,"","TIMER","","(Usage := Local, ExternalAccess := None)"
TAG,FB03_Pneumatic_Valve_5_2:AOI,WatchDogTimer_4,"","TIMER","","(Usage := Local, ExternalAccess := None)"
TAG,FB03_Pneumatic_Valve_5_2:AOI,WatchDogTimer_2,"","TIMER","","(Usage := Local, ExternalAccess := None)"
TAG,FB03_Pneumatic_Valve_5_2:AOI,WatchDogTimer_3,"","TIMER","","(Usage := Local, ExternalAccess := None)"
TAG,FB03_Pneumatic_Valve_5_2:AOI,Always_True,"","BOOL","","(RADIX := Decimal, Usage := Local, ExternalAccess := None)"
TAG,FB03_Pneumatic_Valve_5_2:AOI,ons01,"","BOOL","","(RADIX := Decimal, Usage := Local, ExternalAccess := None)"
TAG,FB03_Pneumatic_Valve_5_2:AOI,Run_Count_Warning_Value,"","DINT","","(RADIX := Decimal, Usage := Local, ExternalAccess := None)"
TAG,FB03_Pneumatic_Valve_5_2:AOI,Alarm_Present,"","BOOL","","(RADIX := Decimal, Usage := Local, ExternalAccess := None)"
TAG,FB03_Pneumatic_Valve_5_2:AOI,ONS,"","BOOL","","(RADIX := Decimal, Usage := Local, ExternalAccess := None)"
TYPE,SCOPE,NAME,DESCRIPTION,DATATYPE,SPECIFIER,ATTRIBUTES
TAG,FB04_Pneumatic_Valve_3_2:AOI,In_All_Safety_Ok,"","BOOL","","(RADIX := Decimal, Usage := Input, ExternalAccess := Read/Write, Required := true, Visible := true)"
TAG,FB04_Pneumatic_Valve_3_2:AOI,In_AutoMode,"","BOOL","","(RADIX := Decimal, Usage := Input, ExternalAccess := None, Required := true, Visible := true)"
TAG,FB04_Pneumatic_Valve_3_2:AOI,HMI_Pos01CMD,"","BOOL","","(RADIX := Decimal, Usage := Input, ExternalAccess := Read/Write, Required := false, Visible := true)"
TAG,FB04_Pneumatic_Valve_3_2:AOI,AutoPos01CMD,"","BOOL","","(RADIX := Decimal, Usage := Input, ExternalAccess := Read/Write, Required := false, Visible := true)"
TAG,FB04_Pneumatic_Valve_3_2:AOI,In_Pos01_RS,"","BOOL","","(RADIX := Decimal, Usage := Input, ExternalAccess := Read/Write, Required := true, Visible := true)"
TAG,FB04_Pneumatic_Valve_3_2:AOI,In_Pos02_RS,"","BOOL","","(RADIX := Decimal, Usage := Input, ExternalAccess := Read/Write, Required := true, Visible := true)"
TAG,FB04_Pneumatic_Valve_3_2:AOI,ValvePos01CMD,"","BOOL","","(RADIX := Decimal, Usage := Output, ExternalAccess := Read/Write, Required := true, Visible := true)"
TAG,FB04_Pneumatic_Valve_3_2:AOI,ValvePos02CMD,"","BOOL","","(RADIX := Decimal, Usage := Output, ExternalAccess := Read/Write, Required := true, Visible := true)"
TAG,FB04_Pneumatic_Valve_3_2:AOI,Pos01PositionFB,"","BOOL","","(RADIX := Decimal, Usage := Output, ExternalAccess := Read Only, Required := false, Visible := false)"
TAG,FB04_Pneumatic_Valve_3_2:AOI,Pos02PositionFB,"","BOOL","","(RADIX := Decimal, Usage := Output, ExternalAccess := Read Only, Required := false, Visible := false)"
TAG,FB04_Pneumatic_Valve_3_2:AOI,Alarm_Pos01_Pos02_Clash,"","BOOL","","(RADIX := Decimal, Usage := Output, ExternalAccess := Read Only, Required := false, Visible := true)"
TAG,FB04_Pneumatic_Valve_3_2:AOI,Alarm_Pos01_Pos02_PositionError,"","BOOL","","(RADIX := Decimal, Usage := Output, ExternalAccess := Read Only, Required := false, Visible := true)"
TAG,FB04_Pneumatic_Valve_3_2:AOI,Alarm_Pos01_RS_Absent,"","BOOL","","(RADIX := Decimal, Usage := Output, ExternalAccess := Read Only, Required := false, Visible := true)"
TAG,FB04_Pneumatic_Valve_3_2:AOI,Alarm_Pos02_RS_Absent,"","BOOL","","(RADIX := Decimal, Usage := Output, ExternalAccess := Read Only, Required := false, Visible := true)"
TAG,FB04_Pneumatic_Valve_3_2:AOI,Out_Run_Counts,"","DINT","","(RADIX := Decimal, Usage := Output, ExternalAccess := Read Only, Required := false, Visible := true)"
TAG,FB04_Pneumatic_Valve_3_2:AOI,HMI_Reset_Run_Count,"","BOOL","","(RADIX := Decimal, Usage := Input, ExternalAccess := Read/Write, Required := false, Visible := true)"
TAG,FB04_Pneumatic_Valve_3_2:AOI,HMI_Set_Run_Count,"","DINT","","(RADIX := Decimal, Usage := Input, ExternalAccess := Read/Write, Required := false, Visible := false)"
TAG,FB04_Pneumatic_Valve_3_2:AOI,Alarm_Run_Counts_Completed,"","BOOL","","(RADIX := Decimal, Usage := Output, ExternalAccess := Read/Write, Required := false, Visible := false)"
TAG,FB04_Pneumatic_Valve_3_2:AOI,AutomaticMode,"","BOOL","","(RADIX := Decimal, Usage := Local, ExternalAccess := None)"
TAG,FB04_Pneumatic_Valve_3_2:AOI,ManualMode,"","BOOL","","(RADIX := Decimal, Usage := Local, ExternalAccess := None)"
TAG,FB04_Pneumatic_Valve_3_2:AOI,AutoPos01,"","BOOL","","(RADIX := Decimal, Usage := Local, ExternalAccess := None)"
TAG,FB04_Pneumatic_Valve_3_2:AOI,ManualPos01,"","BOOL","","(RADIX := Decimal, Usage := Local, ExternalAccess := None)"
TAG,FB04_Pneumatic_Valve_3_2:AOI,ManualPos02,"","BOOL","","(RADIX := Decimal, Usage := Local, ExternalAccess := None)"
TAG,FB04_Pneumatic_Valve_3_2:AOI,WatchDogTimer_1,"","TIMER","","(Usage := Local, ExternalAccess := None)"
TAG,FB04_Pneumatic_Valve_3_2:AOI,WatchDogTimer_4,"","TIMER","","(Usage := Local, ExternalAccess := None)"
TAG,FB04_Pneumatic_Valve_3_2:AOI,WatchDogTimer_2,"","TIMER","","(Usage := Local, ExternalAccess := None)"
TAG,FB04_Pneumatic_Valve_3_2:AOI,WatchDogTimer_3,"","TIMER","","(Usage := Local, ExternalAccess := None)"
TAG,FB04_Pneumatic_Valve_3_2:AOI,AlwaysOn,"","BOOL","","(RADIX := Decimal, Usage := Local, ExternalAccess := None)"
TAG,FB04_Pneumatic_Valve_3_2:AOI,ons01,"","BOOL","","(RADIX := Decimal, Usage := Local, ExternalAccess := None)"
TAG,FB04_Pneumatic_Valve_3_2:AOI,ONS,"","BOOL","","(RADIX := Decimal, Usage := Local, ExternalAccess := None)"
TYPE,SCOPE,NAME,DESCRIPTION,DATATYPE,SPECIFIER,ATTRIBUTES
TAG,FB05_Drive_On_Hardwire:AOI,In_All_Safety_Healthy,"","BOOL","","(RADIX := Decimal, Usage := Input, ExternalAccess := Read/Write, Required := true, Visible := true)"
TAG,FB05_Drive_On_Hardwire:AOI,In_AutoMode,"","BOOL","","(RADIX := Decimal, Usage := Input, ExternalAccess := Read/Write, Required := true, Visible := true)"
TAG,FB05_Drive_On_Hardwire:AOI,Auto_Fwd_Start,"","BOOL","","(RADIX := Decimal, Usage := Input, ExternalAccess := Read/Write, Required := false, Visible := true)"
TAG,FB05_Drive_On_Hardwire:AOI,Auto_Rev_Start,"","BOOL","","(RADIX := Decimal, Usage := Input, ExternalAccess := Read/Write, Required := false, Visible := true)"
TAG,FB05_Drive_On_Hardwire:AOI,HMI_Manual_FWD_Start,"","BOOL","","(RADIX := Decimal, Usage := Input, ExternalAccess := Read/Write, Required := false, Visible := true)"
TAG,FB05_Drive_On_Hardwire:AOI,HMI_Manual_REV_Start,"","BOOL","","(RADIX := Decimal, Usage := Input, ExternalAccess := Read/Write, Required := false, Visible := true)"
TAG,FB05_Drive_On_Hardwire:AOI,In_MPCB_Contact,"","BOOL","","(RADIX := Decimal, Usage := Input, ExternalAccess := Read/Write, Required := true, Visible := true)"
TAG,FB05_Drive_On_Hardwire:AOI,In_Disconnector_FB,"","BOOL","","(RADIX := Decimal, Usage := Input, ExternalAccess := Read/Write, Required := true, Visible := true)"
TAG,FB05_Drive_On_Hardwire:AOI,In_Drive_Ready,"","BOOL","","(RADIX := Decimal, Usage := Input, ExternalAccess := Read/Write, Required := true, Visible := true)"
TAG,FB05_Drive_On_Hardwire:AOI,In_Drive_Running,"","BOOL","","(RADIX := Decimal, Usage := Input, ExternalAccess := Read/Write, Required := true, Visible := true)"
TAG,FB05_Drive_On_Hardwire:AOI,Out_Drive_Fwd_On,"","BOOL","","(RADIX := Decimal, Usage := Output, ExternalAccess := Read/Write, Required := true, Visible := true)"
TAG,FB05_Drive_On_Hardwire:AOI,Out_Drive_Rev_On,"","BOOL","","(RADIX := Decimal, Usage := Output, ExternalAccess := Read/Write, Required := true, Visible := true)"
TAG,FB05_Drive_On_Hardwire:AOI,E1_MPCB_Tripped,"","BOOL","","(RADIX := Decimal, Usage := Output, ExternalAccess := Read/Write, Required := false, Visible := true)"
TAG,FB05_Drive_On_Hardwire:AOI,E2_Motor_Disconnector_Off,"","BOOL","","(RADIX := Decimal, Usage := Output, ExternalAccess := Read/Write, Required := false, Visible := true)"
TAG,FB05_Drive_On_Hardwire:AOI,E3_Run_time_Hours_Warning,"","BOOL","","(RADIX := Decimal, Usage := Output, ExternalAccess := Read Only, Required := false, Visible := true)"
TAG,FB05_Drive_On_Hardwire:AOI,E4_Run_Time_Hours_Completed,"","BOOL","","(RADIX := Decimal, Usage := Output, ExternalAccess := Read/Write, Required := false, Visible := false)"
TAG,FB05_Drive_On_Hardwire:AOI,Alarm_Motor_Contactor_Fault,"","BOOL","","(RADIX := Decimal, Usage := Output, ExternalAccess := Read/Write, Required := false, Visible := true)"
TAG,FB05_Drive_On_Hardwire:AOI,HMI_Set_Run_Time_Hours,"","DINT","","(RADIX := Decimal, Usage := Input, ExternalAccess := Read/Write, Required := false, Visible := true)"
TAG,FB05_Drive_On_Hardwire:AOI,HMI_Reset_Run_Time_Hours,"","BOOL","","(RADIX := Decimal, Usage := Input, ExternalAccess := Read/Write, Required := false, Visible := true)"
TAG,FB05_Drive_On_Hardwire:AOI,Out_Run_Time_Hours,"","DINT","","(RADIX := Decimal, Usage := Output, ExternalAccess := Read/Write, Required := false, Visible := false)"
TAG,FB05_Drive_On_Hardwire:AOI,Out_Motor_Status,"","DINT","","(RADIX := Decimal, Usage := Output, ExternalAccess := Read/Write, Required := false, Visible := true)"
TAG,FB05_Drive_On_Hardwire:AOI,OneSecondPulse,"","BOOL","","(RADIX := Decimal, Usage := Input, ExternalAccess := Read/Write, Required := true, Visible := true)"
TAG,FB05_Drive_On_Hardwire:AOI,RH_Day,"","DINT","","(RADIX := Decimal, Usage := Output, ExternalAccess := Read/Write, Required := false, Visible := false)"
TAG,FB05_Drive_On_Hardwire:AOI,RH_Hr,"","DINT","","(RADIX := Decimal, Usage := Output, ExternalAccess := Read/Write, Required := false, Visible := false)"
TAG,FB05_Drive_On_Hardwire:AOI,RH_Mint,"","DINT","","(RADIX := Decimal, Usage := Output, ExternalAccess := Read/Write, Required := false, Visible := false)"
TAG,FB05_Drive_On_Hardwire:AOI,RH_Second,"","DINT","","(RADIX := Decimal, Usage := Output, ExternalAccess := Read/Write, Required := false, Visible := false)"
TAG,FB05_Drive_On_Hardwire:AOI,AutomaticMode,"","BOOL","","(RADIX := Decimal, Usage := Local, ExternalAccess := Read/Write)"
TAG,FB05_Drive_On_Hardwire:AOI,ManualMode,"","BOOL","","(RADIX := Decimal, Usage := Local, ExternalAccess := Read/Write)"
TAG,FB05_Drive_On_Hardwire:AOI,AutoMotorOn,"","BOOL","","(RADIX := Decimal, Usage := Local, ExternalAccess := Read/Write)"
TAG,FB05_Drive_On_Hardwire:AOI,ManualMotorOn,"","BOOL","","(RADIX := Decimal, Usage := Local, ExternalAccess := Read/Write)"
TAG,FB05_Drive_On_Hardwire:AOI,Timer,"","TIMER","","(Usage := Local, ExternalAccess := Read/Write)"
TAG,FB05_Drive_On_Hardwire:AOI,Drive_Healthy,"","BOOL","","(RADIX := Decimal, Usage := Local, ExternalAccess := Read/Write)"
TAG,FB05_Drive_On_Hardwire:AOI,Out_Drive_Running,"","BOOL","","(RADIX := Decimal, Usage := Local, ExternalAccess := None)"
TAG,FB05_Drive_On_Hardwire:AOI,OneSecondPulseOSR,"","BOOL","","(RADIX := Decimal, Usage := Local, ExternalAccess := None)"
TAG,FB05_Drive_On_Hardwire:AOI,OneSecondPulseOSRSB,"","BOOL","","(RADIX := Decimal, Usage := Local, ExternalAccess := None)"
TAG,FB05_Drive_On_Hardwire:AOI,Run_Hours_Warning_Value,"","DINT","","(RADIX := Decimal, Usage := Local, ExternalAccess := None)"
TAG,FB05_Drive_On_Hardwire:AOI,ONS,"","BOOL","","(RADIX := Decimal, Usage := Local, ExternalAccess := None)"
TYPE,SCOPE,NAME,DESCRIPTION,DATATYPE,SPECIFIER,ATTRIBUTES
TAG,FB08_Machine:AOI,In_System_Stop_PB,"","BOOL","","(RADIX := Decimal, Usage := Input, ExternalAccess := Read/Write, Required := true, Visible := true)"
TAG,FB08_Machine:AOI,In_Safety_Reset_PB,"","BOOL","","(RADIX := Decimal, Usage := Input, ExternalAccess := Read/Write, Required := true, Visible := true)"
TAG,FB08_Machine:AOI,In_Safety_Reset_FB,"","BOOL","","(RADIX := Decimal, Usage := Input, ExternalAccess := Read/Write, Required := true, Visible := true)"
TAG,FB08_Machine:AOI,In_System_Reset_PB,"","BOOL","","(RADIX := Decimal, Usage := Input, ExternalAccess := Read/Write, Required := true, Visible := true)"
TAG,FB08_Machine:AOI,In_System_Start_PB,"","BOOL","","(RADIX := Decimal, Usage := Input, ExternalAccess := Read/Write, Required := true, Visible := true)"
TAG,FB08_Machine:AOI,In_Auto_Start_Interlock01,"","BOOL","","(RADIX := Decimal, Usage := Input, ExternalAccess := Read/Write, Required := true, Visible := true)"
TAG,FB08_Machine:AOI,In_Auto_Start_Interlock02,"","BOOL","","(RADIX := Decimal, Usage := Input, ExternalAccess := Read/Write, Required := false, Visible := false)"
TAG,FB08_Machine:AOI,In_Auto_Start_Interlock03,"","BOOL","","(RADIX := Decimal, Usage := Input, ExternalAccess := Read/Write, Required := false, Visible := false)"
TAG,FB08_Machine:AOI,In_Auto_Start_Interlock04,"","BOOL","","(RADIX := Decimal, Usage := Input, ExternalAccess := Read/Write, Required := false, Visible := false)"
TAG,FB08_Machine:AOI,Out_Manual_Mode_Selected,"","BOOL","","(RADIX := Decimal, Usage := Output, ExternalAccess := Read/Write, Required := true, Visible := true)"
TAG,FB08_Machine:AOI,Out_Auto_Mode_Selected,"","BOOL","","(RADIX := Decimal, Usage := Output, ExternalAccess := Read/Write, Required := true, Visible := true)"
TAG,FB08_Machine:AOI,Out_Auto_Started,"","BOOL","","(RADIX := Decimal, Usage := Output, ExternalAccess := Read/Write, Required := true, Visible := true)"
TAG,FB08_Machine:AOI,Out_Safety_Reset_Lamp,"","BOOL","","(RADIX := Decimal, Usage := Output, ExternalAccess := Read/Write, Required := true, Visible := true)"
TAG,FB08_Machine:AOI,Out_System_Reset_Lamp,"","BOOL","","(RADIX := Decimal, Usage := Output, ExternalAccess := Read/Write, Required := true, Visible := true)"
TAG,FB08_Machine:AOI,Out_System_Start_Lamp,"","BOOL","","(RADIX := Decimal, Usage := Output, ExternalAccess := Read/Write, Required := true, Visible := true)"
TAG,FB08_Machine:AOI,Out_System_Healthy,"","BOOL","","(RADIX := Decimal, Usage := Output, ExternalAccess := Read/Write, Required := true, Visible := true)"
TAG,FB08_Machine:AOI,In_On_Off_Pulse,"","BOOL","","(RADIX := Decimal, Usage := Input, ExternalAccess := Read/Write, Required := true, Visible := true)"
TAG,FB08_Machine:AOI,Safety_Reset_Latch,"","BOOL","","(RADIX := Decimal, Usage := Local, ExternalAccess := None)"
TAG,FB08_Machine:AOI,System_Reset_Latch,"","BOOL","","(RADIX := Decimal, Usage := Local, ExternalAccess := None)"
TAG,FB08_Machine:AOI,Auto_Mode_Selected,"","BOOL","","(RADIX := Decimal, Usage := Local, ExternalAccess := None)"
TAG,FB08_Machine:AOI,Machine_Start_Timer,"","TIMER","","(Usage := Local, ExternalAccess := None)"
TYPE,SCOPE,NAME,DESCRIPTION,DATATYPE,SPECIFIER,ATTRIBUTES
TAG,FB10_Sensor_Monitoring:AOI,In_Sensor_Input,"","BOOL","","(RADIX := Decimal, Usage := Input, ExternalAccess := Read/Write, Required := true, Visible := true)"
TAG,FB10_Sensor_Monitoring:AOI,In_Sensor_On_Cmd,"","BOOL","","(RADIX := Decimal, Usage := Input, ExternalAccess := Read/Write, Required := false, Visible := true)"
TAG,FB10_Sensor_Monitoring:AOI,In_Sesnor_On_Time,"","REAL","","(RADIX := Float, Usage := Input, ExternalAccess := Read/Write, Required := false, Visible := true)"
TAG,FB10_Sensor_Monitoring:AOI,In_Sensor_Off_Cmd,"","BOOL","","(RADIX := Decimal, Usage := Input, ExternalAccess := Read/Write, Required := false, Visible := true)"
TAG,FB10_Sensor_Monitoring:AOI,In_Sesnor_Off_Time,"","REAL","","(RADIX := Float, Usage := Input, ExternalAccess := Read/Write, Required := false, Visible := true)"
TAG,FB10_Sensor_Monitoring:AOI,Alarm_Sensor_On_Fail,"","BOOL","","(RADIX := Decimal, Usage := Output, ExternalAccess := Read/Write, Required := false, Visible := true)"
TAG,FB10_Sensor_Monitoring:AOI,Alarm_Sensor_Off_Fail,"","BOOL","","(RADIX := Decimal, Usage := Output, ExternalAccess := Read/Write, Required := false, Visible := true)"
TAG,FB10_Sensor_Monitoring:AOI,HMI_Alarm_Reset,"","BOOL","","(RADIX := Decimal, Usage := Input, ExternalAccess := Read/Write, Required := true, Visible := true)"
TAG,FB10_Sensor_Monitoring:AOI,Sensor_Status,"","INT","","(RADIX := Decimal, Usage := Output, ExternalAccess := Read/Write, Required := false, Visible := true)"
TAG,FB10_Sensor_Monitoring:AOI,Sesnor_On_Delay_Timer,"","TIMER","","(Usage := Local, ExternalAccess := None)"
TAG,FB10_Sensor_Monitoring:AOI,Sesnor_Off_Delay_Timer,"","TIMER","","(Usage := Local, ExternalAccess := None)"
TYPE,SCOPE,NAME,DESCRIPTION,DATATYPE,SPECIFIER,ATTRIBUTES
TAG,FB11_Production_Count:AOI,InBit,"","BOOL","","(RADIX := Decimal, Usage := Input, ExternalAccess := Read/Write, Required := false, Visible := true)"
TAG,FB11_Production_Count:AOI,InRest,"","BOOL","","(RADIX := Decimal, Usage := Input, ExternalAccess := Read/Write, Required := false, Visible := true)"
TAG,FB11_Production_Count:AOI,OutCounts,"","DINT","","(RADIX := Decimal, Usage := Output, ExternalAccess := Read Only, Required := false, Visible := true)"
TAG,FB11_Production_Count:AOI,In_All_Reset,"","BOOL","","(RADIX := Decimal, Usage := Input, ExternalAccess := Read/Write, Required := true, Visible := true)"
TAG,FB11_Production_Count:AOI,InBit00,"","BOOL","","(RADIX := Decimal, Usage := Local, ExternalAccess := None)"
TAG,FB11_Production_Count:AOI,InBit01,"","BOOL","","(RADIX := Decimal, Usage := Local, ExternalAccess := None)"
TAG,FB11_Production_Count:AOI,ResetTimer,"","TIMER","","(Usage := Local, ExternalAccess := None)"
TAG,FB11_Production_Count:AOI,DataRegOut,"","DINT[50]","","(RADIX := Decimal, Usage := Local, ExternalAccess := None)"
TAG,FB11_Production_Count:AOI,CountsFIFO,"","DINT","","(RADIX := Decimal, Usage := Local, ExternalAccess := None)"
TAG,FB11_Production_Count:AOI,Counts,"","CONTROL","","(Usage := Local, ExternalAccess := None)"
TAG,FB11_Production_Count:AOI,SQL,"","CONTROL","","(Usage := Local, ExternalAccess := None)"
TAG,FB11_Production_Count:AOI,ResetDataTimer,"","TIMER","","(Usage := Local, ExternalAccess := None)"
TAG,FB11_Production_Count:AOI,DataOut,"","DINT[50]","","(RADIX := Decimal, Usage := Local, ExternalAccess := None)"
TAG,FB11_Production_Count:AOI,StoreDataONS,"","BOOL","","(RADIX := Decimal, Usage := Local, ExternalAccess := None)"
TAG,FB11_Production_Count:AOI,MoveData,"","BOOL","","(RADIX := Decimal, Usage := Local, ExternalAccess := None)"
TAG,FB11_Production_Count:AOI,DataRegPrev,"","DINT","","(RADIX := Decimal, Usage := Local, ExternalAccess := None)"
TAG,FB11_Production_Count:AOI,DataRegShift,"","DINT","","(RADIX := Decimal, Usage := Local, ExternalAccess := None)"
TYPE,SCOPE,NAME,DESCRIPTION,DATATYPE,SPECIFIER,ATTRIBUTES
TAG,FB12_RunTimeHours:AOI,CycleTimeStart,"","BOOL","","(RADIX := Decimal, Usage := Input, ExternalAccess := Read/Write, Required := false, Visible := true)"
TAG,FB12_RunTimeHours:AOI,OneSecondPulse,"","BOOL","","(RADIX := Decimal, Usage := Input, ExternalAccess := Read/Write, Required := true, Visible := true)"
TAG,FB12_RunTimeHours:AOI,Reset,"","BOOL","","(RADIX := Decimal, Usage := Input, ExternalAccess := Read/Write, Required := false, Visible := true)"
TAG,FB12_RunTimeHours:AOI,Hr,"","DINT","","(RADIX := Decimal, Usage := Output, ExternalAccess := Read Only, Required := false, Visible := true)"
TAG,FB12_RunTimeHours:AOI,Mint,"","DINT","","(RADIX := Decimal, Usage := Output, ExternalAccess := Read Only, Required := false, Visible := true)"
TAG,FB12_RunTimeHours:AOI,Second,"","DINT","","(RADIX := Decimal, Usage := Output, ExternalAccess := Read Only, Required := false, Visible := true)"
TAG,FB12_RunTimeHours:AOI,Day,"","DINT","","(RADIX := Decimal, Usage := Output, ExternalAccess := Read/Write, Required := false, Visible := true)"
TAG,FB12_RunTimeHours:AOI,OneSecondPulseOSR,"","BOOL","","(RADIX := Decimal, Usage := Local, ExternalAccess := None)"
TAG,FB12_RunTimeHours:AOI,OneSecondPulseOSRSB,"","BOOL","","(RADIX := Decimal, Usage := Local, ExternalAccess := None)"
TYPE,SCOPE,NAME,DESCRIPTION,DATATYPE,SPECIFIER,ATTRIBUTES
TAG,FB13_Run_Counts:AOI,RunBit,"","BOOL","","(RADIX := Decimal, Usage := Input, ExternalAccess := Read/Write, Required := false, Visible := false)"
TAG,FB13_Run_Counts:AOI,StartBit,"","BOOL","","(RADIX := Decimal, Usage := Input, ExternalAccess := Read/Write, Required := false, Visible := true)"
TAG,FB13_Run_Counts:AOI,reset,"","BOOL","","(RADIX := Decimal, Usage := Input, ExternalAccess := Read/Write, Required := false, Visible := true)"
TAG,FB13_Run_Counts:AOI,OutCounts,"","DINT","","(RADIX := Decimal, Usage := Output, ExternalAccess := Read Only, Required := false, Visible := true)"
TAG,FB13_Run_Counts:AOI,PulseBit,"","BOOL","","(RADIX := Decimal, Usage := Local, ExternalAccess := None)"
TAG,FB13_Run_Counts:AOI,Pulse,"","BOOL","","(RADIX := Decimal, Usage := Local, ExternalAccess := None)"
TAG,FB13_Run_Counts:AOI,AlwaysOn,"","BOOL","","(RADIX := Decimal, Usage := Local, ExternalAccess := None)"
TAG,FB13_Run_Counts:AOI,ons01,"","BOOL","","(RADIX := Decimal, Usage := Local, ExternalAccess := None)"
TAG,FB13_Run_Counts:AOI,ons02,"","BOOL","","(RADIX := Decimal, Usage := Local, ExternalAccess := None)"
TYPE,SCOPE,NAME,DESCRIPTION,DATATYPE,SPECIFIER,ATTRIBUTES
TAG,FB14_Cycle_Time:AOI,In_Start_Cycle_Time,"","BOOL","","(RADIX := Decimal, Usage := Input, ExternalAccess := Read/Write, Required := false, Visible := true)"
TAG,FB14_Cycle_Time:AOI,In_Cycle_Complete_Bit,"","BOOL","","(RADIX := Decimal, Usage := Input, ExternalAccess := Read/Write, Required := true, Visible := true)"
TAG,FB14_Cycle_Time:AOI,HMI_Cycle_Time_Reset,"","BOOL","","(RADIX := Decimal, Usage := Input, ExternalAccess := Read/Write, Required := false, Visible := true)"
TAG,FB14_Cycle_Time:AOI,Cycle_Time_Real,"","DINT","","(RADIX := Decimal, Usage := Input, ExternalAccess := Read/Write, Required := false, Visible := false)"
TAG,FB14_Cycle_Time:AOI,Cycle_Time_01,"","REAL","","(RADIX := Float, Usage := Output, ExternalAccess := Read/Write, Required := false, Visible := false)"
TAG,FB14_Cycle_Time:AOI,Cycle_Time_02,"","REAL","","(RADIX := Float, Usage := Output, ExternalAccess := Read/Write, Required := false, Visible := false)"
TAG,FB14_Cycle_Time:AOI,Cycle_Time_03,"","REAL","","(RADIX := Float, Usage := Output, ExternalAccess := Read/Write, Required := false, Visible := false)"
TAG,FB14_Cycle_Time:AOI,Cycle_Time_04,"","REAL","","(RADIX := Float, Usage := Output, ExternalAccess := Read/Write, Required := false, Visible := false)"
TAG,FB14_Cycle_Time:AOI,Cycle_Time_05,"","REAL","","(RADIX := Float, Usage := Output, ExternalAccess := Read/Write, Required := false, Visible := false)"
TAG,FB14_Cycle_Time:AOI,Cycle_Time_06,"","REAL","","(RADIX := Float, Usage := Output, ExternalAccess := Read/Write, Required := false, Visible := false)"
TAG,FB14_Cycle_Time:AOI,Cycle_Time_07,"","REAL","","(RADIX := Float, Usage := Output, ExternalAccess := Read/Write, Required := false, Visible := false)"
TAG,FB14_Cycle_Time:AOI,Cycle_Time_08,"","REAL","","(RADIX := Float, Usage := Output, ExternalAccess := Read/Write, Required := false, Visible := false)"
TAG,FB14_Cycle_Time:AOI,Cycle_Time_09,"","REAL","","(RADIX := Float, Usage := Output, ExternalAccess := Read/Write, Required := false, Visible := false)"
TAG,FB14_Cycle_Time:AOI,Cycle_Time_10,"","REAL","","(RADIX := Float, Usage := Output, ExternalAccess := Read/Write, Required := false, Visible := false)"
TAG,FB14_Cycle_Time:AOI,Cycle_Time_11,"","REAL","","(RADIX := Float, Usage := Output, ExternalAccess := Read/Write, Required := false, Visible := false)"
TAG,FB14_Cycle_Time:AOI,Cycle_Time_12,"","REAL","","(RADIX := Float, Usage := Output, ExternalAccess := Read/Write, Required := false, Visible := false)"
TAG,FB14_Cycle_Time:AOI,Cycle_Time_13,"","REAL","","(RADIX := Float, Usage := Output, ExternalAccess := Read/Write, Required := false, Visible := false)"
TAG,FB14_Cycle_Time:AOI,Cycle_Time_14,"","REAL","","(RADIX := Float, Usage := Output, ExternalAccess := Read/Write, Required := false, Visible := false)"
TAG,FB14_Cycle_Time:AOI,Cycle_Time_15,"","REAL","","(RADIX := Float, Usage := Output, ExternalAccess := Read/Write, Required := false, Visible := false)"
TAG,FB14_Cycle_Time:AOI,Cycle_Time_16,"","REAL","","(RADIX := Float, Usage := Output, ExternalAccess := Read/Write, Required := false, Visible := false)"
TAG,FB14_Cycle_Time:AOI,Cycle_Time_17,"","REAL","","(RADIX := Float, Usage := Output, ExternalAccess := Read/Write, Required := false, Visible := false)"
TAG,FB14_Cycle_Time:AOI,Cycle_Time_18,"","REAL","","(RADIX := Float, Usage := Output, ExternalAccess := Read/Write, Required := false, Visible := false)"
TAG,FB14_Cycle_Time:AOI,Cycle_Time_19,"","REAL","","(RADIX := Float, Usage := Output, ExternalAccess := Read/Write, Required := false, Visible := false)"
TAG,FB14_Cycle_Time:AOI,Cycle_Time_20,"","REAL","","(RADIX := Float, Usage := Output, ExternalAccess := Read/Write, Required := false, Visible := false)"
TAG,FB14_Cycle_Time:AOI,Cycle_Time_21,"","REAL","","(RADIX := Float, Usage := Output, ExternalAccess := Read/Write, Required := false, Visible := false)"
TAG,FB14_Cycle_Time:AOI,Cycle_Time_22,"","REAL","","(RADIX := Float, Usage := Output, ExternalAccess := Read/Write, Required := false, Visible := false)"
TAG,FB14_Cycle_Time:AOI,Cycle_Time_23,"","REAL","","(RADIX := Float, Usage := Output, ExternalAccess := Read/Write, Required := false, Visible := false)"
TAG,FB14_Cycle_Time:AOI,Cycle_Time_24,"","REAL","","(RADIX := Float, Usage := Output, ExternalAccess := Read/Write, Required := false, Visible := false)"
TAG,FB14_Cycle_Time:AOI,Cycle_Time_25,"","REAL","","(RADIX := Float, Usage := Output, ExternalAccess := Read/Write, Required := false, Visible := false)"
TAG,FB14_Cycle_Time:AOI,Cycle_Time_26,"","REAL","","(RADIX := Float, Usage := Output, ExternalAccess := Read/Write, Required := false, Visible := false)"
TAG,FB14_Cycle_Time:AOI,Cycle_Time_27,"","REAL","","(RADIX := Float, Usage := Output, ExternalAccess := Read/Write, Required := false, Visible := false)"
TAG,FB14_Cycle_Time:AOI,Cycle_Time_28,"","REAL","","(RADIX := Float, Usage := Output, ExternalAccess := Read/Write, Required := false, Visible := false)"
TAG,FB14_Cycle_Time:AOI,Cycle_Time_29,"","REAL","","(RADIX := Float, Usage := Output, ExternalAccess := Read/Write, Required := false, Visible := false)"
TAG,FB14_Cycle_Time:AOI,Cycle_Time_30,"","REAL","","(RADIX := Float, Usage := Output, ExternalAccess := Read/Write, Required := false, Visible := false)"
TAG,FB14_Cycle_Time:AOI,Cycle_Time_31,"","REAL","","(RADIX := Float, Usage := Output, ExternalAccess := Read/Write, Required := false, Visible := false)"
TAG,FB14_Cycle_Time:AOI,Cycle_Time_32,"","REAL","","(RADIX := Float, Usage := Output, ExternalAccess := Read/Write, Required := false, Visible := false)"
TAG,FB14_Cycle_Time:AOI,Cycle_Time_33,"","REAL","","(RADIX := Float, Usage := Output, ExternalAccess := Read/Write, Required := false, Visible := false)"
TAG,FB14_Cycle_Time:AOI,Cycle_Time_34,"","REAL","","(RADIX := Float, Usage := Output, ExternalAccess := Read/Write, Required := false, Visible := false)"
TAG,FB14_Cycle_Time:AOI,Cycle_Time_35,"","REAL","","(RADIX := Float, Usage := Output, ExternalAccess := Read/Write, Required := false, Visible := false)"
TAG,FB14_Cycle_Time:AOI,Cycle_Time_36,"","REAL","","(RADIX := Float, Usage := Output, ExternalAccess := Read/Write, Required := false, Visible := false)"
TAG,FB14_Cycle_Time:AOI,Cycle_Time_37,"","REAL","","(RADIX := Float, Usage := Output, ExternalAccess := Read/Write, Required := false, Visible := false)"
TAG,FB14_Cycle_Time:AOI,Cycle_Time_38,"","REAL","","(RADIX := Float, Usage := Output, ExternalAccess := Read/Write, Required := false, Visible := false)"
TAG,FB14_Cycle_Time:AOI,Cycle_Time_39,"","REAL","","(RADIX := Float, Usage := Output, ExternalAccess := Read/Write, Required := false, Visible := false)"
TAG,FB14_Cycle_Time:AOI,Cycle_Time_40,"","REAL","","(RADIX := Float, Usage := Output, ExternalAccess := Read/Write, Required := false, Visible := false)"
TAG,FB14_Cycle_Time:AOI,Cycle_Time_41,"","REAL","","(RADIX := Float, Usage := Output, ExternalAccess := Read/Write, Required := false, Visible := false)"
TAG,FB14_Cycle_Time:AOI,Cycle_Time_42,"","REAL","","(RADIX := Float, Usage := Output, ExternalAccess := Read/Write, Required := false, Visible := false)"
TAG,FB14_Cycle_Time:AOI,Cycle_Time_43,"","REAL","","(RADIX := Float, Usage := Output, ExternalAccess := Read/Write, Required := false, Visible := false)"
TAG,FB14_Cycle_Time:AOI,Cycle_Time_44,"","REAL","","(RADIX := Float, Usage := Output, ExternalAccess := Read/Write, Required := false, Visible := false)"
TAG,FB14_Cycle_Time:AOI,Cycle_Time_45,"","REAL","","(RADIX := Float, Usage := Output, ExternalAccess := Read/Write, Required := false, Visible := false)"
TAG,FB14_Cycle_Time:AOI,Cycle_Time_46,"","REAL","","(RADIX := Float, Usage := Output, ExternalAccess := Read/Write, Required := false, Visible := false)"
TAG,FB14_Cycle_Time:AOI,Cycle_Time_47,"","REAL","","(RADIX := Float, Usage := Output, ExternalAccess := Read/Write, Required := false, Visible := false)"
TAG,FB14_Cycle_Time:AOI,Cycle_Time_48,"","REAL","","(RADIX := Float, Usage := Output, ExternalAccess := Read/Write, Required := false, Visible := false)"
TAG,FB14_Cycle_Time:AOI,Cycle_Time_49,"","REAL","","(RADIX := Float, Usage := Output, ExternalAccess := Read/Write, Required := false, Visible := false)"
TAG,FB14_Cycle_Time:AOI,Cycle_Time_50,"","REAL","","(RADIX := Float, Usage := Output, ExternalAccess := Read/Write, Required := false, Visible := false)"
TAG,FB14_Cycle_Time:AOI,OS01_Storage_Bit,"","BOOL","","(RADIX := Decimal, Usage := Local, ExternalAccess := None)"
TAG,FB14_Cycle_Time:AOI,OS01_Output_Bit,"","BOOL","","(RADIX := Decimal, Usage := Local, ExternalAccess := None)"
TAG,FB14_Cycle_Time:AOI,OS02_Storage_Bit,"","BOOL","","(RADIX := Decimal, Usage := Local, ExternalAccess := None)"
TAG,FB14_Cycle_Time:AOI,OS02_Output_Bit,"","BOOL","","(RADIX := Decimal, Usage := Local, ExternalAccess := None)"
TAG,FB14_Cycle_Time:AOI,Cycle_Time_Current,"","DINT","","(RADIX := Decimal, Usage := Local, ExternalAccess := None)"
TAG,FB14_Cycle_Time:AOI,ONS_Bit1,"","BOOL","","(RADIX := Decimal, Usage := Local, ExternalAccess := None)"
TAG,FB14_Cycle_Time:AOI,Cycle_Time_Current_Real,"","REAL","","(RADIX := Float, Usage := Local, ExternalAccess := None)"
TAG,FB14_Cycle_Time:AOI,Cycle_Time_Timer,"","TIMER","","(Usage := Local, ExternalAccess := None)"
TYPE,SCOPE,NAME,DESCRIPTION,DATATYPE,SPECIFIER,ATTRIBUTES
TAG,FB15_Device_Status:AOI,alwayson,"","BOOL","","(RADIX := Decimal, Usage := Input, ExternalAccess := Read/Write, Required := false, Visible := false)"
TAG,FB15_Device_Status:AOI,ModeStatus,"","DINT","","(RADIX := Decimal, Usage := Output, ExternalAccess := Read Only, Required := false, Visible := false)"
TAG,FB15_Device_Status:AOI,Fault,"","BOOL","","(RADIX := Decimal, Usage := Input, ExternalAccess := Read/Write, Required := true, Visible := true)"
TAG,FB15_Device_Status:AOI,AutoMode,"","BOOL","","(RADIX := Decimal, Usage := Input, ExternalAccess := Read/Write, Required := true, Visible := true)"
TAG,FB15_Device_Status:AOI,Running,"","BOOL","","(RADIX := Decimal, Usage := Input, ExternalAccess := Read/Write, Required := true, Visible := true)"
TAG,FB15_Device_Status:AOI,always_on,"","BOOL","","(RADIX := Decimal, Usage := Local, ExternalAccess := None)"
TYPE,SCOPE,NAME,DESCRIPTION,DATATYPE,SPECIFIER,ATTRIBUTES
TAG,FB16_Scallling:AOI,Input,"","REAL","","(RADIX := Float, Usage := Input, ExternalAccess := Read/Write, Required := true, Visible := true)"
TAG,FB16_Scallling:AOI,InputMin,"","REAL","","(RADIX := Float, Usage := Input, ExternalAccess := Read/Write, Required := true, Visible := true)"
TAG,FB16_Scallling:AOI,InputMax,"","REAL","","(RADIX := Float, Usage := Input, ExternalAccess := Read/Write, Required := true, Visible := true)"
TAG,FB16_Scallling:AOI,OutputMin,"","REAL","","(RADIX := Float, Usage := Input, ExternalAccess := Read/Write, Required := true, Visible := true)"
TAG,FB16_Scallling:AOI,OutputMax,"","REAL","","(RADIX := Float, Usage := Input, ExternalAccess := Read/Write, Required := true, Visible := true)"
TAG,FB16_Scallling:AOI,Output,"","REAL","","(RADIX := Float, Usage := Output, ExternalAccess := Read Only, Required := true, Visible := true)"
TAG,FB16_Scallling:AOI,OutputVar,"","REAL","","(RADIX := Float, Usage := Output, ExternalAccess := Read/Write, Required := false, Visible := false)"
TAG,FB16_Scallling:AOI,InputVar,"","REAL","","(RADIX := Float, Usage := Output, ExternalAccess := Read/Write, Required := false, Visible := false)"
TAG,FB16_Scallling:AOI,Error_Set_Value,"","REAL","","(RADIX := Float, Usage := Input, ExternalAccess := Read/Write, Required := false, Visible := false)"
TAG,FB16_Scallling:AOI,Alarm_disscount,"","BOOL","","(RADIX := Decimal, Usage := Output, ExternalAccess := Read Only, Required := false, Visible := false)"
TYPE,SCOPE,NAME,DESCRIPTION,DATATYPE,SPECIFIER,ATTRIBUTES
TAG,FB17_SafetyDoorLogic:AOI,DoorOpenKeyOn,"","BOOL","","(RADIX := Decimal, Usage := Input, ExternalAccess := Read Only, Required := true, Visible := true)"
TAG,FB17_SafetyDoorLogic:AOI,DoorOpenReqPB,"","BOOL","","(RADIX := Decimal, Usage := Input, ExternalAccess := Read/Write, Required := true, Visible := true)"
TAG,FB17_SafetyDoorLogic:AOI,DoorOpenResetPB,"","BOOL","","(RADIX := Decimal, Usage := Input, ExternalAccess := Read/Write, Required := true, Visible := true)"
TAG,FB17_SafetyDoorLogic:AOI,DoorCloseFB,"","BOOL","","(RADIX := Decimal, Usage := Input, ExternalAccess := Read/Write, Required := true, Visible := true)"
TAG,FB17_SafetyDoorLogic:AOI,DoorOpenCoilOn,"","BOOL","","(RADIX := Decimal, Usage := Output, ExternalAccess := Read Only, Required := true, Visible := true)"
TAG,FB17_SafetyDoorLogic:AOI,DoorOpenReqLamp,"","BOOL","","(RADIX := Decimal, Usage := Output, ExternalAccess := Read Only, Required := true, Visible := true)"
TAG,FB17_SafetyDoorLogic:AOI,DoorOpenResetLamp,"","BOOL","","(RADIX := Decimal, Usage := Output, ExternalAccess := Read Only, Required := true, Visible := true)"
TAG,FB17_SafetyDoorLogic:AOI,DoorOpenConditionOk,"","BOOL","","(RADIX := Decimal, Usage := Input, ExternalAccess := Read/Write, Required := true, Visible := true)"
TAG,FB17_SafetyDoorLogic:AOI,OnOffPulse,"","BOOL","","(RADIX := Decimal, Usage := Input, ExternalAccess := Read/Write, Required := true, Visible := true)"
TAG,FB17_SafetyDoorLogic:AOI,DoorHealthy,"","BOOL","","(RADIX := Decimal, Usage := Output, ExternalAccess := Read Only, Required := true, Visible := true)"
TAG,FB17_SafetyDoorLogic:AOI,DoorOpenReqAccepted,"","BOOL","","(RADIX := Decimal, Usage := Local, ExternalAccess := None)"
TYPE,SCOPE,NAME,DESCRIPTION,DATATYPE,SPECIFIER,ATTRIBUTES
TAG,FB20_Level_Sensor:AOI,Input,"","REAL","","(RADIX := Float, Usage := Input, ExternalAccess := Read/Write, Required := true, Visible := true)"
TAG,FB20_Level_Sensor:AOI,Low_LowLevel,"","REAL","","(RADIX := Float, Usage := Input, ExternalAccess := Read/Write, Required := true, Visible := true)"
TAG,FB20_Level_Sensor:AOI,LowLevel,"","REAL","","(RADIX := Float, Usage := Input, ExternalAccess := Read/Write, Required := true, Visible := true)"
TAG,FB20_Level_Sensor:AOI,HighLevel,"","REAL","","(RADIX := Float, Usage := Input, ExternalAccess := Read/Write, Required := true, Visible := true)"
TAG,FB20_Level_Sensor:AOI,High_HighLevel,"","REAL","","(RADIX := Float, Usage := Input, ExternalAccess := Read/Write, Required := true, Visible := true)"
TAG,FB20_Level_Sensor:AOI,LevelOk,"","BOOL","","(RADIX := Decimal, Usage := Output, ExternalAccess := Read/Write, Required := false, Visible := true)"
TAG,FB20_Level_Sensor:AOI,Alarm_Very_LowLevel,"","BOOL","","(RADIX := Decimal, Usage := Output, ExternalAccess := Read/Write, Required := false, Visible := true)"
TAG,FB20_Level_Sensor:AOI,AlarmLowLevel,"","BOOL","","(RADIX := Decimal, Usage := Output, ExternalAccess := Read/Write, Required := false, Visible := true)"
TAG,FB20_Level_Sensor:AOI,AlarmHighLevel,"","BOOL","","(RADIX := Decimal, Usage := Output, ExternalAccess := Read/Write, Required := false, Visible := true)"
TAG,FB20_Level_Sensor:AOI,Alarm_Very_HighLevel,"","BOOL","","(RADIX := Decimal, Usage := Output, ExternalAccess := Read/Write, Required := false, Visible := true)"
TYPE,SCOPE,NAME,DESCRIPTION,DATATYPE,SPECIFIER,ATTRIBUTES
TAG,FB21_Servo_Pos_FB:AOI,In_SV,"","REAL","","(RADIX := Float, Usage := Input, ExternalAccess := Read/Write, Required := false, Visible := true)"
TAG,FB21_Servo_Pos_FB:AOI,In_CV,"","REAL","","(RADIX := Float, Usage := Input, ExternalAccess := Read/Write, Required := true, Visible := true)"
TAG,FB21_Servo_Pos_FB:AOI,Out_Pos_FB_OK,"","BOOL","","(RADIX := Decimal, Usage := Output, ExternalAccess := Read/Write, Required := false, Visible := true)"
TAG,FB21_Servo_Pos_FB:AOI,Min_Pos,"","REAL","","(RADIX := Float, Usage := Local, ExternalAccess := None)"
TAG,FB21_Servo_Pos_FB:AOI,Max_Pos,"","REAL","","(RADIX := Float, Usage := Local, ExternalAccess := None)"
TAG,FB21_Servo_Pos_FB:AOI,In_Min_Toll,"","REAL","","(RADIX := Float, Usage := Local, ExternalAccess := Read/Write)"
TAG,FB21_Servo_Pos_FB:AOI,In_Max_Toll,"","REAL","","(RADIX := Float, Usage := Local, ExternalAccess := Read/Write)"
TYPE,SCOPE,NAME,DESCRIPTION,DATATYPE,SPECIFIER,ATTRIBUTES
TAG,FB30_Data_Record:AOI,In_Data_Store_Bit,"","BOOL","","(RADIX := Decimal, Usage := Input, ExternalAccess := Read/Write, Required := true, Visible := true)"
TAG,FB30_Data_Record:AOI,HMI_Data_Reset,"","BOOL","","(RADIX := Decimal, Usage := Input, ExternalAccess := Read/Write, Required := false, Visible := true)"
TAG,FB30_Data_Record:AOI,Data_01,"","REAL","","(RADIX := Float, Usage := Output, ExternalAccess := Read/Write, Required := false, Visible := false)"
TAG,FB30_Data_Record:AOI,Data_02,"","REAL","","(RADIX := Float, Usage := Output, ExternalAccess := Read/Write, Required := false, Visible := false)"
TAG,FB30_Data_Record:AOI,Data_03,"","REAL","","(RADIX := Float, Usage := Output, ExternalAccess := Read/Write, Required := false, Visible := false)"
TAG,FB30_Data_Record:AOI,Data_04,"","REAL","","(RADIX := Float, Usage := Output, ExternalAccess := Read/Write, Required := false, Visible := false)"
TAG,FB30_Data_Record:AOI,Data_05,"","REAL","","(RADIX := Float, Usage := Output, ExternalAccess := Read/Write, Required := false, Visible := false)"
TAG,FB30_Data_Record:AOI,Data_06,"","REAL","","(RADIX := Float, Usage := Output, ExternalAccess := Read/Write, Required := false, Visible := false)"
TAG,FB30_Data_Record:AOI,Data_07,"","REAL","","(RADIX := Float, Usage := Output, ExternalAccess := Read/Write, Required := false, Visible := false)"
TAG,FB30_Data_Record:AOI,Data_08,"","REAL","","(RADIX := Float, Usage := Output, ExternalAccess := Read/Write, Required := false, Visible := false)"
TAG,FB30_Data_Record:AOI,Data_09,"","REAL","","(RADIX := Float, Usage := Output, ExternalAccess := Read/Write, Required := false, Visible := false)"
TAG,FB30_Data_Record:AOI,Data_10,"","REAL","","(RADIX := Float, Usage := Output, ExternalAccess := Read/Write, Required := false, Visible := false)"
TAG,FB30_Data_Record:AOI,Data_11,"","REAL","","(RADIX := Float, Usage := Output, ExternalAccess := Read/Write, Required := false, Visible := false)"
TAG,FB30_Data_Record:AOI,Data_12,"","REAL","","(RADIX := Float, Usage := Output, ExternalAccess := Read/Write, Required := false, Visible := false)"
TAG,FB30_Data_Record:AOI,Data_13,"","REAL","","(RADIX := Float, Usage := Output, ExternalAccess := Read/Write, Required := false, Visible := false)"
TAG,FB30_Data_Record:AOI,Data_14,"","REAL","","(RADIX := Float, Usage := Output, ExternalAccess := Read/Write, Required := false, Visible := false)"
TAG,FB30_Data_Record:AOI,Data_15,"","REAL","","(RADIX := Float, Usage := Output, ExternalAccess := Read/Write, Required := false, Visible := false)"
TAG,FB30_Data_Record:AOI,Data_16,"","REAL","","(RADIX := Float, Usage := Output, ExternalAccess := Read/Write, Required := false, Visible := false)"
TAG,FB30_Data_Record:AOI,Data_17,"","REAL","","(RADIX := Float, Usage := Output, ExternalAccess := Read/Write, Required := false, Visible := false)"
TAG,FB30_Data_Record:AOI,Data_18,"","REAL","","(RADIX := Float, Usage := Output, ExternalAccess := Read/Write, Required := false, Visible := false)"
TAG,FB30_Data_Record:AOI,Data_19,"","REAL","","(RADIX := Float, Usage := Output, ExternalAccess := Read/Write, Required := false, Visible := false)"
TAG,FB30_Data_Record:AOI,Data_20,"","REAL","","(RADIX := Float, Usage := Output, ExternalAccess := Read/Write, Required := false, Visible := false)"
TAG,FB30_Data_Record:AOI,Data_21,"","REAL","","(RADIX := Float, Usage := Output, ExternalAccess := Read/Write, Required := false, Visible := false)"
TAG,FB30_Data_Record:AOI,Data_22,"","REAL","","(RADIX := Float, Usage := Output, ExternalAccess := Read/Write, Required := false, Visible := false)"
TAG,FB30_Data_Record:AOI,Data_23,"","REAL","","(RADIX := Float, Usage := Output, ExternalAccess := Read/Write, Required := false, Visible := false)"
TAG,FB30_Data_Record:AOI,Data_24,"","REAL","","(RADIX := Float, Usage := Output, ExternalAccess := Read/Write, Required := false, Visible := false)"
TAG,FB30_Data_Record:AOI,Data_25,"","REAL","","(RADIX := Float, Usage := Output, ExternalAccess := Read/Write, Required := false, Visible := false)"
TAG,FB30_Data_Record:AOI,Data_26,"","REAL","","(RADIX := Float, Usage := Output, ExternalAccess := Read/Write, Required := false, Visible := false)"
TAG,FB30_Data_Record:AOI,Data_27,"","REAL","","(RADIX := Float, Usage := Output, ExternalAccess := Read/Write, Required := false, Visible := false)"
TAG,FB30_Data_Record:AOI,Data_28,"","REAL","","(RADIX := Float, Usage := Output, ExternalAccess := Read/Write, Required := false, Visible := false)"
TAG,FB30_Data_Record:AOI,Data_29,"","REAL","","(RADIX := Float, Usage := Output, ExternalAccess := Read/Write, Required := false, Visible := false)"
TAG,FB30_Data_Record:AOI,Data_30,"","REAL","","(RADIX := Float, Usage := Output, ExternalAccess := Read/Write, Required := false, Visible := false)"
TAG,FB30_Data_Record:AOI,Data_31,"","REAL","","(RADIX := Float, Usage := Output, ExternalAccess := Read/Write, Required := false, Visible := false)"
TAG,FB30_Data_Record:AOI,Data_32,"","REAL","","(RADIX := Float, Usage := Output, ExternalAccess := Read/Write, Required := false, Visible := false)"
TAG,FB30_Data_Record:AOI,Data_33,"","REAL","","(RADIX := Float, Usage := Output, ExternalAccess := Read/Write, Required := false, Visible := false)"
TAG,FB30_Data_Record:AOI,Data_34,"","REAL","","(RADIX := Float, Usage := Output, ExternalAccess := Read/Write, Required := false, Visible := false)"
TAG,FB30_Data_Record:AOI,Data_35,"","REAL","","(RADIX := Float, Usage := Output, ExternalAccess := Read/Write, Required := false, Visible := false)"
TAG,FB30_Data_Record:AOI,Data_36,"","REAL","","(RADIX := Float, Usage := Output, ExternalAccess := Read/Write, Required := false, Visible := false)"
TAG,FB30_Data_Record:AOI,Data_37,"","REAL","","(RADIX := Float, Usage := Output, ExternalAccess := Read/Write, Required := false, Visible := false)"
TAG,FB30_Data_Record:AOI,Data_38,"","REAL","","(RADIX := Float, Usage := Output, ExternalAccess := Read/Write, Required := false, Visible := false)"
TAG,FB30_Data_Record:AOI,Data_39,"","REAL","","(RADIX := Float, Usage := Output, ExternalAccess := Read/Write, Required := false, Visible := false)"
TAG,FB30_Data_Record:AOI,Data_40,"","REAL","","(RADIX := Float, Usage := Output, ExternalAccess := Read/Write, Required := false, Visible := false)"
TAG,FB30_Data_Record:AOI,Data_41,"","REAL","","(RADIX := Float, Usage := Output, ExternalAccess := Read/Write, Required := false, Visible := false)"
TAG,FB30_Data_Record:AOI,Data_42,"","REAL","","(RADIX := Float, Usage := Output, ExternalAccess := Read/Write, Required := false, Visible := false)"
TAG,FB30_Data_Record:AOI,Data_43,"","REAL","","(RADIX := Float, Usage := Output, ExternalAccess := Read/Write, Required := false, Visible := false)"
TAG,FB30_Data_Record:AOI,Data_44,"","REAL","","(RADIX := Float, Usage := Output, ExternalAccess := Read/Write, Required := false, Visible := false)"
TAG,FB30_Data_Record:AOI,Data_45,"","REAL","","(RADIX := Float, Usage := Output, ExternalAccess := Read/Write, Required := false, Visible := false)"
TAG,FB30_Data_Record:AOI,Data_46,"","REAL","","(RADIX := Float, Usage := Output, ExternalAccess := Read/Write, Required := false, Visible := false)"
TAG,FB30_Data_Record:AOI,Data_47,"","REAL","","(RADIX := Float, Usage := Output, ExternalAccess := Read/Write, Required := false, Visible := false)"
TAG,FB30_Data_Record:AOI,Data_48,"","REAL","","(RADIX := Float, Usage := Output, ExternalAccess := Read/Write, Required := false, Visible := false)"
TAG,FB30_Data_Record:AOI,Data_49,"","REAL","","(RADIX := Float, Usage := Output, ExternalAccess := Read/Write, Required := false, Visible := false)"
TAG,FB30_Data_Record:AOI,Data_50,"","REAL","","(RADIX := Float, Usage := Output, ExternalAccess := Read/Write, Required := false, Visible := false)"
TAG,FB30_Data_Record:AOI,Data_Current,"","REAL","","(RADIX := Float, Usage := Input, ExternalAccess := Read/Write, Required := true, Visible := true)"
TAG,FB30_Data_Record:AOI,OS01_Storage_Bit,"","BOOL","","(RADIX := Decimal, Usage := Local, ExternalAccess := None)"
TAG,FB30_Data_Record:AOI,OS01_Output_Bit,"","BOOL","","(RADIX := Decimal, Usage := Local, ExternalAccess := None)"
TAG,FB30_Data_Record:AOI,OS02_Storage_Bit,"","BOOL","","(RADIX := Decimal, Usage := Local, ExternalAccess := None)"
TAG,FB30_Data_Record:AOI,OS02_Output_Bit,"","BOOL","","(RADIX := Decimal, Usage := Local, ExternalAccess := None)"
TAG,FB30_Data_Record:AOI,ONS_Bit1,"","BOOL","","(RADIX := Decimal, Usage := Local, ExternalAccess := None)"
TAG,FB30_Data_Record:AOI,Cycle_Time_Current_Real,"","REAL","","(RADIX := Float, Usage := Local, ExternalAccess := None)"
TYPE,SCOPE,NAME,DESCRIPTION,DATATYPE,SPECIFIER,ATTRIBUTES
TAG,Fill_Dose:AOI,Custom_Group_2,"","DINT","","(RADIX := Binary, Usage := Input, ExternalAccess := Read/Write, Required := true, Visible := true)"
TAG,Fill_Dose:AOI,Custom_Group_1,"","DINT","","(RADIX := Binary, Usage := Input, ExternalAccess := Read/Write, Required := true, Visible := true)"
TAG,Fill_Dose:AOI,Alarm_Status,"","DINT","","(RADIX := Decimal, Usage := Output, ExternalAccess := Read/Write, Required := true, Visible := true)"
TAG,Fill_Dose:AOI,Run_Status,"","DINT","","(RADIX := Decimal, Usage := Output, ExternalAccess := Read/Write, Required := true, Visible := true)"
TAG,Fill_Dose:AOI,Status_Command,"","REAL","","(RADIX := Float, Usage := Output, ExternalAccess := Read/Write, Required := true, Visible := true)"
TAG,Fill_Dose:AOI,Status_Response,"","DINT","","(RADIX := Decimal, Usage := Input, ExternalAccess := Read Only, Required := true, Visible := true)"
TAG,Fill_Dose:AOI,MB_Command,"","DINT","","(RADIX := Decimal, Usage := Output, ExternalAccess := Read/Write, Required := true, Visible := true)"
TAG,Fill_Dose:AOI,MB_response,"","DINT","","(RADIX := Decimal, Usage := Input, ExternalAccess := Read Only, Required := true, Visible := true)"
TAG,Fill_Dose:AOI,RUN,"","BOOL","","(RADIX := Decimal, Usage := Output, ExternalAccess := Read Only, Required := false, Visible := true)"
TAG,Fill_Dose:AOI,Complete,"","BOOL","","(RADIX := Decimal, Usage := Output, ExternalAccess := Read/Write, Required := false, Visible := true)"
TAG,Fill_Dose:AOI,Dump,"","BOOL","","(RADIX := Decimal, Usage := Output, ExternalAccess := Read Only, Required := false, Visible := true)"
TAG,Fill_Dose:AOI,Refill,"","BOOL","","(RADIX := Decimal, Usage := Output, ExternalAccess := Read/Write, Required := false, Visible := true)"
TAG,Fill_Dose:AOI,Pause,"","BOOL","","(RADIX := Decimal, Usage := Output, ExternalAccess := Read/Write, Required := false, Visible := true)"
TAG,Fill_Dose:AOI,Feed,"","BOOL","","(RADIX := Decimal, Usage := Output, ExternalAccess := Read Only, Required := false, Visible := true)"
TAG,Fill_Dose:AOI,Fast_Feed,"","BOOL","","(RADIX := Decimal, Usage := Output, ExternalAccess := Read/Write, Required := false, Visible := true)"
TAG,Fill_Dose:AOI,Fine_Feed,"","BOOL","","(RADIX := Decimal, Usage := Output, ExternalAccess := Read/Write, Required := false, Visible := true)"
TAG,Fill_Dose:AOI,Spill,"","BOOL","","(RADIX := Decimal, Usage := Output, ExternalAccess := Read/Write, Required := false, Visible := true)"
TAG,Fill_Dose:AOI,Refill_Upper_Limit,"","BOOL","","(RADIX := Decimal, Usage := Output, ExternalAccess := Read/Write, Required := false, Visible := true)"
TAG,Fill_Dose:AOI,Refill_Lower_Limit,"","BOOL","","(RADIX := Decimal, Usage := Output, ExternalAccess := Read/Write, Required := false, Visible := true)"
TAG,Fill_Dose:AOI,Alarm,"","BOOL","","(RADIX := Decimal, Usage := Output, ExternalAccess := Read/Write, Required := false, Visible := true)"
TAG,Fill_Dose:AOI,Starting_Weight_Invalid,"","BOOL","","(RADIX := Decimal, Usage := Output, ExternalAccess := Read Only, Required := false, Visible := true)"
TAG,Fill_Dose:AOI,Initial_Feed_Timeout,"","BOOL","","(RADIX := Decimal, Usage := Output, ExternalAccess := Read Only, Required := false, Visible := true)"
TAG,Fill_Dose:AOI,Dump_Timeout,"","BOOL","","(RADIX := Decimal, Usage := Output, ExternalAccess := Read Only, Required := false, Visible := true)"
TAG,Fill_Dose:AOI,Autotare_Fault,"","BOOL","","(RADIX := Decimal, Usage := Output, ExternalAccess := Read/Write, Required := false, Visible := true)"
TAG,Fill_Dose:AOI,Filling_Fault,"","BOOL","","(RADIX := Decimal, Usage := Output, ExternalAccess := Read/Write, Required := false, Visible := true)"
TAG,Fill_Dose:AOI,Dosing_Fault,"","BOOL","","(RADIX := Decimal, Usage := Output, ExternalAccess := Read/Write, Required := false, Visible := true)"
TAG,Fill_Dose:AOI,Process_Timeout,"","BOOL","","(RADIX := Decimal, Usage := Output, ExternalAccess := Read/Write, Required := false, Visible := true)"
TAG,Fill_Dose:AOI,Refill_Timeout,"","BOOL","","(RADIX := Decimal, Usage := Output, ExternalAccess := Read/Write, Required := false, Visible := true)"
TAG,Fill_Dose:AOI,Over_Plus_Tol,"","BOOL","","(RADIX := Decimal, Usage := Output, ExternalAccess := Read/Write, Required := false, Visible := true)"
TAG,Fill_Dose:AOI,Under_Min_Tol,"","BOOL","","(RADIX := Decimal, Usage := Output, ExternalAccess := Read/Write, Required := false, Visible := true)"
TAG,Fill_Dose:AOI,Param_Invalid,"","BOOL","","(RADIX := Decimal, Usage := Output, ExternalAccess := Read/Write, Required := false, Visible := true)"
TAG,Fill_Dose:AOI,Param_Logic_Err,"","BOOL","","(RADIX := Decimal, Usage := Output, ExternalAccess := Read/Write, Required := false, Visible := true)"
TAG,Fill_Dose:AOI,MB_Comm_Val,"","REAL","","(RADIX := Float, Usage := Output, ExternalAccess := Read Only, Required := true, Visible := true)"
TAG,Fill_Dose:AOI,Run_Command,"","BOOL","","(RADIX := Decimal, Usage := Input, ExternalAccess := Read/Write, Required := false, Visible := true)"
TAG,Fill_Dose:AOI,Stop_Command,"","BOOL","","(RADIX := Decimal, Usage := Input, ExternalAccess := Read/Write, Required := false, Visible := true)"
TAG,Fill_Dose:AOI,Pause_Command,"","BOOL","","(RADIX := Decimal, Usage := Input, ExternalAccess := Read/Write, Required := false, Visible := true)"
TAG,Fill_Dose:AOI,Reset_Command,"","BOOL","","(RADIX := Decimal, Usage := Input, ExternalAccess := Read Only, Required := false, Visible := true)"
TAG,Fill_Dose:AOI,Work_Mode_Config,"2","REAL","","(RADIX := Float, Usage := InOut, Constant := false, Required := true, Visible := true)"
TAG,Fill_Dose:AOI,Feed_Speeds_Config,"","REAL","","(RADIX := Float, Usage := InOut, Constant := false, Required := true, Visible := true)"
TAG,Fill_Dose:AOI,Output_Type_Config,"","REAL","","(RADIX := Float, Usage := InOut, Constant := false, Required := true, Visible := true)"
TAG,Fill_Dose:AOI,Complete_Mode_Config,"","REAL","","(RADIX := Float, Usage := InOut, Constant := false, Required := true, Visible := true)"
TAG,Fill_Dose:AOI,Target_Weight_Config,"","REAL","","(RADIX := Float, Usage := InOut, Constant := false, Required := true, Visible := true)"
TAG,Fill_Dose:AOI,Spill_Weight_Config,"","REAL","","(RADIX := Float, Usage := InOut, Constant := false, Required := true, Visible := true)"
TAG,Fill_Dose:AOI,Feed_Weight_Config,"","REAL","","(RADIX := Float, Usage := InOut, Constant := false, Required := true, Visible := true)"
TAG,Fill_Dose:AOI,Fast_Feed_Weight_Config,"","REAL","","(RADIX := Float, Usage := InOut, Constant := false, Required := true, Visible := true)"
TAG,Fill_Dose:AOI,Heel_Weight_Config,"","REAL","","(RADIX := Float, Usage := InOut, Constant := false, Required := true, Visible := true)"
TAG,Fill_Dose:AOI,Tolerance_Plus_Config,"","REAL","","(RADIX := Float, Usage := InOut, Constant := false, Required := true, Visible := true)"
TAG,Fill_Dose:AOI,Tolerance_Minus_Config,"","REAL","","(RADIX := Float, Usage := InOut, Constant := false, Required := true, Visible := true)"
TAG,Fill_Dose:AOI,Upper_Limit_Weight_Config,"","REAL","","(RADIX := Float, Usage := InOut, Constant := false, Required := true, Visible := true)"
TAG,Fill_Dose:AOI,Lower_Limit_Weight_Config,"","REAL","","(RADIX := Float, Usage := InOut, Constant := false, Required := true, Visible := true)"
TAG,Fill_Dose:AOI,Container_Tare_Max_Config,"","REAL","","(RADIX := Float, Usage := InOut, Constant := false, Required := true, Visible := true)"
TAG,Fill_Dose:AOI,Container_Tare_Min_Config,"","REAL","","(RADIX := Float, Usage := InOut, Constant := false, Required := true, Visible := true)"
TAG,Fill_Dose:AOI,Inhibit_Time_Config,"","REAL","","(RADIX := Float, Usage := InOut, Constant := false, Required := true, Visible := true)"
TAG,Fill_Dose:AOI,Stability_Timeout_Config,"","REAL","","(RADIX := Float, Usage := InOut, Constant := false, Required := true, Visible := true)"
TAG,Fill_Dose:AOI,Complete_Time_Config,"","REAL","","(RADIX := Float, Usage := InOut, Constant := false, Required := true, Visible := true)"
TAG,Fill_Dose:AOI,Process_Timeout_Config,"","REAL","","(RADIX := Float, Usage := InOut, Constant := false, Required := true, Visible := true)"
TAG,Fill_Dose:AOI,Filling_Dosing_Weight,"","REAL","","(RADIX := Float, Usage := Output, ExternalAccess := Read Only, Required := false, Visible := true)"
TAG,Fill_Dose:AOI,Coarse_Feed_Out,"","BOOL","","(RADIX := Decimal, Usage := Output, ExternalAccess := Read Only, Required := false, Visible := true)"
TAG,Fill_Dose:AOI,Write_Config_Parameters,"","BOOL","","(RADIX := Decimal, Usage := Input, ExternalAccess := Read Only, Required := false, Visible := true)"
TAG,Fill_Dose:AOI,Read_Config_Parameters,"","BOOL","","(RADIX := Decimal, Usage := Input, ExternalAccess := Read Only, Required := false, Visible := true)"
TAG,Fill_Dose:AOI,Measuring_Value,"","REAL","","(RADIX := Float, Usage := Input, ExternalAccess := Read Only, Required := true, Visible := true)"
TAG,Fill_Dose:AOI,Jog,"","BOOL","","(RADIX := Decimal, Usage := Output, ExternalAccess := Read Only, Required := false, Visible := true)"
TAG,Fill_Dose:AOI,Not_Enough_Material,"","BOOL","","(RADIX := Decimal, Usage := Output, ExternalAccess := Read Only, Required := false, Visible := true)"
TAG,Fill_Dose:AOI,Max_Jog_Cycles,"","BOOL","","(RADIX := Decimal, Usage := Output, ExternalAccess := Read Only, Required := false, Visible := true)"
TAG,Fill_Dose:AOI,Prev_Control_Command,"","DINT","","(RADIX := Decimal, Usage := Local, ExternalAccess := None)"
TAG,Fill_Dose:AOI,ons,"","DINT","","(RADIX := Decimal, Usage := Local, ExternalAccess := None)"
TAG,Fill_Dose:AOI,Read_Config_Step,"","DINT","","(RADIX := Decimal, Usage := Local, ExternalAccess := None)"
TAG,Fill_Dose:AOI,Write_Config_Step,"","DINT","","(RADIX := Decimal, Usage := Local, ExternalAccess := None)"
TYPE,SCOPE,NAME,DESCRIPTION,DATATYPE,SPECIFIER,ATTRIBUTES
TAG,Motor_WithContactor:AOI,HMI_AutoMode,"","BOOL","","(RADIX := Decimal, Usage := Input, ExternalAccess := Read/Write, Required := true, Visible := true)"
TAG,Motor_WithContactor:AOI,HMI_AutoStart,"","BOOL","","(RADIX := Decimal, Usage := Input, ExternalAccess := Read/Write, Required := true, Visible := true)"
TAG,Motor_WithContactor:AOI,HMI_ManualMode,"","BOOL","","(RADIX := Decimal, Usage := Input, ExternalAccess := Read/Write, Required := false, Visible := false)"
TAG,Motor_WithContactor:AOI,HMI_ManualStart,"","BOOL","","(RADIX := Decimal, Usage := Input, ExternalAccess := Read/Write, Required := false, Visible := true)"
TAG,Motor_WithContactor:AOI,HMI_ManualStop,"","BOOL","","(RADIX := Decimal, Usage := Input, ExternalAccess := Read/Write, Required := false, Visible := true)"
TAG,Motor_WithContactor:AOI,In_SupplyOn,"","BOOL","","(RADIX := Decimal, Usage := Input, ExternalAccess := Read/Write, Required := true, Visible := true)"
TAG,Motor_WithContactor:AOI,In_OutputtOn,"","BOOL","","(RADIX := Decimal, Usage := Input, ExternalAccess := Read/Write, Required := true, Visible := true)"
TAG,Motor_WithContactor:AOI,Out_MotorOn,"","BOOL","","(RADIX := Decimal, Usage := Output, ExternalAccess := Read/Write, Required := true, Visible := true)"
TAG,Motor_WithContactor:AOI,Alarm_MotorSupplyDisconnected,"","BOOL","","(RADIX := Decimal, Usage := Output, ExternalAccess := Read/Write, Required := false, Visible := true)"
TAG,Motor_WithContactor:AOI,Alarm_MotorContactorFault,"","BOOL","","(RADIX := Decimal, Usage := Output, ExternalAccess := Read/Write, Required := false, Visible := true)"
TAG,Motor_WithContactor:AOI,AutomaticMode,"","BOOL","","(RADIX := Decimal, Usage := Local, ExternalAccess := Read/Write)"
TAG,Motor_WithContactor:AOI,ManualMode,"","BOOL","","(RADIX := Decimal, Usage := Local, ExternalAccess := Read/Write)"
TAG,Motor_WithContactor:AOI,AutoMotorOn,"","BOOL","","(RADIX := Decimal, Usage := Local, ExternalAccess := Read/Write)"
TAG,Motor_WithContactor:AOI,ManualMotorOn,"","BOOL","","(RADIX := Decimal, Usage := Local, ExternalAccess := Read/Write)"
TAG,Motor_WithContactor:AOI,Timer,"","TIMER","","(Usage := Local, ExternalAccess := Read/Write)"
TYPE,SCOPE,NAME,DESCRIPTION,DATATYPE,SPECIFIER,ATTRIBUTES
TAG,PTP_Drives_Festo_EIP:AOI,I_O_I_n_t_e_r_f_a_c_e,"","DINT","","(RADIX := Decimal, Usage := Input, ExternalAccess := None, Required := false, Visible := true)"
TAG,PTP_Drives_Festo_EIP:AOI,DRV_Status,"","INT[12]","","(RADIX := Decimal, Usage := InOut, Constant := false, Required := true, Visible := true)"
TAG,PTP_Drives_Festo_EIP:AOI,DRV_Control,"","INT[12]","","(RADIX := Decimal, Usage := InOut, Constant := false, Required := true, Visible := true)"
TAG,PTP_Drives_Festo_EIP:AOI,C_o_n_t_r_o_l_A_r_e_a,"","DINT","","(RADIX := Decimal, Usage := Input, ExternalAccess := None, Required := false, Visible := true)"
TAG,PTP_Drives_Festo_EIP:AOI,ModePos,"","INT","","(RADIX := Decimal, Usage := Input, ExternalAccess := Read/Write, Required := false, Visible := true)"
TAG,PTP_Drives_Festo_EIP:AOI,EnableAxis,"","BOOL","","(RADIX := Decimal, Usage := Input, ExternalAccess := Read/Write, Required := false, Visible := true)"
TAG,PTP_Drives_Festo_EIP:AOI,CancelTraversing,"","BOOL","","(RADIX := Decimal, Usage := Input, ExternalAccess := Read/Write, Required := false, Visible := true)"
TAG,PTP_Drives_Festo_EIP:AOI,IntermediateStop,"","BOOL","","(RADIX := Decimal, Usage := Input, ExternalAccess := Read/Write, Required := false, Visible := true)"
TAG,PTP_Drives_Festo_EIP:AOI,Positive,"","BOOL","","(RADIX := Decimal, Usage := Input, ExternalAccess := Read/Write, Required := false, Visible := true)"
TAG,PTP_Drives_Festo_EIP:AOI,Negative,"","BOOL","","(RADIX := Decimal, Usage := Input, ExternalAccess := Read/Write, Required := false, Visible := true)"
TAG,PTP_Drives_Festo_EIP:AOI,Jog1,"","BOOL","","(RADIX := Decimal, Usage := Input, ExternalAccess := Read/Write, Required := false, Visible := true)"
TAG,PTP_Drives_Festo_EIP:AOI,Jog2,"","BOOL","","(RADIX := Decimal, Usage := Input, ExternalAccess := Read/Write, Required := false, Visible := true)"
TAG,PTP_Drives_Festo_EIP:AOI,FlyRef,"","BOOL","","(RADIX := Decimal, Usage := Input, ExternalAccess := Read/Write, Required := false, Visible := true)"
TAG,PTP_Drives_Festo_EIP:AOI,AckError,"","BOOL","","(RADIX := Decimal, Usage := Input, ExternalAccess := None, Required := false, Visible := true)"
TAG,PTP_Drives_Festo_EIP:AOI,ExecuteMode,"","BOOL","","(RADIX := Decimal, Usage := Input, ExternalAccess := Read/Write, Required := false, Visible := true)"
TAG,PTP_Drives_Festo_EIP:AOI,Position,"","DINT","","(RADIX := Decimal, Usage := Input, ExternalAccess := Read/Write, Required := false, Visible := true)"
TAG,PTP_Drives_Festo_EIP:AOI,Velocity,"","DINT","","(RADIX := Decimal, Usage := Input, ExternalAccess := Read/Write, Required := false, Visible := true)"
TAG,PTP_Drives_Festo_EIP:AOI,OverV,"","INT","","(RADIX := Decimal, Usage := Input, ExternalAccess := Read/Write, Required := false, Visible := true)"
TAG,PTP_Drives_Festo_EIP:AOI,OverAcc,"","INT","","(RADIX := Decimal, Usage := Input, ExternalAccess := Read/Write, Required := false, Visible := true)"
TAG,PTP_Drives_Festo_EIP:AOI,OverDec,"","INT","","(RADIX := Decimal, Usage := Input, ExternalAccess := Read/Write, Required := false, Visible := true)"
TAG,PTP_Drives_Festo_EIP:AOI,ConfigEPos,"","DINT","","(RADIX := Decimal, Usage := Input, ExternalAccess := Read/Write, Required := false, Visible := true)"
TAG,PTP_Drives_Festo_EIP:AOI,BaseSpeedValue,"","REAL","","(RADIX := Float, Usage := Input, ExternalAccess := Read/Write, Required := false, Visible := true)"
TAG,PTP_Drives_Festo_EIP:AOI,ConnectionFaulted,"","BOOL","","(RADIX := Decimal, Usage := Input, ExternalAccess := Read/Write, Required := true, Visible := true)"
TAG,PTP_Drives_Festo_EIP:AOI,M_o_n_i_t_o_r_A_r_e_a,"","DINT","","(RADIX := Decimal, Usage := Input, ExternalAccess := None, Required := false, Visible := true)"
TAG,PTP_Drives_Festo_EIP:AOI,AxisEnabled,"","BOOL","","(RADIX := Decimal, Usage := Output, ExternalAccess := None, Required := false, Visible := true)"
TAG,PTP_Drives_Festo_EIP:AOI,AxisPosOk,"","BOOL","","(RADIX := Decimal, Usage := Output, ExternalAccess := None, Required := false, Visible := true)"
TAG,PTP_Drives_Festo_EIP:AOI,AxisSpFixed,"","BOOL","","(RADIX := Decimal, Usage := Output, ExternalAccess := Read Only, Required := false, Visible := true)"
TAG,PTP_Drives_Festo_EIP:AOI,AxisAckSetpoint,"","BOOL","","(RADIX := Decimal, Usage := Output, ExternalAccess := Read/Write, Required := false, Visible := true)"
TAG,PTP_Drives_Festo_EIP:AOI,AxisRef,"","BOOL","","(RADIX := Decimal, Usage := Output, ExternalAccess := Read Only, Required := false, Visible := true)"
TAG,PTP_Drives_Festo_EIP:AOI,AxisWarn,"","BOOL","","(RADIX := Decimal, Usage := Output, ExternalAccess := Read Only, Required := false, Visible := true)"
TAG,PTP_Drives_Festo_EIP:AOI,AxisError,"","BOOL","","(RADIX := Decimal, Usage := Output, ExternalAccess := Read Only, Required := false, Visible := true)"
TAG,PTP_Drives_Festo_EIP:AOI,Lockout,"","BOOL","","(RADIX := Decimal, Usage := Output, ExternalAccess := Read Only, Required := false, Visible := true)"
TAG,PTP_Drives_Festo_EIP:AOI,ActVelocity,"","REAL","","(RADIX := Float, Usage := Output, ExternalAccess := Read Only, Required := false, Visible := true)"
TAG,PTP_Drives_Festo_EIP:AOI,ActPosition,"","DINT","","(RADIX := Decimal, Usage := Output, ExternalAccess := Read Only, Required := false, Visible := true)"
TAG,PTP_Drives_Festo_EIP:AOI,ActMode,"","INT","","(RADIX := Decimal, Usage := Output, ExternalAccess := Read Only, Required := false, Visible := true)"
TAG,PTP_Drives_Festo_EIP:AOI,EposZSW1,"","INT","","(RADIX := Decimal, Usage := Output, ExternalAccess := Read Only, Required := false, Visible := true)"
TAG,PTP_Drives_Festo_EIP:AOI,EposZSW2,"","INT","","(RADIX := Decimal, Usage := Output, ExternalAccess := Read Only, Required := false, Visible := true)"
TAG,PTP_Drives_Festo_EIP:AOI,ActWarn,"","INT","","(RADIX := Decimal, Usage := Output, ExternalAccess := Read Only, Required := false, Visible := true)"
TAG,PTP_Drives_Festo_EIP:AOI,ActFault,"","INT","","(RADIX := Decimal, Usage := Output, ExternalAccess := Read Only, Required := false, Visible := true)"
TAG,PTP_Drives_Festo_EIP:AOI,Error,"","BOOL","","(RADIX := Decimal, Usage := Output, ExternalAccess := Read Only, Required := false, Visible := true)"
TAG,PTP_Drives_Festo_EIP:AOI,Status,"","INT","","(RADIX := Hex, Usage := Output, ExternalAccess := Read Only, Required := false, Visible := true)"
TAG,PTP_Drives_Festo_EIP:AOI,Execute_Command,"","BOOL","","(RADIX := Decimal, Usage := Output, ExternalAccess := Read Only, Required := false, Visible := false)"
TYPE,SCOPE,NAME,DESCRIPTION,DATATYPE,SPECIFIER,ATTRIBUTES
TAG,SAI_IND_WeightProc:AOI,WeightCmd,"","INT","","(RADIX := Decimal, Usage := Input, ExternalAccess := Read/Write, Required := false, Visible := true)"
TAG,SAI_IND_WeightProc:AOI,TareImmediate,"","BOOL","","(RADIX := Decimal, Usage := Input, ExternalAccess := Read/Write, Required := false, Visible := true)"
TAG,SAI_IND_WeightProc:AOI,TareStable,"","BOOL","","(RADIX := Decimal, Usage := Input, ExternalAccess := Read/Write, Required := false, Visible := true)"
TAG,SAI_IND_WeightProc:AOI,ZeroImmediate,"","BOOL","","(RADIX := Decimal, Usage := Input, ExternalAccess := Read/Write, Required := false, Visible := true)"
TAG,SAI_IND_WeightProc:AOI,ZeroStable,"","BOOL","","(RADIX := Decimal, Usage := Input, ExternalAccess := Read/Write, Required := false, Visible := true)"
TAG,SAI_IND_WeightProc:AOI,PreTareValue,"","REAL","","(RADIX := Float, Usage := Input, ExternalAccess := Read/Write, Required := false, Visible := true)"
TAG,SAI_IND_WeightProc:AOI,PreTare,"","BOOL","","(RADIX := Decimal, Usage := Input, ExternalAccess := Read/Write, Required := false, Visible := true)"
TAG,SAI_IND_WeightProc:AOI,ClearTare,"","BOOL","","(RADIX := Decimal, Usage := Input, ExternalAccess := Read/Write, Required := false, Visible := true)"
TAG,SAI_IND_WeightProc:AOI,MB_Value,"","REAL","","(RADIX := Float, Usage := Input, ExternalAccess := Read Only, Required := true, Visible := true)"
TAG,SAI_IND_WeightProc:AOI,MB_Response,"","INT","","(RADIX := Decimal, Usage := Input, ExternalAccess := Read Only, Required := true, Visible := true)"
TAG,SAI_IND_WeightProc:AOI,MB_CmdValue,"","REAL","","(RADIX := Float, Usage := InOut, Constant := false, Required := true, Visible := true)"
TAG,SAI_IND_WeightProc:AOI,MB_Command,"","INT","","(RADIX := Decimal, Usage := Output, ExternalAccess := Read Only, Required := true, Visible := true)"
TAG,SAI_IND_WeightProc:AOI,DataOK,"","BOOL","","(RADIX := Decimal, Usage := Input, ExternalAccess := Read Only, Required := true, Visible := true)"
TAG,SAI_IND_WeightProc:AOI,Motion,"","BOOL","","(RADIX := Decimal, Usage := Input, ExternalAccess := Read Only, Required := true, Visible := true)"
TAG,SAI_IND_WeightProc:AOI,NetMode,"","BOOL","","(RADIX := Decimal, Usage := Input, ExternalAccess := Read/Write, Required := true, Visible := true)"
TAG,SAI_IND_WeightProc:AOI,Alarm,"","BOOL","","(RADIX := Decimal, Usage := Input, ExternalAccess := Read/Write, Required := true, Visible := true)"
TAG,SAI_IND_WeightProc:AOI,RealTimeWeight,"","REAL","","(RADIX := Float, Usage := Output, ExternalAccess := Read Only, Required := false, Visible := true)"
TAG,SAI_IND_WeightProc:AOI,StableWeight,"","REAL","","(RADIX := Float, Usage := Output, ExternalAccess := Read Only, Required := false, Visible := true)"
TAG,SAI_IND_WeightProc:AOI,Done,"","BOOL","","(RADIX := Decimal, Usage := Output, ExternalAccess := Read Only, Required := false, Visible := true)"
TAG,SAI_IND_WeightProc:AOI,Error,"","BOOL","","(RADIX := Decimal, Usage := Output, ExternalAccess := Read Only, Required := false, Visible := true)"
TAG,SAI_IND_WeightProc:AOI,WriteTrigger,"","BOOL","","(RADIX := Decimal, Usage := Local, ExternalAccess := None)"
TAG,SAI_IND_WeightProc:AOI,RestoreTrigger,"","BOOL","","(RADIX := Decimal, Usage := Local, ExternalAccess := None)"
TAG,SAI_IND_WeightProc:AOI,Command,"","INT","","(RADIX := Decimal, Usage := Local, ExternalAccess := None)"
TAG,SAI_IND_WeightProc:AOI,ons,"","DINT","","(RADIX := Decimal, Usage := Local, ExternalAccess := None)"
TAG,SAI_IND_WeightProc:AOI,Prev_WeightCmd,"","DINT","","(RADIX := Decimal, Usage := Local, ExternalAccess := None)"
TYPE,SCOPE,NAME,DESCRIPTION,DATATYPE,SPECIFIER,ATTRIBUTES
TAG,SCP:AOI,Input,"","REAL","","(RADIX := Float, Usage := Input, ExternalAccess := Read/Write, Required := true, Visible := true)"
TAG,SCP:AOI,InputMin,"","REAL","","(RADIX := Float, Usage := Input, ExternalAccess := Read/Write, Required := true, Visible := true)"
TAG,SCP:AOI,InputMax,"","REAL","","(RADIX := Float, Usage := Input, ExternalAccess := Read/Write, Required := true, Visible := true)"
TAG,SCP:AOI,OutputMin,"","REAL","","(RADIX := Float, Usage := Input, ExternalAccess := Read/Write, Required := true, Visible := true)"
TAG,SCP:AOI,OutputMax,"","REAL","","(RADIX := Float, Usage := Input, ExternalAccess := Read/Write, Required := true, Visible := true)"
TAG,SCP:AOI,Output,"","REAL","","(RADIX := Float, Usage := Output, ExternalAccess := Read Only, Required := true, Visible := true)"
TAG,SCP:AOI,OutputVar,"","REAL","","(RADIX := Float, Usage := Output, ExternalAccess := Read/Write, Required := false, Visible := false)"
TAG,SCP:AOI,InputVar,"","REAL","","(RADIX := Float, Usage := Output, ExternalAccess := Read/Write, Required := false, Visible := false)"
TYPE,SCOPE,NAME,DESCRIPTION,DATATYPE,SPECIFIER,ATTRIBUTES
TAG,VALVE_PULSE:AOI,ON_TIME,"","REAL","","(RADIX := Float, Usage := Input, ExternalAccess := Read/Write, Required := false, Visible := true)"
TAG,VALVE_PULSE:AOI,OFF_TIME,"","REAL","","(RADIX := Float, Usage := Input, ExternalAccess := Read/Write, Required := false, Visible := true)"
TAG,VALVE_PULSE:AOI,Auto_Man,"","BOOL","","(RADIX := Decimal, Usage := Input, ExternalAccess := Read/Write, Required := false, Visible := false)"
TAG,VALVE_PULSE:AOI,ON_PULSE,"","BOOL","","(RADIX := Decimal, Usage := Output, ExternalAccess := Read Only, Required := false, Visible := true)"
TAG,VALVE_PULSE:AOI,OFF_PULSE,"","BOOL","","(RADIX := Decimal, Usage := Output, ExternalAccess := Read Only, Required := false, Visible := true)"
TAG,VALVE_PULSE:AOI,Enable,"","BOOL","","(RADIX := Decimal, Usage := Input, ExternalAccess := Read/Write, Required := false, Visible := false)"
TAG,VALVE_PULSE:AOI,Enable1,"","BOOL","","(RADIX := Decimal, Usage := Input, ExternalAccess := Read/Write, Required := false, Visible := false)"
TAG,VALVE_PULSE:AOI,ON_TIMER,"","TIMER","","(Usage := Local, ExternalAccess := Read/Write)"
TAG,VALVE_PULSE:AOI,OFF_TIMER,"","TIMER","","(Usage := Local, ExternalAccess := None)"
TAG,VALVE_PULSE:AOI,Sts_Auto_En,"","BOOL","","(RADIX := Decimal, Usage := Local, ExternalAccess := None)"
TAG,VALVE_PULSE:AOI,Sts_Man_En,"","BOOL","","(RADIX := Decimal, Usage := Local, ExternalAccess := None)"
TAG,VALVE_PULSE:AOI,Cfg_Desc,"","STRING_50","","(Usage := Local, ExternalAccess := Read/Write)"
TAG,VALVE_PULSE:AOI,Auto_Mode,"","BOOL","","(RADIX := Decimal, Usage := Local, ExternalAccess := None)"
TAG,VALVE_PULSE:AOI,Manul_Mode,"","BOOL","","(RADIX := Decimal, Usage := Local, ExternalAccess := Read Only)"
TYPE,SCOPE,ROUTINE,COMMENT,OWNING_ELEMENT,LOCATION
RCOMMENT,"MainProgram","MainRoutine","DLR Diagnostics Faceplate Add-On Instruction $NVer 3.03$N","AOI(DLR01_AOI,DLR01_Parameters,DLR01_Path,DLR01_Get_All,DLR01_Get_Sgl,DLR01_Clear_Count,DLR01_Reset,DLR01_Clr_Rapid_Flt)","0"
TYPE,SCOPE,ROUTINE,COMMENT,OWNING_ELEMENT,LOCATION
RCOMMENT,"P1000_Main_Program_Z1","R1010_Main_Logic","Sequence Auto Manual$N","OTE(R1010_MainLogic.ManualMode)","0"
RCOMMENT,"P1000_Main_Program_Z1","R1010_Main_Logic","Sequence Interlocks","OTE(R1010_MainLogic.Safety_Healthy)","1"
RCOMMENT,"P1000_Main_Program_Z1","R1010_Main_Logic","Sequence Hold","OTE(R1010_MainLogic.Hold)","2"
RCOMMENT,"P1000_Main_Program_Z1","R1010_Main_Logic"," Heating Side Temprature set point To Start Chopper Cycle","SUB(HMI_Heating_Zone_Temp_SP,Chopper_Heating_Zn_Temp_Low_Tol_SP,Chopper_Heating_Zn_Temp_Low_SP)","3"
RCOMMENT,"P1000_Main_Program_Z1","R1010_Main_Logic"," Cooling Side Temprature set point To Start Chopper Cycle","SUB(HMI_Cooling_Zone_Temp_SP,Chopper_Cooling_Zn_Temp_Low_Tol_SP,Chopper_Cooling_Zn_Temp_Low_SP)","5"
RCOMMENT,"P1000_Main_Program_Z1","R1010_Main_Logic","Chopper Ready For Production","OTE(Temprature_In_Range_For_Chopper_Start)","7"
RCOMMENT,"P1000_Main_Program_Z1","R1020_Chopper_1_Cycle","Sequence Auto Manual$N","OTE(R1020_Chopper_1_Cycle.ManualMode)","0"
RCOMMENT,"P1000_Main_Program_Z1","R1020_Chopper_1_Cycle","Sequence Interlocks","OTE(R1020_Chopper_1_Cycle.Safety_Healthy)","1"
RCOMMENT,"P1000_Main_Program_Z1","R1020_Chopper_1_Cycle","Sequence Hold","OTE(R1020_Chopper_1_Cycle.Hold)","2"
RCOMMENT,"P1000_Main_Program_Z1","R1020_Chopper_1_Cycle","Dryer Conveyor Motor","Drive(Z1_Drive01_CM001,Z1_System.All_Safety_Healthy,R1020_Chopper_1_Cycle.AutoMode,Z1_System.FaultClear,Z1_Drive01_CM001.In_Disconnector_FB,Z1_CM001:I,Z1_CM001:O,SystemOneSecOnOffBit,Z1_CM001)","7"
RCOMMENT,"P1000_Main_Program_Z1","R1020_Chopper_1_Cycle","Chopper-1 PU Cylinder-1","(Z1_PV01_Chopper_1_PU1_Fwd_Rev_Cyl,Z1_System.All_Safety_Healthy,1,R1020_Chopper_1_Cycle.AutoMode,Z1_PV01_Chopper_1_PU1_Fwd_Rev_Cyl.In_Pos01_RS,1,RIO01_DO[10],RIO01_DO[11])","10"
RCOMMENT,"P1000_Main_Program_Z1","R1020_Chopper_1_Cycle","Chopper-1 Pressure Roller Cylinder ","(Z1_PV03_Chopper_1_Roller_Fwd_Rev_Cyl,Z1_System.All_Safety_Healthy,1,R1020_Chopper_1_Cycle.AutoMode,1,1,RIO01_DO[14],RIO01_DO[15])","17"
RCOMMENT,"P1000_Main_Program_Z1","R1030_Chopper_2_Cycle","Sequence Auto Manual$N","OTE(R1030_Chopper_2_Cycle.ManualMode)","0"
RCOMMENT,"P1000_Main_Program_Z1","R1030_Chopper_2_Cycle","Sequence Interlocks","OTE(R1030_Chopper_2_Cycle.Safety_Healthy)","2"
RCOMMENT,"P1000_Main_Program_Z1","R1030_Chopper_2_Cycle","Sequence Hold","OTE(R1030_Chopper_2_Cycle.Hold)","3"
RCOMMENT,"P1000_Main_Program_Z1","R1030_Chopper_2_Cycle","CM002","Drive(Z1_Drive02_CM002,Z1_System.All_Safety_Healthy,R1030_Chopper_2_Cycle.AutoMode,Z1_System.FaultClear,Z1_Drive02_CM002.In_Disconnector_FB,Z1_CM002:I,Z1_CM002:O,SystemOneSecOnOffBit,Z1_CM002)","7"
RCOMMENT,"P1000_Main_Program_Z1","R1030_Chopper_2_Cycle","Chopper-2 PU Cylinder-1","(Z1_PV04_Chopper_2_PU1_Fwd_Rev_Cyl,Z1_System.All_Safety_Healthy,1,R1030_Chopper_2_Cycle.AutoMode,Z1_PV04_Chopper_2_PU1_Fwd_Rev_Cyl.In_Pos01_RS,1,RIO01_DO[18],RIO01_DO[19])","10"
RCOMMENT,"P1000_Main_Program_Z1","R1030_Chopper_2_Cycle","Chopper-2 Pressure Roller Cylinder ","(Z1_PV06_Chopper_2_Roller_Fwd_Rev_Cyl,Z1_System.All_Safety_Healthy,1,R1030_Chopper_2_Cycle.AutoMode,1,1,RIO01_DO[22],RIO01_DO[23])","17"
RCOMMENT,"P1000_Main_Program_Z1","R1500_Z01_VFD","ASCR001","Drive(Z1_Drive03_ASCR001,Z1_System.All_Safety_Healthy,Z1_System.AutoMode,Z1_System.FaultClear,Z1_Drive03_ASCR001.In_Disconnector_FB,Z1_ASCR001:I,Z1_ASCR001:O,SystemOneSecOnOffBit,Z1_ASCR001)","0"
RCOMMENT,"P1000_Main_Program_Z1","R1500_Z01_VFD","SM001","Drive(Z1_Drive04_SM001,Z1_System.All_Safety_Healthy,Z1_System.AutoMode,Z1_System.FaultClear,Z1_Drive04_SM001.In_Disconnector_FB,Z1_SM001:I,Z1_SM001:O,SystemOneSecOnOffBit,Z1_SM001)","7"
TYPE,SCOPE,ROUTINE,COMMENT,OWNING_ELEMENT,LOCATION
RCOMMENT,"P100_Common_program","R100_All_Routine_Call_Block","==========================================================================$NSystem Clock Time$N==========================================================================","OTE(System_250ms_Bit)","2"
RCOMMENT,"P100_Common_program","R101_Safety","Z3","OTE(RIO03_DO[29])","0"
RCOMMENT,"P100_Common_program","R101_Safety","Z2","OTE(Z2_System.All_Safety_Healthy)","2"
RCOMMENT,"P100_Common_program","R101_Safety","Z1","OTE(Z1_System.All_Safety_Healthy)","4"
RCOMMENT,"P100_Common_program","R102_Network","/////////////////////////////////////////////////////////////////////////////////////$NNetwork Status AENTR IO 01$N/////////////////////////////////////////////////////////////////////////////////////","OTE(Z3_Network_Healthy[0])","3"
RCOMMENT,"P100_Common_program","R102_Network","/////////////////////////////////////////////////////////////////////////////////////$NNetwork Status IBC01$N/////////////////////////////////////////////////////////////////////////////////////","OTE(Z3_Network_Healthy[1])","4"
RCOMMENT,"P100_Common_program","R102_Network","/////////////////////////////////////////////////////////////////////////////////////$NNetwork Status MSV01$N/////////////////////////////////////////////////////////////////////////////////////","OTE(Z3_Network_Healthy[2])","5"
RCOMMENT,"P100_Common_program","R102_Network","/////////////////////////////////////////////////////////////////////////////////////$NNetwork Status MSV02$N/////////////////////////////////////////////////////////////////////////////////////","OTE(Z3_Network_Healthy[3])","6"
RCOMMENT,"P100_Common_program","R102_Network","/////////////////////////////////////////////////////////////////////////////////////$NNetwork Status BFC01$N/////////////////////////////////////////////////////////////////////////////////////","OTE(Z3_Network_Healthy[4])","7"
RCOMMENT,"P100_Common_program","R102_Network","/////////////////////////////////////////////////////////////////////////////////////$NNetwork Status BSSC01$N/////////////////////////////////////////////////////////////////////////////////////","OTE(Z3_Network_Healthy[5])","8"
RCOMMENT,"P100_Common_program","R102_Network","/////////////////////////////////////////////////////////////////////////////////////$NNetwork Status BTC01$N/////////////////////////////////////////////////////////////////////////////////////","OTE(Z3_Network_Healthy[6])","9"
RCOMMENT,"P100_Common_program","R102_Network","/////////////////////////////////////////////////////////////////////////////////////$NNetwork Status BFBC01$N/////////////////////////////////////////////////////////////////////////////////////","OTE(Z3_Network_Healthy[7])","10"
RCOMMENT,"P100_Common_program","R102_Network","/////////////////////////////////////////////////////////////////////////////////////$NNetwork Status BFTC01$N/////////////////////////////////////////////////////////////////////////////////////","OTE(Z3_Network_Healthy[8])","11"
RCOMMENT,"P100_Common_program","R102_Network","/////////////////////////////////////////////////////////////////////////////////////$NNetwork Status MDC01$N/////////////////////////////////////////////////////////////////////////////////////","OTE(Z3_Network_Healthy[9])","12"
RCOMMENT,"P100_Common_program","R102_Network","/////////////////////////////////////////////////////////////////////////////////////$NNetwork Status BRC01$N/////////////////////////////////////////////////////////////////////////////////////","OTE(Z3_Network_Healthy[10])","13"
RCOMMENT,"P100_Common_program","R102_Network","/////////////////////////////////////////////////////////////////////////////////////$NNetwork Status Weighing Indicator$N/////////////////////////////////////////////////////////////////////////////////////","OTE(Z3_Network_Healthy[11])","14"
RCOMMENT,"P100_Common_program","R102_Network","Z2","NOP()","15"
RCOMMENT,"P100_Common_program","R102_Network","/////////////////////////////////////////////////////////////////////////////////////$NNetwork Status RIO02$N/////////////////////////////////////////////////////////////////////////////////////","OTE(Z2_Network_Healthy[0])","19"
RCOMMENT,"P100_Common_program","R102_Network","/////////////////////////////////////////////////////////////////////////////////////$NNetwork Status DHIB01$N/////////////////////////////////////////////////////////////////////////////////////","OTE(Z2_Network_Healthy[1])","20"
RCOMMENT,"P100_Common_program","R102_Network","/////////////////////////////////////////////////////////////////////////////////////$NNetwork Status DHDC01$N/////////////////////////////////////////////////////////////////////////////////////","OTE(Z2_Network_Healthy[2])","21"
RCOMMENT,"P100_Common_program","R102_Network","/////////////////////////////////////////////////////////////////////////////////////$NNetwork Status DCIB01$N/////////////////////////////////////////////////////////////////////////////////////","OTE(Z2_Network_Healthy[3])","22"
RCOMMENT,"P100_Common_program","R102_Network","/////////////////////////////////////////////////////////////////////////////////////$NNetwork Status DCDC01$N/////////////////////////////////////////////////////////////////////////////////////","OTE(Z2_Network_Healthy[4])","23"
RCOMMENT,"P100_Common_program","R102_Network","/////////////////////////////////////////////////////////////////////////////////////$NNetwork Status DCM01$N/////////////////////////////////////////////////////////////////////////////////////","OTE(Z2_Network_Healthy[5])","24"
RCOMMENT,"P100_Common_program","R102_Network","/////////////////////////////////////////////////////////////////////////////////////$NNetwork Status DOVF01$N/////////////////////////////////////////////////////////////////////////////////////","OTE(Z2_Network_Healthy[6])","25"
RCOMMENT,"P100_Common_program","R102_Network","/////////////////////////////////////////////////////////////////////////////////////$NNetwork Status RIO01$N/////////////////////////////////////////////////////////////////////////////////////","OTE(Z1_Network_Healthy[0])","29"
RCOMMENT,"P100_Common_program","R102_Network","/////////////////////////////////////////////////////////////////////////////////////$NNetwork Status CM001$N/////////////////////////////////////////////////////////////////////////////////////","OTE(Z1_Network_Healthy[1])","30"
RCOMMENT,"P100_Common_program","R102_Network","/////////////////////////////////////////////////////////////////////////////////////$NNetwork Status CM002$N/////////////////////////////////////////////////////////////////////////////////////","OTE(Z1_Network_Healthy[2])","31"
RCOMMENT,"P100_Common_program","R102_Network","/////////////////////////////////////////////////////////////////////////////////////$NNetwork Status ASCR001$N/////////////////////////////////////////////////////////////////////////////////////","OTE(Z1_Network_Healthy[3])","32"
RCOMMENT,"P100_Common_program","R102_Network","/////////////////////////////////////////////////////////////////////////////////////$NNetwork Status SM001$N/////////////////////////////////////////////////////////////////////////////////////","OTE(Z1_Network_Healthy[4])","33"
RCOMMENT,"P100_Common_program","R103_HMI","///////////////////////////////////////////////////////////////////////$NZ1 Auto Mode  Selection Logic$N///////////////////////////////////////////////////////////////////////","Machine(Z1_FB_Machine,Z1_FB_Machine.In_System_Stop_PB,RIO01_DI[4],Z1_System.All_Safety_Healthy,RIO01_DI[3],RIO01_DI[1],Z1_System_Prestart,Z1_System.ManualMode,Z1_System.AutoModeSelected,Z1_System.AutoMode,RIO01_DO[7],RIO01_DO[6],RIO01_DO[5],Z1_System.Healthy,System_1_Sec_Bit)","0"
RCOMMENT,"P100_Common_program","R103_HMI","Z1 Fault reset","OTE(Z1_System.FaultClear)","2"
RCOMMENT,"P100_Common_program","R103_HMI","///////////////////////////////////////////////////////////////////////$NZ2 Auto Mode  Selection Logic$N///////////////////////////////////////////////////////////////////////","Machine(Z2_FB_Machine,Z2_FB_Machine.In_System_Stop_PB,RIO02_DI[4],Z2_System.All_Safety_Healthy,RIO02_DI[3],RIO02_DI[1],Z2_System_Prestart,Z2_System.ManualMode,Z2_System.AutoModeSelected,Z2_System.AutoMode,RIO02_DO[7],RIO02_DO[6],RIO02_DO[5],Z2_System.Healthy,System_1_Sec_Bit)","4"
RCOMMENT,"P100_Common_program","R103_HMI","Z2 Fault reset","OTE(Z2_System.FaultClear)","6"
RCOMMENT,"P100_Common_program","R103_HMI","///////////////////////////////////////////////////////////////////////$NZ3 Auto Mode  Selection Logic$N///////////////////////////////////////////////////////////////////////","Machine(Z3_FB_Machine,RIO03_DI[2],RIO03_DI[4],Z3_System.All_Safety_Healthy,RIO03_DI[3],RIO03_DI[1],Z3_System_Prestart,Z3_System.ManualMode,Z3_System.AutoModeSelected,Z3_System.AutoMode,RIO03_DO[7],RIO03_DO[6],RIO03_DO[5],Z3_System.Healthy,System_1_Sec_Bit)","8"
RCOMMENT,"P100_Common_program","R103_HMI","Z3 Prestart Condition","OTE(Z3_System_Prestart)","9"
RCOMMENT,"P100_Common_program","R103_HMI","Z3 Fault reset","OTE(MDC_Fault_Reset_CMD)","10"
RCOMMENT,"P100_Common_program","R103_HMI","Z3 Sequence Reset","OTU(R3060_Z03_Rejection_Conveyor_Station.SeqReset)","12"
RCOMMENT,"P100_Common_program","R104_Alarms","Z1_Alarms","NOP()","0"
RCOMMENT,"P100_Common_program","R104_Alarms","Z2 Alarms","NOP()","61"
RCOMMENT,"P100_Common_program","R104_Alarms","Z3_Alarms","NOP()","161"
RCOMMENT,"P100_Common_program","R106_Tower_Lamp","Z3","NOP()","0"
RCOMMENT,"P100_Common_program","R106_Tower_Lamp","Auto Lamp On Condition","OTE(RIO03_DO[3])","1"
RCOMMENT,"P100_Common_program","R106_Tower_Lamp","Manual Lamp On Condition","OTE(RIO03_DO[2])","2"
RCOMMENT,"P100_Common_program","R106_Tower_Lamp","Fault Lamp On Condition","OTE(RIO03_DO[1])","3"
RCOMMENT,"P100_Common_program","R106_Tower_Lamp","Buzzer On Condition","OTE(RIO03_DO[4])","4"
RCOMMENT,"P100_Common_program","R106_Tower_Lamp","Z2","NOP()","5"
RCOMMENT,"P100_Common_program","R106_Tower_Lamp","Auto Lamp On Condition","OTE(RIO02_DO[3])","6"
RCOMMENT,"P100_Common_program","R106_Tower_Lamp","Manual Lamp On Condition","OTE(RIO02_DO[2])","7"
RCOMMENT,"P100_Common_program","R106_Tower_Lamp","Fault Lamp On Condition","OTE(RIO02_DO[1])","8"
RCOMMENT,"P100_Common_program","R106_Tower_Lamp","Buzzer On Condition","OTE(RIO02_DO[4])","9"
RCOMMENT,"P100_Common_program","R106_Tower_Lamp","Z1","NOP()","10"
RCOMMENT,"P100_Common_program","R106_Tower_Lamp","Auto Lamp On Condition","OTE(RIO01_DO[3])","11"
RCOMMENT,"P100_Common_program","R106_Tower_Lamp","Manual Lamp On Condition","OTE(RIO01_DO[2])","12"
RCOMMENT,"P100_Common_program","R106_Tower_Lamp","Fault Lamp On Condition","OTE(RIO01_DO[1])","13"
RCOMMENT,"P100_Common_program","R106_Tower_Lamp","Buzzer On Condition","OTE(RIO01_DO[4])","14"
RCOMMENT,"P100_Common_program","R107_Recipe","==================================================$NRECIPE SAVE$N==================================================","TON(Recipe_Save_TON,?,?)","0"
RCOMMENT,"P100_Common_program","R107_Recipe","================================================$NRECIPE 1 SAVE$N=================================================","COP(Master_Data_From_Hmi,Recipe_1,1)","2"
RCOMMENT,"P100_Common_program","R107_Recipe","================================================$NRECIPE 2 SAVE$N=================================================","COP(Master_Data_From_Hmi,Recipe_2,1)","3"
RCOMMENT,"P100_Common_program","R107_Recipe","================================================$NRECIPE 3 SAVE$N=================================================","COP(Master_Data_From_Hmi,Recipe_3,1)","4"
RCOMMENT,"P100_Common_program","R107_Recipe","================================================$NRECIPE 4 SAVE$N=================================================","COP(Master_Data_From_Hmi,Recipe_4,1)","5"
RCOMMENT,"P100_Common_program","R107_Recipe","================================================$NRECIPE 5 SAVE$N=================================================","COP(Master_Data_From_Hmi,Recipe_5,1)","6"
RCOMMENT,"P100_Common_program","R107_Recipe","================================================$NRECIPE 6 SAVE$N=================================================","COP(Master_Data_From_Hmi,Recipe_6,1)","7"
RCOMMENT,"P100_Common_program","R107_Recipe","================================================$NRECIPE 7 SAVE$N=================================================","COP(Master_Data_From_Hmi,Recipe_7,1)","8"
RCOMMENT,"P100_Common_program","R107_Recipe","================================================$NRECIPE 8 SAVE$N=================================================","COP(Master_Data_From_Hmi,Recipe_8,1)","9"
RCOMMENT,"P100_Common_program","R107_Recipe","================================================$NRECIPE 9 SAVE$N=================================================","COP(Master_Data_From_Hmi,Recipe_9,1)","10"
RCOMMENT,"P100_Common_program","R107_Recipe","================================================$NRECIPE 10 SAVE$N=================================================","COP(Master_Data_From_Hmi,Recipe_10,1)","11"
RCOMMENT,"P100_Common_program","R107_Recipe","==================================================$NRECIPE LOAD$N==================================================","TON(Recipe_Load_TON,?,?)","12"
RCOMMENT,"P100_Common_program","R107_Recipe","================================================$NRECIPE 1 LOAD$N=================================================","COP(Recipe_1,Recipe_Running,1)","14"
RCOMMENT,"P100_Common_program","R107_Recipe","================================================$NRECIPE 2 LOAD$N=================================================","COP(Recipe_2,Recipe_Running,1)","15"
RCOMMENT,"P100_Common_program","R107_Recipe","================================================$NRECIPE 3 LOAD$N=================================================","COP(Recipe_3,Recipe_Running,1)","16"
RCOMMENT,"P100_Common_program","R107_Recipe","================================================$NRECIPE 4 LOAD$N=================================================","COP(Recipe_4,Recipe_Running,1)","17"
RCOMMENT,"P100_Common_program","R107_Recipe","================================================$NRECIPE 5 LOAD$N=================================================","COP(Recipe_5,Recipe_Running,1)","18"
RCOMMENT,"P100_Common_program","R107_Recipe","================================================$NRECIPE 6 LOAD$N=================================================","COP(Recipe_6,Recipe_Running,1)","19"
RCOMMENT,"P100_Common_program","R107_Recipe","================================================$NRECIPE 7 LOAD$N=================================================","COP(Recipe_7,Recipe_Running,1)","20"
RCOMMENT,"P100_Common_program","R107_Recipe","================================================$NRECIPE 8 LOAD$N=================================================","COP(Recipe_8,Recipe_Running,1)","21"
RCOMMENT,"P100_Common_program","R107_Recipe","================================================$NRECIPE 9 LOAD$N=================================================","COP(Recipe_9,Recipe_Running,1)","22"
RCOMMENT,"P100_Common_program","R107_Recipe","================================================$NRECIPE 10 LOAD$N=================================================","COP(Recipe_10,Recipe_Running,1)","23"
RCOMMENT,"P100_Common_program","R107_Recipe","==================================================$NRECIPE RESTORE$N==================================================","TON(Recipe_Restore_TON,?,?)","24"
RCOMMENT,"P100_Common_program","R107_Recipe","================================================$NRECIPE 1 RESTORE$N=================================================","COP(Recipe_1,Master_Data_From_Hmi,1)","26"
RCOMMENT,"P100_Common_program","R107_Recipe","================================================$NRECIPE 2 RESTORE$N=================================================","COP(Recipe_2,Master_Data_From_Hmi,1)","27"
RCOMMENT,"P100_Common_program","R107_Recipe","================================================$NRECIPE 3 RESTORE$N=================================================","COP(Recipe_3,Master_Data_From_Hmi,1)","28"
RCOMMENT,"P100_Common_program","R107_Recipe","================================================$NRECIPE 4 RESTORE$N=================================================","COP(Recipe_4,Master_Data_From_Hmi,1)","29"
RCOMMENT,"P100_Common_program","R107_Recipe","================================================$NRECIPE 5 RESTORE$N=================================================","COP(Recipe_5,Master_Data_From_Hmi,1)","30"
RCOMMENT,"P100_Common_program","R107_Recipe","================================================$NRECIPE 6 RESTORE$N=================================================","COP(Recipe_6,Master_Data_From_Hmi,1)","31"
RCOMMENT,"P100_Common_program","R107_Recipe","================================================$NRECIPE 7 RESTORE$N=================================================","COP(Recipe_7,Master_Data_From_Hmi,1)","32"
RCOMMENT,"P100_Common_program","R107_Recipe","================================================$NRECIPE 8 RESTORE$N=================================================","COP(Recipe_8,Master_Data_From_Hmi,1)","33"
RCOMMENT,"P100_Common_program","R107_Recipe","================================================$NRECIPE 9 RESTORE$N=================================================","COP(Recipe_9,Master_Data_From_Hmi,1)","34"
RCOMMENT,"P100_Common_program","R107_Recipe","================================================$NRECIPE 10 RESTORE$N=================================================","COP(Recipe_10,Master_Data_From_Hmi,1)","35"
RCOMMENT,"P100_Common_program","R107_Recipe","Recipe Number Move To Recipe Save Number And Recipe Load Number","MOV(HMI_Recipe_Restore_No,HMI_Recipe_Load_No)","36"
RCOMMENT,"P100_Common_program","R110_Production_Data","Weight Data","Record(Bag_Weight_Data,R3011_Z03_Bag_Filling_Cycle.Output[10],Filling_Actual_Weight)","0"
RCOMMENT,"P100_Common_program","R110_Production_Data","Total Bag Production Count","OSR(Z3_ONS.1,Z3_ONS.3)","6"
TYPE,SCOPE,ROUTINE,COMMENT,OWNING_ELEMENT,LOCATION
RCOMMENT,"P2000_Main_Program_Z2","R2010_MainLogic","Sequence Auto Manual$N","OTE(R2010_MainLogic.ManualMode)","0"
RCOMMENT,"P2000_Main_Program_Z2","R2010_MainLogic","Sequence Interlocks","OTE(R2010_MainLogic.Safety_Healthy)","1"
RCOMMENT,"P2000_Main_Program_Z2","R2010_MainLogic","Sequence Hold","OTE(R2010_MainLogic.Hold)","2"
RCOMMENT,"P2000_Main_Program_Z2","R2010_MainLogic","Dryer Conveyor Motor","Drive(Z2_Drive05_DCM01,Z2_System.All_Safety_Healthy,R2010_MainLogic.AutoMode,Z2_System.FaultClear,Z2_Drive05_DCM01.In_Disconnector_FB,Z2_DCM01:I,Z2_DCM01:O,SystemOneSecOnOffBit,Z2_DCM01)","4"
RCOMMENT,"P2000_Main_Program_Z2","R2010_MainLogic","Dryer Outlet Vibratory feeder-1","Drive(Z2_Drive06_DOVF01,Z2_System.All_Safety_Healthy,R2010_MainLogic.AutoMode,Z2_System.FaultClear,Z2_Drive06_DOVF01.In_Disconnector_FB,Z2_DOVF01:I,Z2_DOVF01:O,SystemOneSecOnOffBit,Z2_DOVF01)","8"
RCOMMENT,"P2000_Main_Program_Z2","R2010_MainLogic","Heating Zone Dust Collector","NOP()","11"
RCOMMENT,"P2000_Main_Program_Z2","R2010_MainLogic","COOLING Zone Dust Collector","NOP()","16"
RCOMMENT,"P2000_Main_Program_Z2","R2015_HeatingLogic","Sequence Auto Manual$N","OTE(R2015_HeatingLogic.ManualMode)","0"
RCOMMENT,"P2000_Main_Program_Z2","R2015_HeatingLogic","Sequence Interlocks","OTE(R2015_HeatingLogic.Safety_Healthy)","1"
RCOMMENT,"P2000_Main_Program_Z2","R2015_HeatingLogic","Sequence Hold","OTE(R2015_HeatingLogic.Hold)","2"
RCOMMENT,"P2000_Main_Program_Z2","R2015_HeatingLogic","Burner on fb","OTE(BurnerONFromBurner)","11"
RCOMMENT,"P2000_Main_Program_Z2","R2015_HeatingLogic","Burner MPCB ON","OTE(Burner_Fault_FB)","12"
RCOMMENT,"P2000_Main_Program_Z2","R2015_HeatingLogic","MOTOR ON","OTE(RIO02_DO[30])","13"
RCOMMENT,"P2000_Main_Program_Z2","R2015_HeatingLogic","Burner Enable Cmd","OTE(RIO02_DO[31])","14"
RCOMMENT,"P2000_Main_Program_Z2","R2015_HeatingLogic","Temprature set point for dryer","SUB(HMI_Heating_Zone_Temp_SP,7,HMI_Heating_Zone_Low_Flam_SP)","15"
RCOMMENT,"P2000_Main_Program_Z2","R2015_HeatingLogic","Dryer Heating Zone Inlet Blower","Drive(Z2_Drive01_DHIB01,Z2_System.All_Safety_Healthy,R2015_HeatingLogic.AutoMode,Z2_System.FaultClear,Z2_Drive01_DHIB01.In_Disconnector_FB,Z2_DHIB01:I,Z2_DHIB01:O,SystemOneSecOnOffBit,Z2_DHIB01)","18"
RCOMMENT,"P2000_Main_Program_Z2","R2015_HeatingLogic","Dryer Heating Zone Dust Collector","Drive(Z2_Drive02_DHDC01,Z2_System.All_Safety_Healthy,R2015_HeatingLogic.AutoMode,Z2_System.FaultClear,Z2_Drive02_DHDC01.In_Disconnector_FB,Z2_DHDC01:I,Z2_DHDC01:O,SystemOneSecOnOffBit,Z2_DHDC01)","22"
RCOMMENT,"P2000_Main_Program_Z2","R2020_CoolingLogic","Sequence Auto Manual$N","OTE(R2020_CoolingLogic.ManualMode)","0"
RCOMMENT,"P2000_Main_Program_Z2","R2020_CoolingLogic","Sequence Interlocks","OTE(R2020_CoolingLogic.Safety_Healthy)","1"
RCOMMENT,"P2000_Main_Program_Z2","R2020_CoolingLogic","Sequence Hold","OTE(R2020_CoolingLogic.Hold)","2"
RCOMMENT,"P2000_Main_Program_Z2","R2020_CoolingLogic","Dryer Cooling Zone Inlet Blower","Drive(Z2_Drive03_DCIB01,Z2_System.All_Safety_Healthy,R2020_CoolingLogic.AutoMode,Z2_System.FaultClear,Z2_Drive03_DCIB01.In_Disconnector_FB,Z2_DCIB01:I,Z2_DCIB01:O,SystemOneSecOnOffBit,Z2_DCIB01)","8"
RCOMMENT,"P2000_Main_Program_Z2","R2020_CoolingLogic","Dryer Cooling Zone Dust Collector","Drive(Z2_Drive04_DCDC01,Z2_System.All_Safety_Healthy,R2020_CoolingLogic.AutoMode,Z2_System.FaultClear,Z2_Drive04_DCDC01.In_Disconnector_FB,Z2_DCDC01:I,Z2_DCDC01:O,SystemOneSecOnOffBit,Z2_DCDC01)","11"
RCOMMENT,"P2000_Main_Program_Z2","R2510_Pneumatic_Valves","DO11_Dryer Heating Zone Dust Collector PV01","OTE(RIO02_DO[11])","0"
RCOMMENT,"P2000_Main_Program_Z2","R2510_Pneumatic_Valves","DO12_Dryer Heating Zone Dust Collector PV02","OTE(RIO02_DO[12])","1"
RCOMMENT,"P2000_Main_Program_Z2","R2510_Pneumatic_Valves","DO13_Dryer Heating Zone Dust Collector PV03","OTE(RIO02_DO[13])","2"
RCOMMENT,"P2000_Main_Program_Z2","R2510_Pneumatic_Valves","DO14_Dryer Cooling Zone Dust Collector PV01","OTE(RIO02_DO[14])","3"
RCOMMENT,"P2000_Main_Program_Z2","R2510_Pneumatic_Valves","DO15_Dryer Cooling Zone Dust Collector PV02","OTE(RIO02_DO[15])","4"
RCOMMENT,"P2000_Main_Program_Z2","R2510_Pneumatic_Valves","DO16_Dryer Cooling Zone Dust Collector PV03","OTE(RIO02_DO[16])","5"
TYPE,SCOPE,ROUTINE,COMMENT,OWNING_ELEMENT,LOCATION
RCOMMENT,"P3000_Main_Program_Z3","R104_Z03_SensorDiag","R3010 - Step 70 - DI[35] Sensor Alarm","TON(Z03_Alarm_SensorDigTimer[35],?,?)","0"
RCOMMENT,"P3000_Main_Program_Z3","R104_Z03_SensorDiag","R3010 - Step 30 - DI[36] Sensor Alarm","TON(Z03_Alarm_SensorDigTimer[36],?,?)","1"
RCOMMENT,"P3000_Main_Program_Z3","R104_Z03_SensorDiag","R3010 - Step 70 - DI[37] Sensor Alarm","TON(Z03_Alarm_SensorDigTimer[37],?,?)","2"
RCOMMENT,"P3000_Main_Program_Z3","R104_Z03_SensorDiag","R3010 - Step 30 - DI[38] Sensor Alarm","TON(Z03_Alarm_SensorDigTimer[38],?,?)","3"
RCOMMENT,"P3000_Main_Program_Z3","R104_Z03_SensorDiag","R3010 - Step 40 - DI[39] Sensor Alarm","TON(Z03_Alarm_SensorDigTimer[39],?,?)","4"
RCOMMENT,"P3000_Main_Program_Z3","R104_Z03_SensorDiag","R3010 - Step 90 - DI[40] Sensor Alarm","TON(Z03_Alarm_SensorDigTimer[40],?,?)","5"
RCOMMENT,"P3000_Main_Program_Z3","R104_Z03_SensorDiag","R3010 - Step 40 - DI[41] Sensor Alarm","TON(Z03_Alarm_SensorDigTimer[41],?,?)","6"
RCOMMENT,"P3000_Main_Program_Z3","R104_Z03_SensorDiag","R3010 - Step 90 - DI[42] Sensor Alarm","TON(Z03_Alarm_SensorDigTimer[42],?,?)","7"
RCOMMENT,"P3000_Main_Program_Z3","R104_Z03_SensorDiag","R3010 - Step 60 - DI[43] Sensor Alarm","TON(Z03_Alarm_SensorDigTimer[43],?,?)","8"
RCOMMENT,"P3000_Main_Program_Z3","R104_Z03_SensorDiag","R3010 - Step 50 - DI[44] Sensor Alarm","TON(Z03_Alarm_SensorDigTimer[44],?,?)","9"
RCOMMENT,"P3000_Main_Program_Z3","R104_Z03_SensorDiag","R3010 - Step 80 - DI[45] Sensor Alarm","TON(Z03_Alarm_SensorDigTimer[45],?,?)","10"
RCOMMENT,"P3000_Main_Program_Z3","R104_Z03_SensorDiag","R3010 - Step 120 - DI[46] Sensor Alarm","TON(Z03_Alarm_SensorDigTimer[46],?,?)","11"
RCOMMENT,"P3000_Main_Program_Z3","R104_Z03_SensorDiag","R3010 - Step 20 - DI[47] Sensor Alarm","TON(Z03_Alarm_SensorDigTimer[47],?,?)","12"
RCOMMENT,"P3000_Main_Program_Z3","R104_Z03_SensorDiag","R3010 - Step 170 - DI[49] Sensor Alarm","TON(Z03_Alarm_SensorDigTimer[49],?,?)","13"
RCOMMENT,"P3000_Main_Program_Z3","R104_Z03_SensorDiag","R3030 - Step 20 - DI[57] Sensor Alarm","TON(Z03_Alarm_SensorDigTimer[57],?,?)","14"
RCOMMENT,"P3000_Main_Program_Z3","R104_Z03_SensorDiag","R3030 - Step 20 - DI[58] Sensor Alarm","TON(Z03_Alarm_SensorDigTimer[58],?,?)","15"
RCOMMENT,"P3000_Main_Program_Z3","R104_Z03_SensorDiag","R3020 - Step 0 - DI[59] Sensor Alarm","TON(Z03_Alarm_SensorDigTimer[59],?,?)","16"
RCOMMENT,"P3000_Main_Program_Z3","R104_Z03_SensorDiag","R3020 - Step 10 - DI[60] Sensor Alarm","TON(Z03_Alarm_SensorDigTimer[60],?,?)","17"
RCOMMENT,"P3000_Main_Program_Z3","R104_Z03_SensorDiag","R3040 - Step 20 - DI[65] Sensor Alarm","TON(Z03_Alarm_SensorDigTimer[65],?,?)","18"
RCOMMENT,"P3000_Main_Program_Z3","R104_Z03_SensorDiag","R3030 - Step 30 - DI[66] Sensor Alarm","TON(Z03_Alarm_SensorDigTimer[66],?,?)","19"
RCOMMENT,"P3000_Main_Program_Z3","R104_Z03_SensorDiag","R3050 - Step 20 - DI[67] Sensor Alarm","TON(Z03_Alarm_SensorDigTimer[67],?,?)","20"
RCOMMENT,"P3000_Main_Program_Z3","R104_Z03_SensorDiag","R3060 - Step 30 - DI[71] Sensor Alarm","TON(Z03_Alarm_SensorDigTimer[71],?,?)","21"
RCOMMENT,"P3000_Main_Program_Z3","R104_Z03_SensorDiag","R3060 - Step 60 - DI[73] Sensor Alarm","TON(Z03_Alarm_SensorDigTimer[73],?,?)","22"
RCOMMENT,"P3000_Main_Program_Z3","R104_Z03_SensorDiag","R3060 - Step 30 - DI[74] Sensor Alarm","TON(Z03_Alarm_SensorDigTimer[74],?,?)","23"
RCOMMENT,"P3000_Main_Program_Z3","R104_Z03_SensorDiag","R3060 - Step 70 - DI[76] Sensor Alarm","TON(Z03_Alarm_SensorDigTimer[76],?,?)","24"
RCOMMENT,"P3000_Main_Program_Z3","R104_Z03_SensorDiag","R3060 - Step 20 - DI[77] Sensor Alarm","TON(Z03_Alarm_SensorDigTimer[77],?,?)","25"
RCOMMENT,"P3000_Main_Program_Z3","R3010_Z03_Bag_Filling_Station_Conveyor","Sequence Auto Manual$N","OTE(R3010_Z03_Bag_Filling_Station_Conveyor.ManualMode)","0"
RCOMMENT,"P3000_Main_Program_Z3","R3010_Z03_Bag_Filling_Station_Conveyor","Sequence Interlocks","OTE(R3010_Z03_Bag_Filling_Station_Conveyor.Safety_Healthy)","1"
RCOMMENT,"P3000_Main_Program_Z3","R3010_Z03_Bag_Filling_Station_Conveyor","Sequence Hold","OTE(R3010_Z03_Bag_Filling_Station_Conveyor.Hold)","2"
RCOMMENT,"P3000_Main_Program_Z3","R3010_Z03_Bag_Filling_Station_Conveyor","Auto Sequence Is Active.","MOV(1,R3010_Z03_Bag_Filling_Station_Conveyor.Step)","3"
RCOMMENT,"P3000_Main_Program_Z3","R3010_Z03_Bag_Filling_Station_Conveyor","Waiting For Home","MOV(10,R3010_Z03_Bag_Filling_Station_Conveyor.Step)","4"
RCOMMENT,"P3000_Main_Program_Z3","R3010_Z03_Bag_Filling_Station_Conveyor","Wait For System Start Cmd$N","MOV(20,R3010_Z03_Bag_Filling_Station_Conveyor.Step)","5"
RCOMMENT,"P3000_Main_Program_Z3","R3010_Z03_Bag_Filling_Station_Conveyor","Filling Station Conveyor Dn Cmd, Wait For Down FB$N","MOV(30,R3010_Z03_Bag_Filling_Station_Conveyor.Step)","6"
RCOMMENT,"P3000_Main_Program_Z3","R3010_Z03_Bag_Filling_Station_Conveyor","Filling Station Bag Clamp-1 & 2  UnClamp Cmd . Wait For UnClamp FB$N","MOV(40,R3010_Z03_Bag_Filling_Station_Conveyor.Step)","7"
RCOMMENT,"P3000_Main_Program_Z3","R3010_Z03_Bag_Filling_Station_Conveyor","Filling Station Bag Side Flap-1 & 2 Open Cmd, Wait For Open FB$N","MOV(50,R3010_Z03_Bag_Filling_Station_Conveyor.Step)","8"
RCOMMENT,"P3000_Main_Program_Z3","R3010_Z03_Bag_Filling_Station_Conveyor","Wait for Filling Station Bag Clamp Foot Switch $N","MOV(60,R3010_Z03_Bag_Filling_Station_Conveyor.Step)","9"
RCOMMENT,"P3000_Main_Program_Z3","R3010_Z03_Bag_Filling_Station_Conveyor","Check For Filling Station Bag Present Sensor$N","MOV(70,R3010_Z03_Bag_Filling_Station_Conveyor.Step)","10"
RCOMMENT,"P3000_Main_Program_Z3","R3010_Z03_Bag_Filling_Station_Conveyor","Filling Station Bag Clamp-1 & 2  Open Cmd . Wait For Open FB$N","MOV(80,R3010_Z03_Bag_Filling_Station_Conveyor.Step)","11"
RCOMMENT,"P3000_Main_Program_Z3","R3010_Z03_Bag_Filling_Station_Conveyor","Filling Station Filling Start PB$N","MOV(90,R3010_Z03_Bag_Filling_Station_Conveyor.Step)","12"
RCOMMENT,"P3000_Main_Program_Z3","R3010_Z03_Bag_Filling_Station_Conveyor","Filling Station Bag Side Flap-1 & 2 Close Cmd, Wait For Close FB$N","MOV(120,R3010_Z03_Bag_Filling_Station_Conveyor.Step)","13"
RCOMMENT,"P3000_Main_Program_Z3","R3010_Z03_Bag_Filling_Station_Conveyor","Send  Cycle Start Cmd To DB221_Bag _Filling_Cycle$N","MOV(110,R3010_Z03_Bag_Filling_Station_Conveyor.Step)","14"
RCOMMENT,"P3000_Main_Program_Z3","R3010_Z03_Bag_Filling_Station_Conveyor","Wait Cycle Complete Cmd From DB221_Bag _Filling_Cycle$N","MOV(120,R3010_Z03_Bag_Filling_Station_Conveyor.Step)","15"
RCOMMENT,"P3000_Main_Program_Z3","R3010_Z03_Bag_Filling_Station_Conveyor","Filling Station Conveyor Up Cmd, Wait For Up FB$N","MOV(130,R3010_Z03_Bag_Filling_Station_Conveyor.Step)","16"
RCOMMENT,"P3000_Main_Program_Z3","R3010_Z03_Bag_Filling_Station_Conveyor","Filling Station Bag Side Flap-1 & 2 Open Cmd, Wait For Open FB$N","MOV(140,R3010_Z03_Bag_Filling_Station_Conveyor.Step)","17"
RCOMMENT,"P3000_Main_Program_Z3","R3010_Z03_Bag_Filling_Station_Conveyor","Filling Station Bag Clamp-1 & 2  Close Cmd . Wait For Close FB$N","MOV(150,R3010_Z03_Bag_Filling_Station_Conveyor.Step)","18"
RCOMMENT,"P3000_Main_Program_Z3","R3010_Z03_Bag_Filling_Station_Conveyor","Filling Station Conveyor Dn Cmd, Wait For Down FB$N","MOV(160,R3010_Z03_Bag_Filling_Station_Conveyor.Step)","19"
RCOMMENT,"P3000_Main_Program_Z3","R3010_Z03_Bag_Filling_Station_Conveyor","Bag _Filling_Station_Conveyor Start For Some Delay$N","MOV(161,R3010_Z03_Bag_Filling_Station_Conveyor.Step)","20"
RCOMMENT,"P3000_Main_Program_Z3","R3010_Z03_Bag_Filling_Station_Conveyor","Bag _Filling_Station_Conveyor Start For Some Delay$N","MOV(170,R3010_Z03_Bag_Filling_Station_Conveyor.Step)","21"
RCOMMENT,"P3000_Main_Program_Z3","R3010_Z03_Bag_Filling_Station_Conveyor","Bag _Filling_Station_Conveyor Start For Some Delay$N","MOV(180,R3010_Z03_Bag_Filling_Station_Conveyor.Step)","22"
RCOMMENT,"P3000_Main_Program_Z3","R3010_Z03_Bag_Filling_Station_Conveyor","Cycle Complete$N","OTU(R3010_Z03_Bag_Filling_Station_Conveyor.Test_Mode_On)","23"
RCOMMENT,"P3000_Main_Program_Z3","R3010_Z03_Bag_Filling_Station_Conveyor","Z3_PV02_Filling_Station_Bag_Clamp_Unclamp_Cyl$N","(Z3_PV02_Filling_StnBag_Clamp_Unclamp_Cyl,Z3_System.All_Safety_Healthy,1,R3010_Z03_Bag_Filling_Station_Conveyor.AutoMode,Z3_PV02_Filling_StnBag_Clamp_Unclamp_Cyl.In_Pos01_RS,Z3_PV02_Filling_StnBag_Clamp_Unclamp_Cyl.In_Pos02_RS,RIO03_DO[19],RIO03_DO[20])","27"
RCOMMENT,"P3000_Main_Program_Z3","R3010_Z03_Bag_Filling_Station_Conveyor","Z3_PV03_Filling_Station_Bag_Side_Flap_Open_Close_Cyl$N","(Z3_PV03_Filling_Side_Flap_Open_Close_Cyl,Z3_System.All_Safety_Healthy,1,R3010_Z03_Bag_Filling_Station_Conveyor.AutoMode,Z3_PV03_Filling_Side_Flap_Open_Close_Cyl.In_Pos01_RS,Z3_PV03_Filling_Side_Flap_Open_Close_Cyl.In_Pos02_RS,RIO03_DO[21],RIO03_DO[22])","32"
RCOMMENT,"P3000_Main_Program_Z3","R3010_Z03_Bag_Filling_Station_Conveyor","Z3_PV04_Filling_Station_Conveyor_Up_Down_Cyl$N","(Z3_PV04_Filling_Stn_Conveyor_Up_Down_Cyl,Z3_System.All_Safety_Healthy,1,R3010_Z03_Bag_Filling_Station_Conveyor.AutoMode,RIO03_DI[46],RIO03_DI[47],RIO03_DO[23],RIO03_DO[24])","37"
RCOMMENT,"P3000_Main_Program_Z3","R3011_Z03_Bag_Filling_Cycle","Sequence Auto Manual$N","OTE(R3011_Z03_Bag_Filling_Cycle.ManualMode)","0"
RCOMMENT,"P3000_Main_Program_Z3","R3011_Z03_Bag_Filling_Cycle","Sequence Interlocks","OTE(R3011_Z03_Bag_Filling_Cycle.Safety_Healthy)","1"
RCOMMENT,"P3000_Main_Program_Z3","R3011_Z03_Bag_Filling_Cycle","Sequence Hold","OTE(R3011_Z03_Bag_Filling_Cycle.Hold)","2"
RCOMMENT,"P3000_Main_Program_Z3","R3011_Z03_Bag_Filling_Cycle","Auto Sequence Is Active.","MOV(1,R3011_Z03_Bag_Filling_Cycle.Step)","3"
RCOMMENT,"P3000_Main_Program_Z3","R3011_Z03_Bag_Filling_Cycle","Waiting For Home$N","MOV(10,R3011_Z03_Bag_Filling_Cycle.Step)","4"
RCOMMENT,"P3000_Main_Program_Z3","R3011_Z03_Bag_Filling_Cycle","Wait For System Start Cmd$N","MOV(20,R3011_Z03_Bag_Filling_Cycle.Step)","5"
RCOMMENT,"P3000_Main_Program_Z3","R3011_Z03_Bag_Filling_Cycle","Wait Cycle Start Cmd From DB220_Bag _Filling_Station_Conveyor$N","MOV(30,R3011_Z03_Bag_Filling_Cycle.Step)","6"
RCOMMENT,"P3000_Main_Program_Z3","R3011_Z03_Bag_Filling_Cycle"," Hopper Weighing Indicator Zero Cmd$N","MOV(40,R3011_Z03_Bag_Filling_Cycle.Step)","7"
RCOMMENT,"P3000_Main_Program_Z3","R3011_Z03_Bag_Filling_Cycle","Coarse Feeding Start With Speed Ref 1$N","MOV(50,R3011_Z03_Bag_Filling_Cycle.Step)","8"
RCOMMENT,"P3000_Main_Program_Z3","R3011_Z03_Bag_Filling_Cycle","Fine Feeding Start With Speed Ref 2 $N","MOV(60,R3011_Z03_Bag_Filling_Cycle.Step)","9"
RCOMMENT,"P3000_Main_Program_Z3","R3011_Z03_Bag_Filling_Cycle","Super Fine Feeding Start With Speed Ref 3$N","MOV(70,R3011_Z03_Bag_Filling_Cycle.Step)","10"
RCOMMENT,"P3000_Main_Program_Z3","R3011_Z03_Bag_Filling_Cycle","Super Fine Feeding Start With Speed Ref 4$N","MOV(70,R3011_Z03_Bag_Filling_Cycle.Step)","11"
RCOMMENT,"P3000_Main_Program_Z3","R3011_Z03_Bag_Filling_Cycle","Feeding Completed$N","MOV(61,R3011_Z03_Bag_Filling_Cycle.Step)","12"
RCOMMENT,"P3000_Main_Program_Z3","R3011_Z03_Bag_Filling_Cycle","Send  Cycle Complete Cmd To DB220_Bag _Filling_Station_Conveyor$N","MOV(90,R3011_Z03_Bag_Filling_Cycle.Step)","13"
RCOMMENT,"P3000_Main_Program_Z3","R3011_Z03_Bag_Filling_Cycle","Cycle Complete$N","MOV(0,R3011_Z03_Bag_Filling_Cycle.Step)","14"
RCOMMENT,"P3000_Main_Program_Z3","R3020_Z03_Bag_Sealing_And_Stitching_Stn","Sequence Auto Manual$N","OTE(R3020_Z03_Bag_Sealing_And_Stitching_Stn.ManualMode)","0"
RCOMMENT,"P3000_Main_Program_Z3","R3020_Z03_Bag_Sealing_And_Stitching_Stn","Sequence Interlocks","OTE(R3020_Z03_Bag_Sealing_And_Stitching_Stn.Safety_Healthy)","1"
RCOMMENT,"P3000_Main_Program_Z3","R3020_Z03_Bag_Sealing_And_Stitching_Stn","Sequence Hold","OTE(R3020_Z03_Bag_Sealing_And_Stitching_Stn.Hold)","2"
RCOMMENT,"P3000_Main_Program_Z3","R3020_Z03_Bag_Sealing_And_Stitching_Stn","Sealing & Stitching Conveyor VFD Mapping","Drive(Z3_Drive05_BSSC01,Z3_System.All_Safety_Healthy,Z3_Drive05_BSSC01.In_AutoMode,Z3_System.FaultClear,Z3_Drive05_BSSC01.In_Disconnector_FB,Z3_BSSC01:I,Z3_BSSC01:O,SystemOneSecOnOffBit,Z3_BSSC01)","3"
RCOMMENT,"P3000_Main_Program_Z3","R3020_Z03_Bag_Sealing_And_Stitching_Stn","Auto Conveyor Speed While Sealing","MOV(HMI_Auto_Sealing_Conveyor_Speed,Z3_Drive05_BSSC01.HMI_Auto_Drive_Speed_in_Hz)","4"
RCOMMENT,"P3000_Main_Program_Z3","R3020_Z03_Bag_Sealing_And_Stitching_Stn","Auto Conveyor Speed While Stitching","MOV(HMI_Auto_Stitching_Conveyor_Speed,Z3_Drive05_BSSC01.HMI_Auto_Drive_Speed_in_Hz)","5"
RCOMMENT,"P3000_Main_Program_Z3","R3020_Z03_Bag_Sealing_And_Stitching_Stn","Z3_PV05_Stitching_Station_Thread_Cutter_Fwd_Rev_Cyl$N","(Z3_PV05_Stitching_Stn_Cutter_Fwd_Rev_Cyl,Z3_System.All_Safety_Healthy,1,R3020_Z03_Bag_Sealing_And_Stitching_Stn.AutoMode,RIO03_DI[59],RIO03_DI[60],RIO03_DO[25],RIO03_DO[26])","14"
RCOMMENT,"P3000_Main_Program_Z3","R3030_Z03_Bag_Tilting_Station_Conveyor","Sequence Auto Manual$N","OTE(R3030_Z03_Bag_Tilting_Station_Conveyor.ManualMode)","0"
RCOMMENT,"P3000_Main_Program_Z3","R3030_Z03_Bag_Tilting_Station_Conveyor","Sequence Interlocks","OTE(R3030_Z03_Bag_Tilting_Station_Conveyor.Safety_Healthy)","1"
RCOMMENT,"P3000_Main_Program_Z3","R3030_Z03_Bag_Tilting_Station_Conveyor","Sequence Hold","OTE(R3030_Z03_Bag_Tilting_Station_Conveyor.Hold)","2"
RCOMMENT,"P3000_Main_Program_Z3","R3030_Z03_Bag_Tilting_Station_Conveyor","Auto Sequence Is Active.","MOV(1,R3030_Z03_Bag_Tilting_Station_Conveyor.Step)","3"
RCOMMENT,"P3000_Main_Program_Z3","R3030_Z03_Bag_Tilting_Station_Conveyor","Waiting For Home$N","MOV(10,R3030_Z03_Bag_Tilting_Station_Conveyor.Step)","4"
RCOMMENT,"P3000_Main_Program_Z3","R3030_Z03_Bag_Tilting_Station_Conveyor","Wait For System Start Cmd$N","MOV(20,R3030_Z03_Bag_Tilting_Station_Conveyor.Step)","5"
RCOMMENT,"P3000_Main_Program_Z3","R3030_Z03_Bag_Tilting_Station_Conveyor","Check For Bag present on Entry Sensor on Bag Tilting Conveyor$N","MOV(30,R3030_Z03_Bag_Tilting_Station_Conveyor.Step)","6"
RCOMMENT,"P3000_Main_Program_Z3","R3030_Z03_Bag_Tilting_Station_Conveyor","Start Bag Tilting Vfd Cmd Untill  Bag present Exit Sensor off Bag TiltingConveyor$N","MOV(40,R3030_Z03_Bag_Tilting_Station_Conveyor.Step)","7"
RCOMMENT,"P3000_Main_Program_Z3","R3030_Z03_Bag_Tilting_Station_Conveyor","Cycle Complete$N","OTU(R3030_Z03_Bag_Tilting_Station_Conveyor.Test_Mode_On)","8"
RCOMMENT,"P3000_Main_Program_Z3","R3040_Z03_Bag_Flatening_Station_Conveyor","Sequence Auto Manual$N","OTE(R3040_Z03_Bag_Flatening_Station_Conveyor.ManualMode)","0"
RCOMMENT,"P3000_Main_Program_Z3","R3040_Z03_Bag_Flatening_Station_Conveyor","Sequence Interlocks","OTE(R3040_Z03_Bag_Flatening_Station_Conveyor.Safety_Healthy)","1"
RCOMMENT,"P3000_Main_Program_Z3","R3040_Z03_Bag_Flatening_Station_Conveyor","Sequence Hold","OTE(R3040_Z03_Bag_Flatening_Station_Conveyor.Hold)","2"
RCOMMENT,"P3000_Main_Program_Z3","R3040_Z03_Bag_Flatening_Station_Conveyor","Auto Sequence Is Active.","MOV(1,R3040_Z03_Bag_Flatening_Station_Conveyor.Step)","3"
RCOMMENT,"P3000_Main_Program_Z3","R3040_Z03_Bag_Flatening_Station_Conveyor","Waiting For Home$N","MOV(10,R3040_Z03_Bag_Flatening_Station_Conveyor.Step)","4"
RCOMMENT,"P3000_Main_Program_Z3","R3040_Z03_Bag_Flatening_Station_Conveyor","Wait For System Start Cmd$N","MOV(20,R3040_Z03_Bag_Flatening_Station_Conveyor.Step)","5"
RCOMMENT,"P3000_Main_Program_Z3","R3040_Z03_Bag_Flatening_Station_Conveyor","Check For Bag present on Entry Sensor on Bag Flatenning Conveyor$N","MOV(30,R3040_Z03_Bag_Flatening_Station_Conveyor.Step)","6"
RCOMMENT,"P3000_Main_Program_Z3","R3040_Z03_Bag_Flatening_Station_Conveyor","Start Top And bottom Flattening Vfd Cmd Untill  Bag present Exit Sensor off Bag Flatenning Conveyor$N","MOV(40,R3040_Z03_Bag_Flatening_Station_Conveyor.Step)","7"
RCOMMENT,"P3000_Main_Program_Z3","R3040_Z03_Bag_Flatening_Station_Conveyor","Cycle Complete$N","OTU(R3040_Z03_Bag_Flatening_Station_Conveyor.Test_Mode_On)","8"
RCOMMENT,"P3000_Main_Program_Z3","R3050_Z03_Metal_Detector_Conveyor_Stn","Sequence Auto Manual$N","OTE(R3050_Z03_Metal_Detector_Conveyor_Stn.ManualMode)","0"
RCOMMENT,"P3000_Main_Program_Z3","R3050_Z03_Metal_Detector_Conveyor_Stn","Sequence Interlocks","OTE(R3050_Z03_Metal_Detector_Conveyor_Stn.Safety_Healthy)","1"
RCOMMENT,"P3000_Main_Program_Z3","R3050_Z03_Metal_Detector_Conveyor_Stn","Sequence Hold","OTE(R3050_Z03_Metal_Detector_Conveyor_Stn.Hold)","2"
RCOMMENT,"P3000_Main_Program_Z3","R3050_Z03_Metal_Detector_Conveyor_Stn","Auto Sequence Is Active.","MOV(1,R3050_Z03_Metal_Detector_Conveyor_Stn.Step)","3"
RCOMMENT,"P3000_Main_Program_Z3","R3050_Z03_Metal_Detector_Conveyor_Stn","Waiting For Home$N","MOV(10,R3050_Z03_Metal_Detector_Conveyor_Stn.Step)","4"
RCOMMENT,"P3000_Main_Program_Z3","R3050_Z03_Metal_Detector_Conveyor_Stn","Wait For System Start Cmd$N","MOV(20,R3050_Z03_Metal_Detector_Conveyor_Stn.Step)","5"
RCOMMENT,"P3000_Main_Program_Z3","R3050_Z03_Metal_Detector_Conveyor_Stn","Check For  Bag Present On Metal Detector Station Bag Entry Sensor $N","MOV(30,R3050_Z03_Metal_Detector_Conveyor_Stn.Step)","6"
RCOMMENT,"P3000_Main_Program_Z3","R3050_Z03_Metal_Detector_Conveyor_Stn","Check For Bag Exit Sensor off Metal_Detector_Conveyor_Station$N","MOV(40,R3050_Z03_Metal_Detector_Conveyor_Stn.Step)","7"
RCOMMENT,"P3000_Main_Program_Z3","R3050_Z03_Metal_Detector_Conveyor_Stn","Cycle Complete$N","OTU(R3050_Z03_Metal_Detector_Conveyor_Stn.Test_Mode_On)","8"
RCOMMENT,"P3000_Main_Program_Z3","R3060_Z03_Rejection_Conveyor_Station","Sequence Auto Manual$N","OTE(R3060_Z03_Rejection_Conveyor_Station.ManualMode)","0"
RCOMMENT,"P3000_Main_Program_Z3","R3060_Z03_Rejection_Conveyor_Station","Sequence Interlocks","OTE(R3060_Z03_Rejection_Conveyor_Station.Safety_Healthy)","1"
RCOMMENT,"P3000_Main_Program_Z3","R3060_Z03_Rejection_Conveyor_Station","Sequence Hold","OTE(R3060_Z03_Rejection_Conveyor_Station.Hold)","2"
RCOMMENT,"P3000_Main_Program_Z3","R3060_Z03_Rejection_Conveyor_Station","Auto Sequence Is Active.","MOV(1,R3060_Z03_Rejection_Conveyor_Station.Step)","3"
RCOMMENT,"P3000_Main_Program_Z3","R3060_Z03_Rejection_Conveyor_Station","Waiting For Home$N","MOV(10,R3060_Z03_Rejection_Conveyor_Station.Step)","4"
RCOMMENT,"P3000_Main_Program_Z3","R3060_Z03_Rejection_Conveyor_Station","Wait For System Start Cmd$N","MOV(20,R3060_Z03_Rejection_Conveyor_Station.Step)","5"
RCOMMENT,"P3000_Main_Program_Z3","R3060_Z03_Rejection_Conveyor_Station","Rejection Station Pusher Cyl Reverse Cmd, Wait For Reverse Fb$N","MOV(30,R3060_Z03_Rejection_Conveyor_Station.Step)","6"
RCOMMENT,"P3000_Main_Program_Z3","R3060_Z03_Rejection_Conveyor_Station","Check For Bag present on Entry Sensor on Bag _Rejection_Conveyor$N","MOV(40,R3060_Z03_Rejection_Conveyor_Station.Step)","7"
RCOMMENT,"P3000_Main_Program_Z3","R3060_Z03_Rejection_Conveyor_Station"," Bag _Rejection_Conveyor Start$N","MOV(50,R3060_Z03_Rejection_Conveyor_Station.Step)","8"
RCOMMENT,"P3000_Main_Program_Z3","R3060_Z03_Rejection_Conveyor_Station","Check Bag Rejection Status(If Rejected)$N","MOV(90,R3060_Z03_Rejection_Conveyor_Station.Step)","9"
RCOMMENT,"P3000_Main_Program_Z3","R3060_Z03_Rejection_Conveyor_Station","Check For Rejection Station Bag Present Sensor $N","MOV(70,R3060_Z03_Rejection_Conveyor_Station.Step)","10"
RCOMMENT,"P3000_Main_Program_Z3","R3060_Z03_Rejection_Conveyor_Station","Rejection Station Pusher Cyl Forward Cmd, Wait For Forward Fb$N","MOV(80,R3060_Z03_Rejection_Conveyor_Station.Step)","11"
RCOMMENT,"P3000_Main_Program_Z3","R3060_Z03_Rejection_Conveyor_Station","Rejection Station Pusher Cyl Reverse Cmd, Wait For Reverse Fb$N","MOV(100,R3060_Z03_Rejection_Conveyor_Station.Step)","12"
RCOMMENT,"P3000_Main_Program_Z3","R3060_Z03_Rejection_Conveyor_Station","Check For Bag Exit Sensor off Bag _Rejection_Conveyor$N","MOV(100,R3060_Z03_Rejection_Conveyor_Station.Step)","13"
RCOMMENT,"P3000_Main_Program_Z3","R3060_Z03_Rejection_Conveyor_Station","Cycle Complete$N","OTU(R3060_Z03_Rejection_Conveyor_Station.Test_Mode_On)","14"
RCOMMENT,"P3000_Main_Program_Z3","R3060_Z03_Rejection_Conveyor_Station","Z3_PV06_Rejection_Station_Pusher_Fwd_Rev_Cyl$N","(Z3_PV06_Rejection_Stn_Pusher_Fwd_Rev_Cyl,Z3_System.All_Safety_Healthy,1,R3060_Z03_Rejection_Conveyor_Station.AutoMode,RIO03_DI[76],RIO03_DI[77],RIO03_DO[27],RIO03_DO[28])","15"
RCOMMENT,"P3000_Main_Program_Z3","R3501_Pneumatic_Valve","Z3_PV01_Diverter_Flap_Fwd_Rev_Cyl$N","(Z3_PV01_Diverter_Flap_Fwd_Rev_Cyl,Z3_System.All_Safety_Healthy,1,Z3_System.AutoMode,RIO03_DI[33],RIO03_DI[34],RIO03_DO[17],RIO03_DO[18])","0"
RCOMMENT,"P3000_Main_Program_Z3","R3503_Sensor_Monitoring"," Bag Tilting Entry Sensor","Monitoring(FB_Sensor_DI57,RIO03_DI[57],FB_Sensor_DI57.HMI_Alarm_Reset)","0"
RCOMMENT,"P3000_Main_Program_Z3","R3503_Sensor_Monitoring","Bag Tilting Exit Sensor","Monitoring(FB_Sensor_DI65,RIO03_DI[65],FB_Sensor_DI65.HMI_Alarm_Reset)","3"
RCOMMENT,"P3000_Main_Program_Z3","R3503_Sensor_Monitoring"," Bag Flatening Entry Sensor","Monitoring(FB_Sensor_DI66,RIO03_DI[66],FB_Sensor_DI66.HMI_Alarm_Reset)","6"
RCOMMENT,"P3000_Main_Program_Z3","R3503_Sensor_Monitoring"," Bag Flatening Exit Sensor","Monitoring(FB_Sensor_DI67,RIO03_DI[67],FB_Sensor_DI67.HMI_Alarm_Reset)","9"
RCOMMENT,"P3000_Main_Program_Z3","R3503_Sensor_Monitoring"," Bag Metal Detection Station Exit Sensor","Monitoring(FB_Sensor_DI71,RIO03_DI[71],FB_Sensor_DI71.HMI_Alarm_Reset)","12"
RCOMMENT,"P3000_Main_Program_Z3","R3503_Sensor_Monitoring"," Bag Rejection Station Entry Sensor","Monitoring(FB_Sensor_DI74,RIO03_DI[74],FB_Sensor_DI74.HMI_Alarm_Reset)","15"
RCOMMENT,"P3000_Main_Program_Z3","R3503_Sensor_Monitoring"," Bag Rejection Station Exit Sensor","Monitoring(FB_Sensor_DI75,RIO03_DI[75],FB_Sensor_DI75.HMI_Alarm_Reset)","18"
RCOMMENT,"P3000_Main_Program_Z3","R3503_Sensor_Monitoring","Sealing Station Bag Entry Sensor","Monitoring(FB_Sensor_DI49,RIO03_DI[49],FB_Sensor_DI49.HMI_Alarm_Reset)","21"
RCOMMENT,"P3000_Main_Program_Z3","R3503_Sensor_Monitoring","Sealing Station Bag Exit Sensor","Monitoring(FB_Sensor_DI50,RIO03_DI[50],FB_Sensor_DI50.HMI_Alarm_Reset)","24"
RCOMMENT,"P3000_Main_Program_Z3","R3503_Sensor_Monitoring","Stitching Station Bag Exit Sensor","Monitoring(FB_Sensor_DI58,RIO03_DI[58],FB_Sensor_DI58.HMI_Alarm_Reset)","27"
RCOMMENT,"P3000_Main_Program_Z3","R3503_Sensor_Monitoring","Filling Station Bag Present Sensor","Monitoring(FB_Sensor_DI43,RIO03_DI[43],FB_Sensor_DI43.HMI_Alarm_Reset)","30"
TYPE,SCOPE,ROUTINE,COMMENT,OWNING_ELEMENT,LOCATION
RCOMMENT,"SafetyProgram","R10_INPUT_MAPPING","//////////////////////////////////////////////////////////////////////////////$NZ3_RIO03 Safety Input Card 01$N///////////////////////////////////////////////////////////////////////////////","OTE(RIO03_SDI[8])","0"
RCOMMENT,"SafetyProgram","R10_INPUT_MAPPING","//////////////////////////////////////////////////////////////////////////////$NZ2_RIO02 Safety Input Card 01$N///////////////////////////////////////////////////////////////////////////////","OTE(RIO02_SDI[8])","1"
RCOMMENT,"SafetyProgram","R10_INPUT_MAPPING","//////////////////////////////////////////////////////////////////////////////$NZ2_RIO02 Safety Input Card 02$N$N///////////////////////////////////////////////////////////////////////////////","OTE(RIO02_SDI[16])","2"
RCOMMENT,"SafetyProgram","R10_INPUT_MAPPING","//////////////////////////////////////////////////////////////////////////////$NZ1_RIO01 Safety Input Card 01$N///////////////////////////////////////////////////////////////////////////////","OTE(RIO01_SDI[8])","3"
RCOMMENT,"SafetyProgram","R20_OUTPUT_MAPPING","//////////////////////////////////////////////////////////////////////////////$NRIO01 Safety Output Card 01$N///////////////////////////////////////////////////////////////////////////////","OTE(RIO03_Z3:2:O.Pt07Data)","0"
RCOMMENT,"SafetyProgram","R20_OUTPUT_MAPPING","//////////////////////////////////////////////////////////////////////////////$NRIO02 Safety Output Card 01$N///////////////////////////////////////////////////////////////////////////////","OTE(RIO02_Z2:3:O.Pt07Data)","1"
RCOMMENT,"SafetyProgram","R20_OUTPUT_MAPPING","//////////////////////////////////////////////////////////////////////////////$NRIO01 Safety Output Card 01$N///////////////////////////////////////////////////////////////////////////////","OTE(RIO01_Z1:2:O.Pt07Data)","2"
RCOMMENT,"SafetyProgram","R30_SAFETY_LOGIC","Z3_SDI1_Bag_Filling_Area_E_Stop","ESTOP(Z3_SDI1_Bag_Filling_Area_E_Stop,MANUAL,RIO03_SDI[1],RIO03_SDI[2],Z3_Safety_Reset,Z3_Safety_Reset)","0"
RCOMMENT,"SafetyProgram","R30_SAFETY_LOGIC","Z3_SDI2_Bag_Rejection_Area_E_Stop","ESTOP(Z3_SDI2_Bag_Rejection_Area_E_Stop,MANUAL,RIO03_SDI[3],RIO03_SDI[4],Z3_Safety_Reset,Z3_Safety_Reset)","1"
RCOMMENT,"SafetyProgram","R30_SAFETY_LOGIC","Z3_SDI3_HMI_E_Stop","ESTOP(Z3_SDI3_HMI_E_Stop,MANUAL,RIO03_SDI[5],RIO03_SDI[6],Z3_Safety_Reset,Z3_Safety_Reset)","2"
RCOMMENT,"SafetyProgram","R30_SAFETY_LOGIC","Z2","NOP()","5"
RCOMMENT,"SafetyProgram","R30_SAFETY_LOGIC","Z2_SDI1_Dryer Infeed-1 E-Stop ","ESTOP(Z2_SDI1_Dryer_Infeed1_EStop,MANUAL,RIO02_SDI[1],RIO02_SDI[2],Z2_Safety_Reset,Z2_Safety_Reset)","6"
RCOMMENT,"SafetyProgram","R30_SAFETY_LOGIC","Z2_SDI2_Dryer Outfeed-1 E-Stop ","ESTOP(Z2_SDI2_Dryer_Outfeed_1_E_Stop,MANUAL,RIO02_SDI[3],RIO02_SDI[4],Z2_Safety_Reset,Z2_Safety_Reset)","7"
RCOMMENT,"SafetyProgram","R30_SAFETY_LOGIC","Z2_SDI3_Dryer Infeed-2 E-Stop ","ESTOP(Z2_SDI3_Dryer_Infeed2_EStop,MANUAL,RIO02_SDI[5],RIO02_SDI[6],Z2_Safety_Reset,Z2_Safety_Reset)","8"
RCOMMENT,"SafetyProgram","R30_SAFETY_LOGIC","Z2_SDI4_Dryer Outfeed-2 E-Stop ","ESTOP(Z2_SDI4_Dryer_Outfeed_2_E_Stop,MANUAL,RIO02_SDI[7],RIO02_SDI[8],Z2_Safety_Reset,Z2_Safety_Reset)","9"
RCOMMENT,"SafetyProgram","R30_SAFETY_LOGIC","Z2_SDI5_Dryer HMI E-Stop 1/1","ESTOP(Z2_SDI5_Dryer_HMI_E_Stop,MANUAL,RIO02_SDI[9],RIO02_SDI[10],Z2_Safety_Reset,Z2_Safety_Reset)","10"
RCOMMENT,"SafetyProgram","R30_SAFETY_LOGIC","Z2_SDI6_Dryer Burner E-Stop 1/1","ESTOP(Z2_SDI6_Dryer_Burner_E_Stop,MANUAL,RIO02_SDI[11],RIO02_SDI[12],Z2_Safety_Reset,Z2_Safety_Reset)","11"
RCOMMENT,"SafetyProgram","R30_SAFETY_LOGIC","Z2_SDI7_Dryer Burner E-Stop 1/1","ESTOP(Z2_SDI7_Dryer_Burner_E_Stop,MANUAL,RIO02_SDI[13],RIO02_SDI[14],Z2_Safety_Reset,Z2_Safety_Reset)","12"
RCOMMENT,"SafetyProgram","R30_SAFETY_LOGIC","Z1","NOP()","15"
RCOMMENT,"SafetyProgram","R30_SAFETY_LOGIC","Z1_SDI1_Chopper HMI E-Stop ","ESTOP(Z1_SDI1_Chopper_HMI_E_Stop,MANUAL,RIO01_SDI[1],RIO01_SDI[2],Z1_Safety_Reset,Z1_Safety_Reset)","16"
RCOMMENT,"SafetyProgram","R30_SAFETY_LOGIC","Z1_Chopper Door Switch E-Stop ","ESTOP(Z1_SDI2_Chopper_Door_Switch_E_Stop,MANUAL,RIO01_SDI[7],RIO01_SDI[8],Z1_Safety_Reset,Z1_Safety_Reset)","17"
TYPE,SCOPE,ROUTINE,COMMENT,OWNING_ELEMENT,LOCATION
RCOMMENT,"DLR_AOI:AOI","Logic","On first scan, latch on the Do_Once bit","OTL(Do_Once)","0"
RCOMMENT,"DLR_AOI:AOI","Logic","Initialisation rung: called on first scan or if is_setup is not true$NThe init bit is used to detect whether initialisation has been complgted by the following rung$N$Ninitialise sequence by setting Step =1$NDefine strings used for constructing path to active supervisor$NSet timer preset to 0.5 second - this is the interval for polling individual objects$NFinal step defines the number of steps in the AOI. To add steps, increase this value$NSet path defined in configuration as the default path so that AOI has recovery mechanism","MOV(5000000,Msg_Get_Sgl.UnconnectedTimeout)","1"
RCOMMENT,"DLR_AOI:AOI","Logic","Rung to analyse default path and strip the IP address$NThis is used to construct the path to the active supervisor later in the program","OTU(Do_Once)","2"
RCOMMENT,"DLR_AOI:AOI","Logic","Lock State machine if AOI is not enabled","CLR(Step)","3"
RCOMMENT,"DLR_AOI:AOI","Logic","Free-running step timer","TON(Timer,?,?)","4"
RCOMMENT,"DLR_AOI:AOI","Logic","Step 1 - Poll a node for a supervisor address$NIf IP address of supervisor is 0 then go to error step","MOV(110,Step)","5"
RCOMMENT,"DLR_AOI:AOI","Logic","Step 3$NConstruct path out to the ethernet network and propogate to all message instructions used in code$N","MOV(4,Step)","6"
RCOMMENT,"DLR_AOI:AOI","Logic","Step 4$NRead Supervisor Information abot DLR$NIf IP address of supervisor is 0 then go to error step","MOV(110,Step)","7"
RCOMMENT,"DLR_AOI:AOI","Logic","Step 6$N$NRead ring participants list from active supervisor$N(Class 71, Instance 1, Attribute 9)$NCopy result array and convert to user-readable strings","MOV(7,Step)","10"
RCOMMENT,"DLR_AOI:AOI","Logic","New Step 7$NVerify that network had no fault then we got a participant list.","MOV(9,Step)","11"
RCOMMENT,"DLR_AOI:AOI","Logic","Update Participants list$NFor Node 0 we will be using supervisor addresses","MOV(10,Step)","12"
RCOMMENT,"DLR_AOI:AOI","Logic","Fill the empry nodes with Zeros","RES(Timer)","13"
RCOMMENT,"DLR_AOI:AOI","Logic","Prepare to scan individual nodes","MOV(13,Step)","14"
RCOMMENT,"DLR_AOI:AOI","Logic","Verify if DLR node has IP address - IP address for some devices is optional","MOV(17,Step)","15"
RCOMMENT,"DLR_AOI:AOI","Logic","Read Device identity","RES(Timer)","16"
RCOMMENT,"DLR_AOI:AOI","Logic","Repeat for other nodes","MOV(20,Step)","17"
RCOMMENT,"DLR_AOI:AOI","Logic","Starting polling all nodes for DLR information","MOV(22,Step)","18"
RCOMMENT,"DLR_AOI:AOI","Logic","Poll a node if IP address is not 0","MOV(27,Step)","19"
RCOMMENT,"DLR_AOI:AOI","Logic","Poll DLR object","RES(Timer)","20"
RCOMMENT,"DLR_AOI:AOI","Logic","Repeat for other nodes","MOV(20,Step)","21"
RCOMMENT,"DLR_AOI:AOI","Logic","Takeover order soring","MOV(Final_Step,Step)","22"
RCOMMENT,"DLR_AOI:AOI","Logic","Intermediate step to slow down messaging","ADD(Step,1,Step)","30"
RCOMMENT,"DLR_AOI:AOI","Logic","Final step$NIntroduce a delay before re-starting sequencer: return to initial step if sequence is complete and timer is done","MOV(1,Step)","34"
RCOMMENT,"DLR_AOI:AOI","Logic","Get All Message$NTriggered by Message_Triggers$NIf Done, unset message triggers bit to allow step to continue with copy$NIf an error is detected, on first error, reset the sequencer$NIf the error still exists then go to error step","OTU(Message_Triggers.20)","35"
RCOMMENT,"DLR_AOI:AOI","Logic","Get Single Message$NTriggered by Message_Triggers bits$NIf Done, unset message triggers bit to allow step to continue with copy$NIf an error is detected, on the first error restart the sequencer$NIf the error still exists then go to error step","OTU(Message_Triggers.2)","36"
RCOMMENT,"DLR_AOI:AOI","Logic","Set Single Message$NConfigured to reset Ring Fault Counter:$NSets Class = 71, Instance = 1, Attribute = 5","OTU(Parameters.Set_ClearFaultCount)","37"
RCOMMENT,"DLR_AOI:AOI","Logic","Clear Rapid Faults.  $NConfigured for Get and Clear Service (4C)$NClass 71, Instance 1, Attribute 0","OTU(Parameters.Set_ClearRapidFaults)","39"
RCOMMENT,"DLR_AOI:AOI","Logic","Step 100 and 101$NBoth triggered by messaging errors$NIndicate to HMI by setting correct bit$NOn operator input, clear error, reset path to default and restart sequencer","OTL(Do_Once)","41"
RCOMMENT,"DLR_AOI:AOI","Logic","Step 110$NToo many nodes","MOV(1,Step)","42"
RCOMMENT,"DLR_AOI:AOI","Logic","Set error bit if any one of the messages goes to error mode$N","OTE(Parameters.Val_AOI_Error)","43"
RCOMMENT,"DLR_AOI:AOI","Logic","Capture Animation and Instance selections in order to check for change at start of scan","MOV(Parameters.Set_FaceplateAnimation,OldAnimation)","44"
RCOMMENT,"DLR_AOI:AOI","Logic","The following rung provide automated way to rebuild participants list after ring recovered from the break $N$NState 0 - wait until ring is $QNormal$Q","MOV(1,RebuildState)","49"
RCOMMENT,"DLR_AOI:AOI","Logic","State 1  - wait for Ring fault or supervisor has no IP address listed","MOV(2,RebuildState)","50"
RCOMMENT,"DLR_AOI:AOI","Logic","Sate 2 -  wait for network to become $QNormal$Q again$N$NThen start Rebuild timer","MOV(3,RebuildState)","51"
RCOMMENT,"DLR_AOI:AOI","Logic","State 3 - Once timer is gonee verify:$NIf no nodes without IP address then we done$NIf node without IP found, then try to rebuld list to see if node comes with IP address: $N- message tigger is set$N- Timer restarted$NAfter 5 attempts we stopped attemts to get Ip address until next network failure - assumes that node does not have IP address  (like ETAP) ","MOV(1,RebuildState)","52"
RCOMMENT,"DLR_AOI:AOI","Logic","Timer between rebuild attempts","TON(Rebuild_List_Timer,?,?)","53"
RCOMMENT,"DLR_AOI:AOI","Logic","Rebuild message triggeter from sequience above or request from HMI Faceplate","MSG(Msg_Rst_SignOn)","54"
RCOMMENT,"DLR_AOI:AOI","Logic","Direct node select from Home screen","JMP(loopdirectend)","68"
TYPE,SCOPE,ROUTINE,COMMENT,OWNING_ELEMENT,LOCATION
RCOMMENT,"DLR_Icon:AOI","Logic","Prepare Unknown Adapter","MOV(99,Temp_Icon)","0"
RCOMMENT,"DLR_Icon:AOI","Logic","If no vendor, then no icon","JMP(end)","1"
RCOMMENT,"DLR_Icon:AOI","Logic","Trim on first $QSpace$Q","CLR(Char_found)","3"
RCOMMENT,"DLR_Icon:AOI","Logic","Trim on first $Q/$Q","CLR(Char_found)","5"
RCOMMENT,"DLR_Icon:AOI","Logic","Trim on second Dash $Q-$Q","CLR(Char_found)","7"
RCOMMENT,"DLR_Icon:AOI","Logic","Detect Stratix BMS, HMS, ZMS ","JMP(end)","10"
RCOMMENT,"DLR_Icon:AOI","Logic","Detect ETAP and NATR","JMP(end)","11"
RCOMMENT,"DLR_Icon:AOI","Logic","Detect all ControlLogix","JMP(end)","12"
RCOMMENT,"DLR_Icon:AOI","Logic","Detect SLC adapter","JMP(end)","13"
RCOMMENT,"DLR_Icon:AOI","Logic","Detect 1769-Ly","JMP(end)","14"
RCOMMENT,"DLR_Icon:AOI","Logic","Detect 1769-AENTR","JMP(end)","15"
RCOMMENT,"DLR_Icon:AOI","Logic","Detect Point Adapter","JMP(end)","16"
RCOMMENT,"DLR_Icon:AOI","Logic","Detect ArmorPoint","JMP(end)","17"
RCOMMENT,"DLR_Icon:AOI","Logic","Detect all 1732ER","JMP(end)","18"
RCOMMENT,"DLR_Icon:AOI","Logic","Detect 1794 AENTR","JMP(end)","19"
RCOMMENT,"DLR_Icon:AOI","Logic","Compact 5069","JMP(end)","20"
RCOMMENT,"DLR_Icon:AOI","Logic","K6500$N","JMP(end)","21"
RCOMMENT,"DLR_Icon:AOI","Logic","K5500","JMP(end)","22"
RCOMMENT,"DLR_Icon:AOI","Logic","PF 755","JMP(end)","23"
RCOMMENT,"DLR_Icon:AOI","Logic","PF 525","JMP(end)","24"
RCOMMENT,"DLR_Icon:AOI","Logic","E300 Overload","JMP(end)","25"
RCOMMENT,"DLR_Icon:AOI","Logic","193-DNENCATR","JMP(end)","26"
RCOMMENT,"DLR_Icon:AOI","Logic","1799ER board","JMP(end)","27"
RCOMMENT,"DLR_Icon:AOI","Logic","Panelview$N","JMP(end)","28"
RCOMMENT,"DLR_Icon:AOI","Logic","1715-AENTR","JMP(end)","29"
RCOMMENT,"DLR_Icon:AOI","Logic","Dynamix 1444$N","JMP(end)","30"
RCOMMENT,"DLR_Icon:AOI","Logic","1788-EN2DNR","JMP(end)","31"
RCOMMENT,"DLR_Icon:AOI","Logic","1788-EN2DNROM","JMP(end)","32"
RCOMMENT,"DLR_Icon:AOI","Logic","1788-EN2FFR, 1788-EN2PAR,$N1788-CN2FFR, 1788-CN2PAR$N","JMP(end)","33"
RCOMMENT,"DLR_Icon:AOI","Logic","56RF-IN-IPSxxx","JMP(end)","34"
RCOMMENT,"DLR_Icon:AOI","Logic","If catalog number was not identified at this point, then we will put a generic icon","MOV(98,Temp_Icon)","35"
TYPE,SCOPE,ROUTINE,COMMENT,OWNING_ELEMENT,LOCATION
RCOMMENT,"DLR_IP_MAC_Addr_to_String:AOI","Logic","Clear existing output","JMP(ip_end)","0"
RCOMMENT,"DLR_IP_MAC_Addr_to_String:AOI","Logic"," Transfer input to elements of a DINT array$NTransfers octets from one DINT to four DINTs$NConvert each DINT to a STRING","ADD(IP_Str.LEN,1,IP_Str.LEN)","1"
TYPE,SCOPE,ROUTINE,COMMENT,OWNING_ELEMENT,LOCATION
RCOMMENT,"FB01_Powerflex525_Drive:AOI","Logic","///////////////////// Drive Auto Mode  ///////////////////////////////////","OTE(Drive_AutomaticMode)","0"
RCOMMENT,"FB01_Powerflex525_Drive:AOI","Logic","///////////////////// Drive Manual Mode  ///////////////////////////////////","OTE(Drive_ManualMode)","1"
RCOMMENT,"FB01_Powerflex525_Drive:AOI","Logic","///////////////////// Drive Healthy///////////////////////////////////","OTE(Drive_Healthy)","2"
RCOMMENT,"FB01_Powerflex525_Drive:AOI","Logic","///////////////////// Drive Fault Reset CMD  ///////////////////////////////////","OTE(Drive_Out_Data.ClearFaults)","3"
RCOMMENT,"FB01_Powerflex525_Drive:AOI","Logic","///////////////////// Drive Auto Set Speed  ///////////////////////////////////","MUL(HMI_Auto_Drive_Speed_in_Hz,100,Drive_Out_Data.FreqCommand)","4"
RCOMMENT,"FB01_Powerflex525_Drive:AOI","Logic","///////////////////// Drive Manual Set Speed  ///////////////////////////////////","MUL(HMI_Manual_Drive_Speed_in_Hz,100,Drive_Out_Data.FreqCommand)","5"
RCOMMENT,"FB01_Powerflex525_Drive:AOI","Logic","///////////////////// Drive Actual Set Speed  ///////////////////////////////////","DIV(Drive_Out_Data.FreqCommand,100,Out_Set_Frequency)","6"
RCOMMENT,"FB01_Powerflex525_Drive:AOI","Logic","///////////////////// Drive Actual Running Speed  ///////////////////////////////////","DIV(Drive_In_Data.OutputFreq,100,Out_Running_Frequency)","7"
RCOMMENT,"FB01_Powerflex525_Drive:AOI","Logic","///////////////////// Drive Fwd Direction Cmd  ///////////////////////////////////","OTE(Drive_Out_Data.Forward)","8"
RCOMMENT,"FB01_Powerflex525_Drive:AOI","Logic","///////////////////// Drive Rev Direction Cmd  ///////////////////////////////////","OTE(Drive_Out_Data.Reverse)","9"
RCOMMENT,"FB01_Powerflex525_Drive:AOI","Logic","///////////////////// Drive Start Cmd  ///////////////////////////////////","OTE(Drive_Out_Data.Start)","11"
RCOMMENT,"FB01_Powerflex525_Drive:AOI","Logic","///////////////////// Drive Stop Cmd  ///////////////////////////////////","OTE(Drive_Out_Data.Stop)","12"
RCOMMENT,"FB01_Powerflex525_Drive:AOI","Logic","///////////////////// Drive FWD Running FB  ///////////////////////////////////","OTE(Out_FWD_Running_FB)","13"
RCOMMENT,"FB01_Powerflex525_Drive:AOI","Logic","///////////////////// Drive REV Running FB  ///////////////////////////////////","OTE(Out_REV_Running_FB)","14"
RCOMMENT,"FB01_Powerflex525_Drive:AOI","Logic","///////////////////// Drive Overload Alarm  ///////////////////////////////////","MOV(1,Alarm_Status)","15"
RCOMMENT,"FB01_Powerflex525_Drive:AOI","Logic","///////////////////// Drive Not Ready / fault Alarm  ///////////////////////////////////","MOV(2,Alarm_Status)","16"
RCOMMENT,"FB01_Powerflex525_Drive:AOI","Logic","///////////////////// Drive Communication Fail Alarm  ///////////////////////////////////","OTE(Communication_Break_Fault_Reset)","18"
RCOMMENT,"FB01_Powerflex525_Drive:AOI","Logic","///////////////////// Drive Field Motor Supply Disconnected Alarm  ///////////////////////////////////","MOV(4,Alarm_Status)","19"
RCOMMENT,"FB01_Powerflex525_Drive:AOI","Logic","///////////////////// Drive Manual Speed Alarm  ///////////////////////////////////","OTE(Alarm_ManualSpeed_Zero)","20"
RCOMMENT,"FB01_Powerflex525_Drive:AOI","Logic","///////////////////// Drive Auto Speed Alarm  ///////////////////////////////////","OTE(Alarm_AutoSpeed_Zero)","21"
RCOMMENT,"FB01_Powerflex525_Drive:AOI","Logic","///////////////////// Drive No Alarm  ///////////////////////////////////","MOV(0,Alarm_Status)","23"
RCOMMENT,"FB01_Powerflex525_Drive:AOI","Logic","///////////////////// Drive Status For Fault  ///////////////////////////////////","MOV(0,Out_Drive_Status)","24"
RCOMMENT,"FB01_Powerflex525_Drive:AOI","Logic","///////////////////// Drive Status For Manual Stop Mode  ///////////////////////////////////","MOV(1,Out_Drive_Status)","25"
RCOMMENT,"FB01_Powerflex525_Drive:AOI","Logic","///////////////////// Drive Status For Manual Running Mode  ///////////////////////////////////","MOV(2,Out_Drive_Status)","26"
RCOMMENT,"FB01_Powerflex525_Drive:AOI","Logic","///////////////////// Drive Status For Auto Stop Mode  ///////////////////////////////////","MOV(3,Out_Drive_Status)","27"
RCOMMENT,"FB01_Powerflex525_Drive:AOI","Logic","///////////////////// Drive Status For Auto Running Mode  ///////////////////////////////////","MOV(4,Out_Drive_Status)","28"
RCOMMENT,"FB01_Powerflex525_Drive:AOI","Logic","/////////////////// Drive RunHours Start CMD ///////////////////////","OSR(OneSecondPulseOSRSB,OneSecondPulseOSR)","29"
RCOMMENT,"FB01_Powerflex525_Drive:AOI","Logic","/////////////////// Drive RunHours Calculation ///////////////////////","MOV(0,RH_Hr)","30"
RCOMMENT,"FB01_Powerflex525_Drive:AOI","Logic","/////////////////// Drive RunHours Reset CMD ///////////////////////","MOV(0,RH_Day)","31"
TYPE,SCOPE,ROUTINE,COMMENT,OWNING_ELEMENT,LOCATION
RCOMMENT,"FB02_Motor_With_Contactor:AOI","Logic","///////////////////// Auto Mode  ///////////////////////////////////","OTE(AutomaticMode)","0"
RCOMMENT,"FB02_Motor_With_Contactor:AOI","Logic","///////////////////// Manual Mode  ///////////////////////////////////","OTE(ManualMode)","1"
RCOMMENT,"FB02_Motor_With_Contactor:AOI","Logic","///////////////////// Motor Healthy///////////////////////////////////","OTE(Motor_Healthy)","2"
RCOMMENT,"FB02_Motor_With_Contactor:AOI","Logic","///////////////////// Motor FWD Start CMD ///////////////////////////////////","OTE(Out_Motor_Fwd_On)","3"
RCOMMENT,"FB02_Motor_With_Contactor:AOI","Logic","///////////////////// Motor FWD REV CMD ///////////////////////////////////","OTE(Out_Motor_Rev_On)","4"
RCOMMENT,"FB02_Motor_With_Contactor:AOI","Logic","///////////////////// Motor MPCB Trip Alarm  ///////////////////////////////////","OTE(E1_MPCB_Tripped)","7"
RCOMMENT,"FB02_Motor_With_Contactor:AOI","Logic","///////////////////// Motor Supply Disconnected Alarm  ///////////////////////////////////","OTE(E2_Motor_Disconnector_Off)","8"
RCOMMENT,"FB02_Motor_With_Contactor:AOI","Logic","///////////////////// Motor RH Warning Alarm  ///////////////////////////////////","OTE(E3_Run_time_Hours_Warning)","9"
RCOMMENT,"FB02_Motor_With_Contactor:AOI","Logic","///////////////////// Motor RH Complete Alarm  ///////////////////////////////////","OTE(E4_Run_Time_Hours_Completed)","11"
RCOMMENT,"FB02_Motor_With_Contactor:AOI","Logic","///////////////////// Motor Contactor Fault Alarm  ///////////////////////////////////","OTE(Alarm_Motor_Contactor_Fault)","12"
RCOMMENT,"FB02_Motor_With_Contactor:AOI","Logic","///////////////////// Motor Status For Fault  ///////////////////////////////////","MOV(0,Out_Motor_Status)","13"
RCOMMENT,"FB02_Motor_With_Contactor:AOI","Logic","///////////////////// Motor Status For Manual Stop Mode  ///////////////////////////////////","MOV(1,Out_Motor_Status)","14"
RCOMMENT,"FB02_Motor_With_Contactor:AOI","Logic","///////////////////// Motor Status For Manual Running Mode  ///////////////////////////////////","MOV(2,Out_Motor_Status)","15"
RCOMMENT,"FB02_Motor_With_Contactor:AOI","Logic","///////////////////// Motor Status For Auto Stop Mode  ///////////////////////////////////","MOV(3,Out_Motor_Status)","16"
RCOMMENT,"FB02_Motor_With_Contactor:AOI","Logic","///////////////////// Motor Status For Auto Running Mode  ///////////////////////////////////","MOV(4,Out_Motor_Status)","17"
RCOMMENT,"FB02_Motor_With_Contactor:AOI","Logic","/////////////////// Motor RunHours Start CMD ///////////////////////","OSR(OneSecondPulseOSRSB,OneSecondPulseOSR)","18"
RCOMMENT,"FB02_Motor_With_Contactor:AOI","Logic","/////////////////// Motor RunHours Calculation ///////////////////////","MOV(0,RH_Hr)","19"
RCOMMENT,"FB02_Motor_With_Contactor:AOI","Logic","/////////////////// Motor RunHours Reset CMD ///////////////////////","MOV(0,RH_Day)","20"
TYPE,SCOPE,ROUTINE,COMMENT,OWNING_ELEMENT,LOCATION
RCOMMENT,"FB03_Pneumatic_Valve_5_2:AOI","Logic","/////////////////////  Auto Mode  ///////////////////////////////////","OTE(AutomaticMode)","0"
RCOMMENT,"FB03_Pneumatic_Valve_5_2:AOI","Logic","///////////////////// Manual Mode  ///////////////////////////////////","OTE(ManualMode)","1"
RCOMMENT,"FB03_Pneumatic_Valve_5_2:AOI","Logic","///////////////////// Pos01 CMD  ///////////////////////////////////","OTE(ValvePos01CMD)","2"
RCOMMENT,"FB03_Pneumatic_Valve_5_2:AOI","Logic","///////////////////// Pos02 CMD  ///////////////////////////////////","OTE(ValvePos02CMD)","3"
RCOMMENT,"FB03_Pneumatic_Valve_5_2:AOI","Logic","///////////////////// Manual CMD Unlatch ///////////////////////////////////","OTU(HMI_Pos02CMD)","4"
RCOMMENT,"FB03_Pneumatic_Valve_5_2:AOI","Logic","///////////////////// Alarm Timer Set Value  ///////////////////////////////////","MUL(HMI_Alarm_Timer_SV,1000,WatchDogTimer_4.PRE)","5"
RCOMMENT,"FB03_Pneumatic_Valve_5_2:AOI","Logic","///////////////////// Alarm POS01 POS02 RS Clash  ///////////////////////////////////","OTE(E1_Pos01_Pos02_Clash)","6"
RCOMMENT,"FB03_Pneumatic_Valve_5_2:AOI","Logic","///////////////////// Alarm POS01 POS02 RS Absent ///////////////////////////////////","OTE(E2_Pos01_Pos02_PositionError)","7"
RCOMMENT,"FB03_Pneumatic_Valve_5_2:AOI","Logic","///////////////////// Alarm POS01 RS Absent ///////////////////////////////////","OTE(E3_Pos01_RS_Absent)","8"
RCOMMENT,"FB03_Pneumatic_Valve_5_2:AOI","Logic","///////////////////// Alarm POS02 RS Absent ///////////////////////////////////","OTE(E4_Pos02_RS_Absent)","9"
RCOMMENT,"FB03_Pneumatic_Valve_5_2:AOI","Logic","///////////////////// Alarm Run Count Warning///////////////////////////////////","OTE(E5_Run_Count_Warning)","10"
RCOMMENT,"FB03_Pneumatic_Valve_5_2:AOI","Logic","///////////////////// Alarm Run Count Completed ///////////////////////////////////","OTE(E6_Run_Counts_Completed)","12"
RCOMMENT,"FB03_Pneumatic_Valve_5_2:AOI","Logic","///////////////////// Out Run Count ///////////////////////////////////","ADD(Out_Run_Counts,1,Out_Run_Counts)","13"
RCOMMENT,"FB03_Pneumatic_Valve_5_2:AOI","Logic","///////////////////// Run Count Reset ///////////////////////////////////","MOV(0,Out_Run_Counts)","14"
RCOMMENT,"FB03_Pneumatic_Valve_5_2:AOI","Logic","///////////////////// Position FB ///////////////////////////////////","OTE(Pos02PositionFB)","15"
RCOMMENT,"FB03_Pneumatic_Valve_5_2:AOI","Logic","///////////////////// Position FB ///////////////////////////////////","OTE(Alarm_Present)","16"
RCOMMENT,"FB03_Pneumatic_Valve_5_2:AOI","Logic","///////////////////// Device_Status ///////////////////////////////////","MOV(4,Out_Device_Status)","17"
TYPE,SCOPE,ROUTINE,COMMENT,OWNING_ELEMENT,LOCATION
RCOMMENT,"FB04_Pneumatic_Valve_3_2:AOI","Logic","/////////////////////  Auto Mode  ///////////////////////////////////","OTE(AutomaticMode)","0"
RCOMMENT,"FB04_Pneumatic_Valve_3_2:AOI","Logic","///////////////////// Manual Mode  ///////////////////////////////////","OTE(ManualMode)","1"
RCOMMENT,"FB04_Pneumatic_Valve_3_2:AOI","Logic","///////////////////// Pos01 CMD  ///////////////////////////////////","OTE(ValvePos01CMD)","2"
RCOMMENT,"FB04_Pneumatic_Valve_3_2:AOI","Logic","///////////////////// Alarm POS01 POS02 RS Clash  ///////////////////////////////////","OTE(Alarm_Pos01_Pos02_Clash)","4"
RCOMMENT,"FB04_Pneumatic_Valve_3_2:AOI","Logic","///////////////////// Alarm POS01 POS02 RS Absent ///////////////////////////////////","OTE(Alarm_Pos01_Pos02_PositionError)","5"
RCOMMENT,"FB04_Pneumatic_Valve_3_2:AOI","Logic","///////////////////// Alarm POS01 RS Absent ///////////////////////////////////","OTE(Alarm_Pos01_RS_Absent)","6"
RCOMMENT,"FB04_Pneumatic_Valve_3_2:AOI","Logic","///////////////////// Alarm POS02 RS Absent ///////////////////////////////////","OTE(Alarm_Pos02_RS_Absent)","7"
RCOMMENT,"FB04_Pneumatic_Valve_3_2:AOI","Logic","///////////////////// Alarm Run Count Completed ///////////////////////////////////","OTE(Alarm_Run_Counts_Completed)","8"
RCOMMENT,"FB04_Pneumatic_Valve_3_2:AOI","Logic","///////////////////// Out Run Count ///////////////////////////////////","ADD(Out_Run_Counts,1,Out_Run_Counts)","9"
RCOMMENT,"FB04_Pneumatic_Valve_3_2:AOI","Logic","///////////////////// Run Count Reset ///////////////////////////////////","MOV(0,Out_Run_Counts)","10"
RCOMMENT,"FB04_Pneumatic_Valve_3_2:AOI","Logic","///////////////////// Position FB ///////////////////////////////////","OTE(Pos02PositionFB)","11"
TYPE,SCOPE,ROUTINE,COMMENT,OWNING_ELEMENT,LOCATION
RCOMMENT,"FB05_Drive_On_Hardwire:AOI","Logic","///////////////////// Auto Mode  ///////////////////////////////////","OTE(AutomaticMode)","0"
RCOMMENT,"FB05_Drive_On_Hardwire:AOI","Logic","///////////////////// Manual Mode  ///////////////////////////////////","OTE(ManualMode)","1"
RCOMMENT,"FB05_Drive_On_Hardwire:AOI","Logic","///////////////////// Motor Healthy///////////////////////////////////","OTE(Drive_Healthy)","2"
RCOMMENT,"FB05_Drive_On_Hardwire:AOI","Logic","///////////////////// Motor FWD Start CMD ///////////////////////////////////","OTE(Out_Drive_Fwd_On)","3"
RCOMMENT,"FB05_Drive_On_Hardwire:AOI","Logic","///////////////////// Motor FWD REV CMD ///////////////////////////////////","OTE(Out_Drive_Rev_On)","4"
RCOMMENT,"FB05_Drive_On_Hardwire:AOI","Logic","///////////////////// Motor MPCB Trip Alarm  ///////////////////////////////////","OTE(E1_MPCB_Tripped)","7"
RCOMMENT,"FB05_Drive_On_Hardwire:AOI","Logic","///////////////////// Motor Supply Disconnected Alarm  ///////////////////////////////////","OTE(E2_Motor_Disconnector_Off)","8"
RCOMMENT,"FB05_Drive_On_Hardwire:AOI","Logic","///////////////////// Motor RH Warning Alarm  ///////////////////////////////////","OTE(E3_Run_time_Hours_Warning)","9"
RCOMMENT,"FB05_Drive_On_Hardwire:AOI","Logic","///////////////////// Motor RH Complete Alarm  ///////////////////////////////////","OTE(E4_Run_Time_Hours_Completed)","11"
RCOMMENT,"FB05_Drive_On_Hardwire:AOI","Logic","///////////////////// Motor Contactor Fault Alarm  ///////////////////////////////////","OTE(Alarm_Motor_Contactor_Fault)","12"
RCOMMENT,"FB05_Drive_On_Hardwire:AOI","Logic","///////////////////// Motor Status For Fault  ///////////////////////////////////","MOV(0,Out_Motor_Status)","13"
RCOMMENT,"FB05_Drive_On_Hardwire:AOI","Logic","///////////////////// Motor Status For Manual Stop Mode  ///////////////////////////////////","MOV(1,Out_Motor_Status)","14"
RCOMMENT,"FB05_Drive_On_Hardwire:AOI","Logic","///////////////////// Motor Status For Manual Running Mode  ///////////////////////////////////","MOV(2,Out_Motor_Status)","15"
RCOMMENT,"FB05_Drive_On_Hardwire:AOI","Logic","///////////////////// Motor Status For Auto Stop Mode  ///////////////////////////////////","MOV(3,Out_Motor_Status)","16"
RCOMMENT,"FB05_Drive_On_Hardwire:AOI","Logic","///////////////////// Motor Status For Auto Running Mode  ///////////////////////////////////","MOV(4,Out_Motor_Status)","17"
RCOMMENT,"FB05_Drive_On_Hardwire:AOI","Logic","/////////////////// Motor RunHours Start CMD ///////////////////////","OSR(OneSecondPulseOSRSB,OneSecondPulseOSR)","18"
RCOMMENT,"FB05_Drive_On_Hardwire:AOI","Logic","/////////////////// Motor RunHours Calculation ///////////////////////","MOV(0,RH_Hr)","19"
RCOMMENT,"FB05_Drive_On_Hardwire:AOI","Logic","/////////////////// Motor RunHours Reset CMD ///////////////////////","MOV(0,RH_Day)","20"
TYPE,SCOPE,ROUTINE,COMMENT,OWNING_ELEMENT,LOCATION
RCOMMENT,"FB08_Machine:AOI","Logic","///////////////////////////////////////////////////////////////////////$N$N///////////////////////////////////////////////////////////////////////","OTL(Safety_Reset_Latch)","1"
RCOMMENT,"FB08_Machine:AOI","Logic","///////////////////////////////////////////////////////////////////////$N$N///////////////////////////////////////////////////////////////////////","OTL(System_Reset_Latch)","2"
RCOMMENT,"FB08_Machine:AOI","Logic","///////////////////////////////////////////////////////////////////////$N$N///////////////////////////////////////////////////////////////////////","OTL(Auto_Mode_Selected)","3"
RCOMMENT,"FB08_Machine:AOI","Logic","///////////////////////////////////////////////////////////////////////$N$N///////////////////////////////////////////////////////////////////////","OTE(Out_Auto_Mode_Selected)","4"
RCOMMENT,"FB08_Machine:AOI","Logic","///////////////////////////////////////////////////////////////////////$N$N///////////////////////////////////////////////////////////////////////","OTE(Out_Manual_Mode_Selected)","5"
RCOMMENT,"FB08_Machine:AOI","Logic","///////////////////////////////////////////////////////////////////////$N$N///////////////////////////////////////////////////////////////////////","OTE(Out_Auto_Started)","6"
RCOMMENT,"FB08_Machine:AOI","Logic","///////////////////////////////////////////////////////////////////////$N$N///////////////////////////////////////////////////////////////////////","OTE(Out_System_Start_Lamp)","7"
RCOMMENT,"FB08_Machine:AOI","Logic","///////////////////////////////////////////////////////////////////////$N$N///////////////////////////////////////////////////////////////////////","OTE(Out_Safety_Reset_Lamp)","8"
RCOMMENT,"FB08_Machine:AOI","Logic","///////////////////////////////////////////////////////////////////////$N$N///////////////////////////////////////////////////////////////////////","OTE(Out_System_Reset_Lamp)","9"
RCOMMENT,"FB08_Machine:AOI","Logic","///////////////////////////////////////////////////////////////////////$N$N///////////////////////////////////////////////////////////////////////","OTE(Out_System_Healthy)","10"
